
> isaac-vazquez-portfolio@0.1.0 test:e2e
> playwright test --reporter=line --workers=3

[WebServer] (node:26466) Warning: The 'NO_COLOR' env is ignored due to the 'FORCE_COLOR' env being set.
[WebServer] (Use `node --trace-warnings ...` to show where the warning was created)


Running 1400 tests using 3 workers

(node:26499) Warning: The 'NO_COLOR' env is ignored due to the 'FORCE_COLOR' env being set.
(Use `node --trace-warnings ...` to show where the warning was created)


(node:26500) Warning: The 'NO_COLOR' env is ignored due to the 'FORCE_COLOR' env being set.
(Use `node --trace-warnings ...` to show where the warning was created)


(node:26498) Warning: The 'NO_COLOR' env is ignored due to the 'FORCE_COLOR' env being set.
(Use `node --trace-warnings ...` to show where the warning was created)


[1/1400] [chromium] › e2e/accessibility.spec.ts:4:7 › Accessibility › should have proper heading hierarchy on homepage
[2/1400] [chromium] › e2e/accessibility.spec.ts:13:7 › Accessibility › should support keyboard navigation
[3/1400] [chromium] › e2e/accessibility.spec.ts:29:7 › Accessibility › should have alt text on images
[4/1400] [chromium] › e2e/accessibility.spec.ts:46:7 › Accessibility › should have proper ARIA labels on interactive elements
[5/1400] [chromium] › e2e/accessibility.spec.ts:63:7 › Accessibility › should have sufficient color contrast
[6/1400] [chromium] › e2e/catalog97-canvas.spec.ts:14:7 › Catalog 97 layouts canvas › loads every same-origin route preview inside its frame
[7/1400] [chromium] › e2e/fantasy-football.spec.ts:153:7 › Fantasy football rankings › publishes every position in PPR, Half PPR, and Standard
[8/1400] [chromium] › e2e/fantasy-football.spec.ts:192:7 › Fantasy football rankings › loads the canonical rankings board and supports PPR position switching
[9/1400] [chromium] › e2e/fantasy-football.spec.ts:213:7 › Fantasy football rankings › supports deep-linked position and scoring params
[10/1400] [chromium] › e2e/fantasy-football.spec.ts:222:7 › Fantasy football rankings › keeps normal scoring-position boards available across formats, including K and DST
[11/1400] [chromium] › e2e/fantasy-football.spec.ts:246:7 › Fantasy football rankings › repeated switching uses stable static data without rate-limit failures
[12/1400] [chromium] › e2e/fantasy-football.spec.ts:267:7 › Fantasy football rankings › keeps the board controls sticky on every viewport
[13/1400] [chromium] › e2e/fantasy-football.spec.ts:281:7 › Fantasy football rankings › searches the board and clears it from the empty state
[14/1400] [chromium] › e2e/fantasy-football.spec.ts:317:7 › Fantasy football rankings › queues a player from the drawer and keeps it after a reload
[15/1400] [chromium] › e2e/fantasy-football.spec.ts:341:7 › Fantasy football rankings › shows prior-season points per game in the drawer, with its season and sample
[16/1400] [chromium] › e2e/fantasy-football.spec.ts:369:7 › Fantasy football rankings › persists a private note from the drawer
[17/1400] [chromium] › e2e/fantasy-football.spec.ts:388:7 › Fantasy football rankings › renders without horizontal overflow at 360px
[18/1400] [chromium] › e2e/fantasy-football.spec.ts:400:7 › Fantasy football rankings › supports the fantasy rankings in dark mode
[19/1400] [chromium] › e2e/fantasy-football.spec.ts:421:7 › Fantasy football draft tracker › loads the correct board for every scoring format
[20/1400] [chromium] › e2e/fantasy-football.spec.ts:478:7 › Fantasy football draft tracker › loads, records picks, and persists after reload
[21/1400] [chromium] › e2e/fantasy-football.spec.ts:516:7 › Fantasy football draft tracker › applies a saved preset without changing the parked room
[22/1400] [chromium] › e2e/fantasy-football.spec.ts:563:7 › Fantasy football best ball › publishes all six ranking presets
[23/1400] [chromium] › e2e/fantasy-football.spec.ts:594:7 › Fantasy football best ball › opens setup for all six tracker presets
[24/1400] [chromium] › e2e/fantasy-football.spec.ts:620:7 › Fantasy football best ball › persists a BBM room and undo/redo state after reload
[25/1400] [chromium] › e2e/fantasy-football.spec.ts:675:7 › Fantasy football best ball › keeps later tracker contests reachable without page overflow at 360px
[26/1400] [chromium] › e2e/fantasy-football.spec.ts:716:7 › Fantasy redirects › /fantasy-football/rb-tiers redirects to the canonical board
[27/1400] [chromium] › e2e/fantasy-football.spec.ts:722:7 › Fantasy redirects › /fantasy-football/tiers/qb redirects to the canonical board
[28/1400] [chromium] › e2e/fantasy-football.spec.ts:728:7 › Fantasy redirects › /qb shortcut redirects to the canonical board
[29/1400] [chromium] › e2e/fantasy-football.spec.ts:736:7 › server-rendered rankings › ships the first page of the board in the HTML for clients that do not run JavaScript
[30/1400] [chromium] › e2e/fantasy-football.spec.ts:755:7 › server-rendered fantasy tools › ships the trade calculator's heading and structured data in the HTML
[31/1400] [chromium] › e2e/fantasy-football.spec.ts:762:7 › server-rendered fantasy tools › ships the weekly board's first rows in the HTML
[32/1400] [chromium] › e2e/fantasy-trade-calculator.spec.ts:58:7 › Fantasy football trade calculator › keeps the task readable and operable on a narrow screen
[33/1400] [chromium] › e2e/fantasy-trade-calculator.spec.ts:23:7 › Fantasy football trade calculator › builds, saves, and isolates a keyboard-entered trade by scoring format
[34/1400] [chromium] › e2e/footer-cta.spec.ts:4:7 › Footer CTA cleanup › uses the Catalog 97 footer after the homepage closing statement
[35/1400] [chromium] › e2e/footer-cta.spec.ts:17:7 › Footer CTA cleanup › uses the Catalog 97 footer on the contact page
[36/1400] [chromium] › e2e/footer-cta.spec.ts:30:7 › Footer CTA cleanup › keeps the portfolio CTA separate from the Catalog 97 footer
[37/1400] [chromium] › e2e/footer-cta.spec.ts:41:7 › Footer CTA cleanup › uses the Catalog 97 footer on writing detail pages
[38/1400] [chromium] › e2e/homepage.spec.ts:16:7 › Homepage › should load successfully
[39/1400] [chromium] › e2e/homepage.spec.ts:21:7 › Homepage › should display hero section
[40/1400] [chromium] › e2e/homepage.spec.ts:33:7 › Homepage › should have functional desktop navigation
[41/1400] [chromium] › e2e/homepage.spec.ts:41:7 › Homepage › should have functional mobile navigation
[42/1400] [chromium] › e2e/homepage.spec.ts:50:7 › Homepage › shows the Catalog 97 hero and primary CTAs
[43/1400] [chromium] › e2e/homepage.spec.ts:68:7 › Homepage › should be responsive on mobile
[44/1400] [chromium] › e2e/homepage.spec.ts:75:7 › Homepage › should have accessible skip link
[45/1400] [chromium] › e2e/homepage.spec.ts:85:7 › Homepage › keeps the hero heading in the initial mobile viewport
[46/1400] [chromium] › e2e/homepage.spec.ts:106:7 › Homepage › keeps the header utilities and primary action usable at 320px
[47/1400] [chromium] › e2e/homepage.spec.ts:154:7 › Homepage › shows the Catalog 97 sections and their links
[48/1400] [chromium] › e2e/homepage.spec.ts:174:7 › Homepage › supports dark theme on the homepage
[49/1400] [chromium] › e2e/homepage.spec.ts:186:7 › Homepage › keeps homepage content visible when reduced motion is requested
[50/1400] [chromium] › e2e/investments.spec.ts:236:7 › Investments › is discoverable from the Catalog 97 navigation through the dashboards index
[51/1400] [chromium] › e2e/investments.spec.ts:252:7 › Investments › supports deep-linked research and uses live price separately from history
[52/1400] [chromium] › e2e/investments.spec.ts:268:7 › Investments › finds Visa by company name and preserves selected research context after reload
[53/1400] [chromium] › e2e/investments.spec.ts:298:7 › Investments › blocks non-curated symbols without fetching an unknown snapshot
[54/1400] [chromium] › e2e/investments.spec.ts:327:7 › Investments › handles direct links to non-curated symbols without requesting an unknown snapshot
[55/1400] [chromium] › e2e/investments.spec.ts:348:7 › Investments › falls back to the latest historical close when live pricing is unavailable
[56/1400] [chromium] › e2e/investments.spec.ts:381:7 › Investments › keeps the shell stable across section navigation and avoids horizontal overflow
[57/1400] [chromium] › e2e/investments.spec.ts:413:7 › Investments › prints the retirement projection when the planner was never scrolled to
[58/1400] [chromium] › e2e/investments.spec.ts:441:7 › Investments › prints in its narrow layout from a desktop window
[59/1400] [chromium] › e2e/investments.spec.ts:499:7 › Investments › keeps the disclaimers and the assumptions on the printed page
[60/1400] [chromium] › e2e/investments.spec.ts:519:7 › Investments › homepage prioritizes the fintech project in projects
[61/1400] [chromium] › e2e/investments.spec.ts:568:9 › Investments links that name a section › a fresh load of #hero lands on it
[62/1400] [chromium] › e2e/investments.spec.ts:568:9 › Investments links that name a section › a fresh load of #performance lands on it
[63/1400] [chromium] › e2e/investments.spec.ts:568:9 › Investments links that name a section › a fresh load of #portfolio-stats lands on it
[64/1400] [chromium] › e2e/investments.spec.ts:568:9 › Investments links that name a section › a fresh load of #add-holding lands on it
[65/1400] [chromium] › e2e/investments.spec.ts:568:9 › Investments links that name a section › a fresh load of #research-section lands on it
[66/1400] [chromium] › e2e/investments.spec.ts:568:9 › Investments links that name a section › a fresh load of #retirement lands on it
[67/1400] [chromium] › e2e/investments.spec.ts:586:9 › Investments links that name a section › a fresh load of #holdings-list lands on it once the saved holdings render
[68/1400] [chromium] › e2e/investments.spec.ts:586:9 › Investments links that name a section › a fresh load of #allocation lands on it once the saved holdings render
[69/1400] [chromium] › e2e/investments.spec.ts:599:7 › Investments links that name a section › holds the section in place when saved holdings render above it
[70/1400] [chromium] › e2e/investments.spec.ts:614:7 › Investments links that name a section › keeps the fragment when it rewrites a legacy link
[71/1400] [chromium] › e2e/investments.spec.ts:624:7 › Investments links that name a section › holds the section in place when the page grows above it
[72/1400] [chromium] › e2e/investments.spec.ts:636:7 › Investments links that name a section › leaves the page where the visitor put it
[73/1400] [chromium] › e2e/investments.spec.ts:771:13 › Retirement projection chart › label boxes › keeps every label inside the drawing at desktop type for the sample plan, 35 to 95
[74/1400] [chromium] › e2e/investments.spec.ts:793:13 › Retirement projection chart › label boxes › keeps the age ticks clear of the other labels at desktop type for the sample plan, 35 to 95
[75/1400] [chromium] › e2e/investments.spec.ts:771:13 › Retirement projection chart › label boxes › keeps every label inside the drawing at desktop type for a late retirement, 70 on a plan from 35 to 75
[76/1400] [chromium] › e2e/investments.spec.ts:793:13 › Retirement projection chart › label boxes › keeps the age ticks clear of the other labels at desktop type for a late retirement, 70 on a plan from 35 to 75
[77/1400] [chromium] › e2e/investments.spec.ts:771:13 › Retirement projection chart › label boxes › keeps every label inside the drawing at desktop type for a plan with a tick on both edges, 40 to 100
[78/1400] [chromium] › e2e/investments.spec.ts:793:13 › Retirement projection chart › label boxes › keeps the age ticks clear of the other labels at desktop type for a plan with a tick on both edges, 40 to 100
[79/1400] [chromium] › e2e/investments.spec.ts:771:13 › Retirement projection chart › label boxes › keeps every label inside the drawing at desktop type for the longest plan, 18 to 110
[80/1400] [chromium] › e2e/investments.spec.ts:793:13 › Retirement projection chart › label boxes › keeps the age ticks clear of the other labels at desktop type for the longest plan, 18 to 110
[81/1400] [chromium] › e2e/investments.spec.ts:771:13 › Retirement projection chart › label boxes › keeps every label inside the drawing at desktop type for the shortest plan, 89 to 91
[82/1400] [chromium] › e2e/investments.spec.ts:793:13 › Retirement projection chart › label boxes › keeps the age ticks clear of the other labels at desktop type for the shortest plan, 89 to 91
[83/1400] [chromium] › e2e/investments.spec.ts:771:13 › Retirement projection chart › label boxes › keeps every label inside the drawing at desktop type for a plan that ends past 100, 70 to 110
[84/1400] [chromium] › e2e/investments.spec.ts:793:13 › Retirement projection chart › label boxes › keeps the age ticks clear of the other labels at desktop type for a plan that ends past 100, 70 to 110
[85/1400] [chromium] › e2e/investments.spec.ts:819:11 › Retirement projection chart › label boxes › keeps the age ticks below the plot at desktop type
[86/1400] [chromium] › e2e/investments.spec.ts:771:13 › Retirement projection chart › label boxes › keeps every label inside the drawing at phone type for the sample plan, 35 to 95
[87/1400] [chromium] › e2e/investments.spec.ts:793:13 › Retirement projection chart › label boxes › keeps the age ticks clear of the other labels at phone type for the sample plan, 35 to 95
[88/1400] [chromium] › e2e/investments.spec.ts:771:13 › Retirement projection chart › label boxes › keeps every label inside the drawing at phone type for a late retirement, 70 on a plan from 35 to 75
[89/1400] [chromium] › e2e/investments.spec.ts:793:13 › Retirement projection chart › label boxes › keeps the age ticks clear of the other labels at phone type for a late retirement, 70 on a plan from 35 to 75
[90/1400] [chromium] › e2e/investments.spec.ts:771:13 › Retirement projection chart › label boxes › keeps every label inside the drawing at phone type for a plan with a tick on both edges, 40 to 100
[91/1400] [chromium] › e2e/investments.spec.ts:793:13 › Retirement projection chart › label boxes › keeps the age ticks clear of the other labels at phone type for a plan with a tick on both edges, 40 to 100
[92/1400] [chromium] › e2e/investments.spec.ts:771:13 › Retirement projection chart › label boxes › keeps every label inside the drawing at phone type for the longest plan, 18 to 110
[93/1400] [chromium] › e2e/investments.spec.ts:793:13 › Retirement projection chart › label boxes › keeps the age ticks clear of the other labels at phone type for the longest plan, 18 to 110
[94/1400] [chromium] › e2e/investments.spec.ts:771:13 › Retirement projection chart › label boxes › keeps every label inside the drawing at phone type for the shortest plan, 89 to 91
[95/1400] [chromium] › e2e/investments.spec.ts:793:13 › Retirement projection chart › label boxes › keeps the age ticks clear of the other labels at phone type for the shortest plan, 89 to 91
[96/1400] [chromium] › e2e/investments.spec.ts:771:13 › Retirement projection chart › label boxes › keeps every label inside the drawing at phone type for a plan that ends past 100, 70 to 110
[97/1400] [chromium] › e2e/investments.spec.ts:793:13 › Retirement projection chart › label boxes › keeps the age ticks clear of the other labels at phone type for a plan that ends past 100, 70 to 110
[98/1400] [chromium] › e2e/investments.spec.ts:819:11 › Retirement projection chart › label boxes › keeps the age ticks below the plot at phone type
[99/1400] [chromium] › e2e/investments.spec.ts:834:7 › Retirement projection chart › labels whole ages on a plan that runs two years
[100/1400] [chromium] › e2e/investments.spec.ts:849:11 › Retirement projection chart › keeps the age label clear of the age ticks at desktop type for the sample plan, 35 to 95
[101/1400] [chromium] › e2e/investments.spec.ts:849:11 › Retirement projection chart › keeps the age label clear of the age ticks at desktop type for a plan that ends on a tick, 35 to 90
[102/1400] [chromium] › e2e/investments.spec.ts:849:11 › Retirement projection chart › keeps the age label clear of the age ticks at desktop type for the longest plan, 18 to 110
[103/1400] [chromium] › e2e/investments.spec.ts:849:11 › Retirement projection chart › keeps the age label clear of the age ticks at desktop type for the shortest plan, 89 to 91
[104/1400] [chromium] › e2e/investments.spec.ts:849:11 › Retirement projection chart › keeps the age label clear of the age ticks at phone type for the sample plan, 35 to 95
[105/1400] [chromium] › e2e/investments.spec.ts:849:11 › Retirement projection chart › keeps the age label clear of the age ticks at phone type for a plan that ends on a tick, 35 to 90
[106/1400] [chromium] › e2e/investments.spec.ts:849:11 › Retirement projection chart › keeps the age label clear of the age ticks at phone type for the longest plan, 18 to 110
[107/1400] [chromium] › e2e/investments.spec.ts:849:11 › Retirement projection chart › keeps the age label clear of the age ticks at phone type for the shortest plan, 89 to 91
[108/1400] [chromium] › e2e/investments.spec.ts:894:7 › Retirement projection chart › keeps the caption on the chart's page when the page prints
[109/1400] [chromium] › e2e/march-madness.spec.ts:4:7 › March Madness › loads the default route with metadata and no horizontal overflow
[110/1400] [chromium] › e2e/march-madness.spec.ts:37:7 › March Madness › supports hero CTAs and deep-link states
[111/1400] [chromium] › e2e/march-madness.spec.ts:60:7 › March Madness › links to the companion article from the bracket tool
[112/1400] [chromium] › e2e/navigation.spec.ts:11:7 › Navigation › should navigate through the Catalog 97 header destinations
[113/1400] [chromium] › e2e/navigation.spec.ts:58:7 › Navigation › should keep the active destination marked in navigation
[114/1400] [chromium] › e2e/navigation.spec.ts:66:7 › Navigation › should navigate using browser back button
[115/1400] [chromium] › e2e/navigation.spec.ts:79:7 › Navigation › should keep wrapped mobile navigation tappable and avoid horizontal overflow
[116/1400] [chromium] › e2e/persisted-tools.spec.ts:10:7 › Personal-interest tools persist state › museum log remembers a logged visit across a reload
[117/1400] [chromium] › e2e/portfolio-shell.spec.ts:13:9 › Portfolio shell › / has a title, exactly one h1, and one main landmark
[118/1400] [chromium] › e2e/portfolio-shell.spec.ts:13:9 › Portfolio shell › /portfolio has a title, exactly one h1, and one main landmark
[119/1400] [chromium] › e2e/portfolio-shell.spec.ts:13:9 › Portfolio shell › /writing has a title, exactly one h1, and one main landmark
[120/1400] [chromium] › e2e/portfolio-shell.spec.ts:13:9 › Portfolio shell › /dashboards has a title, exactly one h1, and one main landmark
[121/1400] [chromium] › e2e/portfolio-shell.spec.ts:13:9 › Portfolio shell › /about has a title, exactly one h1, and one main landmark
[122/1400] [chromium] › e2e/portfolio-shell.spec.ts:13:9 › Portfolio shell › /resume has a title, exactly one h1, and one main landmark
[123/1400] [chromium] › e2e/portfolio-shell.spec.ts:13:9 › Portfolio shell › /contact has a title, exactly one h1, and one main landmark
[124/1400] [chromium] › e2e/portfolio-shell.spec.ts:33:7 › Portfolio shell › /portfolio renders the masthead, lead projects, filter, and index
[125/1400] [chromium] › e2e/print.spec.ts:137:9 › Print › repeats no vector image behind / on paper
[126/1400] [chromium] › e2e/print.spec.ts:137:9 › Print › repeats no vector image behind /about on paper
[127/1400] [chromium] › e2e/print.spec.ts:137:9 › Print › repeats no vector image behind /investments on paper
[128/1400] [chromium] › e2e/print.spec.ts:148:9 › Print › filters and blends nothing on /about on paper in Firefox's engine
[129/1400] [chromium] › e2e/print.spec.ts:148:9 › Print › filters and blends nothing on /resume on paper in Firefox's engine
[130/1400] [chromium] › e2e/print.spec.ts:148:9 › Print › filters and blends nothing on /writing/2026-march-madness-bracket-analysis on paper in Firefox's engine
[131/1400] [chromium] › e2e/print.spec.ts:163:7 › Print › keeps the portrait's treatment on paper outside Firefox's engine
[132/1400] [chromium] › e2e/print.spec.ts:178:9 › Print › prints the shared grids on /about narrow from a desktop window
[133/1400] [chromium] › e2e/print.spec.ts:178:9 › Print › prints the shared grids on /dashboards narrow from a desktop window
[134/1400] [chromium] › e2e/print.spec.ts:178:9 › Print › prints the shared grids on /accessibility narrow from a desktop window
[135/1400] [chromium] › e2e/print.spec.ts:192:9 › Print › keeps each grid's own gap when /about stacks it on paper
[136/1400] [chromium] › e2e/print.spec.ts:192:9 › Print › keeps each grid's own gap when /resume stacks it on paper
[137/1400] [chromium] › e2e/print.spec.ts:203:7 › Print › prints Home in its narrow layout from a desktop window
[138/1400] [chromium] › e2e/print.spec.ts:227:9 › Print › shows nothing through a mask on / on paper
[139/1400] [chromium] › e2e/print.spec.ts:227:9 › Print › shows nothing through a mask on /about on paper
[140/1400] [chromium] › e2e/print.spec.ts:227:9 › Print › shows nothing through a mask on /investments on paper
[141/1400] [chromium] › e2e/print.spec.ts:227:9 › Print › shows nothing through a mask on /writing on paper
[142/1400] [chromium] › e2e/print.spec.ts:237:7 › Print › tears the seams with a clip path on paper
[143/1400] [chromium] › e2e/product-surfaces.spec.ts:25:7 › Product surfaces › football dashboards render standings and selectable club detail panels
[144/1400] [chromium] › e2e/product-surfaces.spec.ts:53:7 › Product surfaces › snapshot dashboards preserve interactive filter state in the URL
[145/1400] [chromium] › e2e/product-surfaces.spec.ts:78:7 › Product surfaces › polling and SpaceX tools load deep-linked operational views
[146/1400] [chromium] › e2e/product-surfaces.spec.ts:113:7 › Product surfaces › fintech tools accept calculator and ledger input
[147/1400] [chromium] › e2e/product-surfaces.spec.ts:150:7 › Product surfaces › news pulse dashboard boots and switches editorial views
[148/1400] [chromium] › e2e/project-routes.spec.ts:41:11 › project routes in America/Los_Angeles › /investments renders its hero and hydrates cleanly
[149/1400] [chromium] › e2e/project-routes.spec.ts:41:11 › project routes in America/Los_Angeles › /fantasy-football renders its hero and hydrates cleanly
[150/1400] [chromium] › e2e/project-routes.spec.ts:41:11 › project routes in America/Los_Angeles › /fintech-tools/interchange-iq renders its hero and hydrates cleanly
[151/1400] [chromium] › e2e/project-routes.spec.ts:41:11 › project routes in America/Los_Angeles › /fintech-tools/budget-planner renders its hero and hydrates cleanly
[152/1400] [chromium] › e2e/project-routes.spec.ts:41:11 › project routes in America/Los_Angeles › /fintech-tools/rent-vs-buy renders its hero and hydrates cleanly
[153/1400] [chromium] › e2e/project-routes.spec.ts:41:11 › project routes in America/Los_Angeles › /news-pulse renders its hero and hydrates cleanly
[154/1400] [chromium] › e2e/project-routes.spec.ts:41:11 › project routes in America/Los_Angeles › /decision-lab renders its hero and hydrates cleanly
[155/1400] [chromium] › e2e/project-routes.spec.ts:41:11 › project routes in America/Los_Angeles › /enablement-assistant renders its hero and hydrates cleanly
[156/1400] [chromium] › e2e/project-routes.spec.ts:41:11 › project routes in America/Los_Angeles › /food-map renders its hero and hydrates cleanly
[157/1400] [chromium] › e2e/project-routes.spec.ts:41:11 › project routes in America/Los_Angeles › /march-madness-2026 renders its hero and hydrates cleanly
[158/1400] [chromium] › e2e/project-routes.spec.ts:41:11 › project routes in America/Los_Angeles › /la-liga renders its hero and hydrates cleanly
[159/1400] [chromium] › e2e/project-routes.spec.ts:41:11 › project routes in America/Los_Angeles › /mba-internship-notifications renders its hero and hydrates cleanly
[160/1400] [chromium] › e2e/project-routes.spec.ts:41:11 › project routes in America/Los_Angeles › /spacex-mission-control renders its hero and hydrates cleanly
[161/1400] [chromium] › e2e/project-routes.spec.ts:41:11 › project routes in America/Los_Angeles › /premier-league renders its hero and hydrates cleanly
[162/1400] [chromium] › e2e/project-routes.spec.ts:41:11 › project routes in America/Los_Angeles › /frontier-models renders its hero and hydrates cleanly
[163/1400] [chromium] › e2e/project-routes.spec.ts:41:11 › project routes in America/Los_Angeles › /ai-dev-tools renders its hero and hydrates cleanly
[164/1400] [chromium] › e2e/project-routes.spec.ts:41:11 › project routes in America/Los_Angeles › /github-trending-pulse renders its hero and hydrates cleanly
[165/1400] [chromium] › e2e/project-routes.spec.ts:41:11 › project routes in America/Los_Angeles › /tech-startup-tracker renders its hero and hydrates cleanly
[166/1400] [chromium] › e2e/project-routes.spec.ts:41:11 › project routes in America/Los_Angeles › /formula-1 renders its hero and hydrates cleanly
[167/1400] [chromium] › e2e/project-routes.spec.ts:41:11 › project routes in America/Los_Angeles › /fantasy-formula-1 renders its hero and hydrates cleanly
[168/1400] [chromium] › e2e/project-routes.spec.ts:41:11 › project routes in America/Los_Angeles › /golf renders its hero and hydrates cleanly
[169/1400] [chromium] › e2e/project-routes.spec.ts:41:11 › project routes in America/Los_Angeles › /earthquake-pulse renders its hero and hydrates cleanly
[170/1400] [chromium] › e2e/project-routes.spec.ts:41:11 › project routes in America/Los_Angeles › /world-cup-2026 renders its hero and hydrates cleanly
[171/1400] [chromium] › e2e/project-routes.spec.ts:41:11 › project routes in America/Los_Angeles › /bay-area-transit renders its hero and hydrates cleanly
[172/1400] [chromium] › e2e/project-routes.spec.ts:41:11 › project routes in America/Los_Angeles › /mlb renders its hero and hydrates cleanly
[173/1400] [chromium] › e2e/project-routes.spec.ts:41:11 › project routes in America/Los_Angeles › /nba renders its hero and hydrates cleanly
[174/1400] [chromium] › e2e/project-routes.spec.ts:41:11 › project routes in America/Los_Angeles › /nfl renders its hero and hydrates cleanly
[175/1400] [chromium] › e2e/project-routes.spec.ts:41:11 › project routes in America/Los_Angeles › /polling-aggregator renders its hero and hydrates cleanly
[176/1400] [chromium] › e2e/project-routes.spec.ts:41:11 › project routes in America/Los_Angeles › /museum-log renders its hero and hydrates cleanly
[177/1400] [chromium] › e2e/project-routes.spec.ts:41:11 › project routes in America/Los_Angeles › /wine-cellar renders its hero and hydrates cleanly
[178/1400] [chromium] › e2e/project-routes.spec.ts:41:11 › project routes in America/Los_Angeles › /recipe-finder renders its hero and hydrates cleanly
[179/1400] [chromium] › e2e/project-routes.spec.ts:41:11 › project routes in America/Los_Angeles › /travel renders its hero and hydrates cleanly
[180/1400] [chromium] › e2e/project-routes.spec.ts:41:11 › project routes in America/Los_Angeles › /travel-deals renders its hero and hydrates cleanly
[181/1400] [chromium] › e2e/project-routes.spec.ts:41:11 › project routes in Asia/Tokyo › /investments renders its hero and hydrates cleanly
[182/1400] [chromium] › e2e/project-routes.spec.ts:41:11 › project routes in Asia/Tokyo › /fantasy-football renders its hero and hydrates cleanly
[183/1400] [chromium] › e2e/project-routes.spec.ts:41:11 › project routes in Asia/Tokyo › /fintech-tools/interchange-iq renders its hero and hydrates cleanly
[184/1400] [chromium] › e2e/project-routes.spec.ts:41:11 › project routes in Asia/Tokyo › /fintech-tools/budget-planner renders its hero and hydrates cleanly
[185/1400] [chromium] › e2e/project-routes.spec.ts:41:11 › project routes in Asia/Tokyo › /fintech-tools/rent-vs-buy renders its hero and hydrates cleanly
[186/1400] [chromium] › e2e/project-routes.spec.ts:41:11 › project routes in Asia/Tokyo › /news-pulse renders its hero and hydrates cleanly
(node:27513) Warning: The 'NO_COLOR' env is ignored due to the 'FORCE_COLOR' env being set.
(Use `node --trace-warnings ...` to show where the warning was created)


[187/1400] (retries) [chromium] › e2e/navigation.spec.ts:11:7 › Navigation › should navigate through the Catalog 97 header destinations (retry #1)
[188/1400] [chromium] › e2e/project-routes.spec.ts:41:11 › project routes in Asia/Tokyo › /decision-lab renders its hero and hydrates cleanly
[189/1400] [chromium] › e2e/project-routes.spec.ts:41:11 › project routes in Asia/Tokyo › /enablement-assistant renders its hero and hydrates cleanly
[190/1400] [chromium] › e2e/project-routes.spec.ts:41:11 › project routes in Asia/Tokyo › /food-map renders its hero and hydrates cleanly
[191/1400] [chromium] › e2e/project-routes.spec.ts:41:11 › project routes in Asia/Tokyo › /march-madness-2026 renders its hero and hydrates cleanly
[192/1400] [chromium] › e2e/project-routes.spec.ts:41:11 › project routes in Asia/Tokyo › /la-liga renders its hero and hydrates cleanly
[193/1400] [chromium] › e2e/project-routes.spec.ts:41:11 › project routes in Asia/Tokyo › /mba-internship-notifications renders its hero and hydrates cleanly
[194/1400] [chromium] › e2e/project-routes.spec.ts:41:11 › project routes in Asia/Tokyo › /spacex-mission-control renders its hero and hydrates cleanly
[195/1400] [chromium] › e2e/project-routes.spec.ts:41:11 › project routes in Asia/Tokyo › /premier-league renders its hero and hydrates cleanly
[196/1400] [chromium] › e2e/project-routes.spec.ts:41:11 › project routes in Asia/Tokyo › /frontier-models renders its hero and hydrates cleanly
[197/1400] [chromium] › e2e/project-routes.spec.ts:41:11 › project routes in Asia/Tokyo › /ai-dev-tools renders its hero and hydrates cleanly
[198/1400] [chromium] › e2e/project-routes.spec.ts:41:11 › project routes in Asia/Tokyo › /github-trending-pulse renders its hero and hydrates cleanly
[199/1400] [chromium] › e2e/project-routes.spec.ts:41:11 › project routes in Asia/Tokyo › /tech-startup-tracker renders its hero and hydrates cleanly
[200/1400] [chromium] › e2e/project-routes.spec.ts:41:11 › project routes in Asia/Tokyo › /formula-1 renders its hero and hydrates cleanly
[201/1400] [chromium] › e2e/project-routes.spec.ts:41:11 › project routes in Asia/Tokyo › /fantasy-formula-1 renders its hero and hydrates cleanly
[202/1400] [chromium] › e2e/project-routes.spec.ts:41:11 › project routes in Asia/Tokyo › /golf renders its hero and hydrates cleanly
[203/1400] [chromium] › e2e/project-routes.spec.ts:41:11 › project routes in Asia/Tokyo › /earthquake-pulse renders its hero and hydrates cleanly
[204/1400] [chromium] › e2e/project-routes.spec.ts:41:11 › project routes in Asia/Tokyo › /world-cup-2026 renders its hero and hydrates cleanly
[205/1400] [chromium] › e2e/project-routes.spec.ts:41:11 › project routes in Asia/Tokyo › /bay-area-transit renders its hero and hydrates cleanly
[206/1400] [chromium] › e2e/project-routes.spec.ts:41:11 › project routes in Asia/Tokyo › /mlb renders its hero and hydrates cleanly
[207/1400] [chromium] › e2e/project-routes.spec.ts:41:11 › project routes in Asia/Tokyo › /nba renders its hero and hydrates cleanly
[208/1400] [chromium] › e2e/project-routes.spec.ts:41:11 › project routes in Asia/Tokyo › /nfl renders its hero and hydrates cleanly
[209/1400] [chromium] › e2e/project-routes.spec.ts:41:11 › project routes in Asia/Tokyo › /polling-aggregator renders its hero and hydrates cleanly
[210/1400] [chromium] › e2e/project-routes.spec.ts:41:11 › project routes in Asia/Tokyo › /museum-log renders its hero and hydrates cleanly
[211/1400] [chromium] › e2e/project-routes.spec.ts:41:11 › project routes in Asia/Tokyo › /wine-cellar renders its hero and hydrates cleanly
[212/1400] [chromium] › e2e/project-routes.spec.ts:41:11 › project routes in Asia/Tokyo › /recipe-finder renders its hero and hydrates cleanly
[213/1400] [chromium] › e2e/project-routes.spec.ts:41:11 › project routes in Asia/Tokyo › /travel renders its hero and hydrates cleanly
[214/1400] [chromium] › e2e/project-routes.spec.ts:41:11 › project routes in Asia/Tokyo › /travel-deals renders its hero and hydrates cleanly
[215/1400] [chromium] › e2e/project-routes.spec.ts:71:9 › designed routes › / hydrates cleanly
[216/1400] [chromium] › e2e/project-routes.spec.ts:71:9 › designed routes › /portfolio hydrates cleanly
[217/1400] [chromium] › e2e/project-routes.spec.ts:71:9 › designed routes › /writing hydrates cleanly
[218/1400] [chromium] › e2e/project-routes.spec.ts:71:9 › designed routes › /dashboards hydrates cleanly
[219/1400] [chromium] › e2e/project-routes.spec.ts:71:9 › designed routes › /about hydrates cleanly
[220/1400] [chromium] › e2e/project-routes.spec.ts:71:9 › designed routes › /resume hydrates cleanly
[221/1400] [chromium] › e2e/project-routes.spec.ts:71:9 › designed routes › /contact hydrates cleanly
[222/1400] [chromium] › e2e/project-routes.spec.ts:97:9 › project route layout › /earthquake-pulse lines up with the header at 390, 1440, and 1920
[223/1400] [chromium] › e2e/project-routes.spec.ts:97:9 › project route layout › /news-pulse lines up with the header at 390, 1440, and 1920
[224/1400] [chromium] › e2e/project-routes.spec.ts:97:9 › project route layout › /github-trending-pulse lines up with the header at 390, 1440, and 1920
[225/1400] [chromium] › e2e/project-routes.spec.ts:97:9 › project route layout › /frontier-models lines up with the header at 390, 1440, and 1920
[226/1400] [chromium] › e2e/project-routes.spec.ts:97:9 › project route layout › /ai-dev-tools lines up with the header at 390, 1440, and 1920
[227/1400] [chromium] › e2e/project-routes.spec.ts:97:9 › project route layout › /tech-startup-tracker lines up with the header at 390, 1440, and 1920
[228/1400] [chromium] › e2e/project-routes.spec.ts:97:9 › project route layout › /polling-aggregator lines up with the header at 390, 1440, and 1920
[229/1400] [chromium] › e2e/project-routes.spec.ts:97:9 › project route layout › /bay-area-transit lines up with the header at 390, 1440, and 1920
[230/1400] [chromium] › e2e/project-routes.spec.ts:97:9 › project route layout › /spacex-mission-control lines up with the header at 390, 1440, and 1920
[231/1400] [chromium] › e2e/project-routes.spec.ts:97:9 › project route layout › /wine-cellar lines up with the header at 390, 1440, and 1920
[232/1400] [chromium] › e2e/project-routes.spec.ts:97:9 › project route layout › /museum-log lines up with the header at 390, 1440, and 1920
[233/1400] [chromium] › e2e/project-routes.spec.ts:97:9 › project route layout › /recipe-finder lines up with the header at 390, 1440, and 1920
[234/1400] [chromium] › e2e/project-routes.spec.ts:97:9 › project route layout › /travel lines up with the header at 390, 1440, and 1920
[235/1400] [chromium] › e2e/project-routes.spec.ts:97:9 › project route layout › /travel-deals lines up with the header at 390, 1440, and 1920
[236/1400] [chromium] › e2e/project-routes.spec.ts:97:9 › project route layout › /food-map lines up with the header at 390, 1440, and 1920
[237/1400] [chromium] › e2e/project-routes.spec.ts:97:9 › project route layout › /premier-league lines up with the header at 390, 1440, and 1920
[238/1400] [chromium] › e2e/project-routes.spec.ts:97:9 › project route layout › /la-liga lines up with the header at 390, 1440, and 1920
[239/1400] [chromium] › e2e/project-routes.spec.ts:97:9 › project route layout › /mlb lines up with the header at 390, 1440, and 1920
[240/1400] [chromium] › e2e/project-routes.spec.ts:97:9 › project route layout › /nba lines up with the header at 390, 1440, and 1920
[241/1400] [chromium] › e2e/project-routes.spec.ts:97:9 › project route layout › /nfl lines up with the header at 390, 1440, and 1920
[242/1400] [chromium] › e2e/project-routes.spec.ts:97:9 › project route layout › /world-cup-2026 lines up with the header at 390, 1440, and 1920
[243/1400] [chromium] › e2e/project-routes.spec.ts:97:9 › project route layout › /golf lines up with the header at 390, 1440, and 1920
[244/1400] [chromium] › e2e/project-routes.spec.ts:97:9 › project route layout › /formula-1 lines up with the header at 390, 1440, and 1920
[245/1400] [chromium] › e2e/project-routes.spec.ts:97:9 › project route layout › /fantasy-formula-1 lines up with the header at 390, 1440, and 1920
[246/1400] [chromium] › e2e/project-routes.spec.ts:97:9 › project route layout › /march-madness-2026 lines up with the header at 390, 1440, and 1920
[247/1400] [chromium] › e2e/project-routes.spec.ts:97:9 › project route layout › /fintech-tools/budget-planner lines up with the header at 390, 1440, and 1920
[248/1400] [chromium] › e2e/project-routes.spec.ts:97:9 › project route layout › /fintech-tools/interchange-iq lines up with the header at 390, 1440, and 1920
[249/1400] [chromium] › e2e/project-routes.spec.ts:97:9 › project route layout › /fintech-tools/rent-vs-buy lines up with the header at 390, 1440, and 1920
[250/1400] [chromium] › e2e/project-routes.spec.ts:97:9 › project route layout › /investments lines up with the header at 390, 1440, and 1920
[251/1400] [chromium] › e2e/project-routes.spec.ts:97:9 › project route layout › /decision-lab lines up with the header at 390, 1440, and 1920
[252/1400] [chromium] › e2e/project-routes.spec.ts:97:9 › project route layout › /enablement-assistant lines up with the header at 390, 1440, and 1920
[253/1400] [chromium] › e2e/project-routes.spec.ts:97:9 › project route layout › /mba-internship-notifications lines up with the header at 390, 1440, and 1920
[254/1400] [chromium] › e2e/project-routes.spec.ts:97:9 › project route layout › /fantasy-football lines up with the header at 390, 1440, and 1920
[255/1400] [chromium] › e2e/project-routes.spec.ts:97:9 › project route layout › /fantasy-football/draft-tracker lines up with the header at 390, 1440, and 1920
[256/1400] [chromium] › e2e/project-routes.spec.ts:97:9 › project route layout › /fantasy-football/best-ball lines up with the header at 390, 1440, and 1920
[257/1400] [chromium] › e2e/project-routes.spec.ts:97:9 › project route layout › /fantasy-football/best-ball/draft-tracker lines up with the header at 390, 1440, and 1920
[258/1400] [chromium] › e2e/project-routes.spec.ts:97:9 › project route layout › /fantasy-football/mock-draft lines up with the header at 390, 1440, and 1920
[259/1400] [chromium] › e2e/project-routes.spec.ts:97:9 › project route layout › /fantasy-football/trade-calculator lines up with the header at 390, 1440, and 1920
[260/1400] [chromium] › e2e/project-routes.spec.ts:97:9 › project route layout › /fantasy-football/weekly lines up with the header at 390, 1440, and 1920
[261/1400] [chromium] › e2e/project-routes.spec.ts:97:9 › project route layout › /fantasy-football/waivers lines up with the header at 390, 1440, and 1920
[262/1400] [chromium] › e2e/project-routes.spec.ts:97:9 › project route layout › /score-pools lines up with the header at 390, 1440, and 1920
[263/1400] [chromium] › e2e/project-routes.spec.ts:97:9 › project route layout › /writing/topics/sports-fantasy lines up with the header at 390, 1440, and 1920
[264/1400] [chromium] › e2e/project-routes.spec.ts:97:9 › project route layout › /writing/complete-guide-qa-engineering lines up with the header at 390, 1440, and 1920
[265/1400] [chromium] › e2e/resume.spec.ts:4:7 › Resume › renders the résumé and exposes a working PDF download
[266/1400] [chromium] › e2e/resume.spec.ts:22:7 › Resume › starts the contact link on its column when the page prints
[267/1400] [chromium] › e2e/search.spec.ts:4:7 › Search › hydrates deep-linked search state and clears back to the canonical URL
[268/1400] [chromium] › e2e/writing.spec.ts:4:7 › Writing / Blog › /blog redirects to /writing
[269/1400] [chromium] › e2e/writing.spec.ts:9:7 › Writing / Blog › /writing page loads without error
[270/1400] [chromium] › e2e/writing.spec.ts:14:7 › Writing / Blog › /writing page has a visible heading
[271/1400] [chromium] › e2e/writing.spec.ts:21:7 › Writing / Blog › /writing page has a meaningful title
[272/1400] [chromium] › e2e/writing.spec.ts:29:7 › Dark mode toggle › theme toggle button exists on homepage
[273/1400] [chromium] › e2e/writing.spec.ts:45:7 › Dark mode toggle › dark class can be toggled on the html element
[274/1400] [chromium] › e2e/writing.spec.ts:67:7 › Search page › /search page loads without error and preserves a seeded query
[275/1400] [chromium] › e2e/writing.spec.ts:77:7 › Search page › /search page has a visible input
[276/1400] [chromium] › e2e/writing.spec.ts:92:7 › Static pages › /resume page loads without error
[277/1400] [chromium] › e2e/writing.spec.ts:97:7 › Static pages › /contact page loads without error
[278/1400] [chromium] › e2e/writing.spec.ts:102:7 › Static pages › /accessibility page loads without error
[279/1400] [chromium] › e2e/writing.spec.ts:107:7 › Static pages › /about page has a visible h1
[280/1400] [chromium] › e2e/writing.spec.ts:115:7 › Legacy URL redirects › /cv redirects to /resume
[281/1400] [chromium] › e2e/writing.spec.ts:120:7 › Legacy URL redirects › /work redirects to /portfolio
(node:27754) Warning: The 'NO_COLOR' env is ignored due to the 'FORCE_COLOR' env being set.
(Use `node --trace-warnings ...` to show where the warning was created)


[282/1400] [firefox] › e2e/accessibility.spec.ts:4:7 › Accessibility › should have proper heading hierarchy on homepage
(node:27755) Warning: The 'NO_COLOR' env is ignored due to the 'FORCE_COLOR' env being set.
(Use `node --trace-warnings ...` to show where the warning was created)


[283/1400] [firefox] › e2e/accessibility.spec.ts:13:7 › Accessibility › should support keyboard navigation
  1) [chromium] › e2e/navigation.spec.ts:11:7 › Navigation › should navigate through the Catalog 97 header destinations 

    TimeoutError: page.waitForURL: Timeout 20000ms exceeded.
    =========================== logs ===========================
    waiting for navigation until "networkidle"
      navigated to "http://localhost:3518/dashboards"
    ============================================================

      3 | async function clickAndWaitForURL(page: Page, link: Locator, url: RegExp) {
      4 |   await Promise.all([
    > 5 |     page.waitForURL(url, { waitUntil: 'networkidle' }),
        |          ^
      6 |     link.click(),
      7 |   ])
      8 | }
        at clickAndWaitForURL (/private/tmp/project-repo-audit/clean-install/e2e/navigation.spec.ts:5:10)
        at /private/tmp/project-repo-audit/clean-install/e2e/navigation.spec.ts:37:11

    attachment #1: screenshot (image/png) ──────────────────────────────────────────────────────────
    ../../../../var/folders/f0/7ryz8txs2bq0hnjzmzz34wr80000gn/T/website-playwright-test-results/navigation-Navigation-shou-8f117-alog-97-header-destinations-chromium/test-failed-1.png
    ────────────────────────────────────────────────────────────────────────────────────────────────

    Error Context: ../../../../var/folders/f0/7ryz8txs2bq0hnjzmzz34wr80000gn/T/website-playwright-test-results/navigation-Navigation-shou-8f117-alog-97-header-destinations-chromium/error-context.md

    Retry #1 ───────────────────────────────────────────────────────────────────────────────────────

    TimeoutError: page.waitForURL: Timeout 20000ms exceeded.
    =========================== logs ===========================
    waiting for navigation until "networkidle"
      navigated to "http://localhost:3518/dashboards"
    ============================================================

      3 | async function clickAndWaitForURL(page: Page, link: Locator, url: RegExp) {
      4 |   await Promise.all([
    > 5 |     page.waitForURL(url, { waitUntil: 'networkidle' }),
        |          ^
      6 |     link.click(),
      7 |   ])
      8 | }
        at clickAndWaitForURL (/private/tmp/project-repo-audit/clean-install/e2e/navigation.spec.ts:5:10)
        at /private/tmp/project-repo-audit/clean-install/e2e/navigation.spec.ts:37:11

    attachment #1: screenshot (image/png) ──────────────────────────────────────────────────────────
    ../../../../var/folders/f0/7ryz8txs2bq0hnjzmzz34wr80000gn/T/website-playwright-test-results/navigation-Navigation-shou-8f117-alog-97-header-destinations-chromium-retry1/test-failed-1.png
    ────────────────────────────────────────────────────────────────────────────────────────────────

    Error Context: ../../../../var/folders/f0/7ryz8txs2bq0hnjzmzz34wr80000gn/T/website-playwright-test-results/navigation-Navigation-shou-8f117-alog-97-header-destinations-chromium-retry1/error-context.md

    attachment #3: trace (application/zip) ─────────────────────────────────────────────────────────
    ../../../../var/folders/f0/7ryz8txs2bq0hnjzmzz34wr80000gn/T/website-playwright-test-results/navigation-Navigation-shou-8f117-alog-97-header-destinations-chromium-retry1/trace.zip
    Usage:

        npx playwright show-trace ../../../../var/folders/f0/7ryz8txs2bq0hnjzmzz34wr80000gn/T/website-playwright-test-results/navigation-Navigation-shou-8f117-alog-97-header-destinations-chromium-retry1/trace.zip

    ────────────────────────────────────────────────────────────────────────────────────────────────


(node:27770) Warning: The 'NO_COLOR' env is ignored due to the 'FORCE_COLOR' env being set.
(Use `node --trace-warnings ...` to show where the warning was created)


[284/1400] [firefox] › e2e/accessibility.spec.ts:29:7 › Accessibility › should have alt text on images
[285/1400] [firefox] › e2e/accessibility.spec.ts:46:7 › Accessibility › should have proper ARIA labels on interactive elements
[286/1400] [firefox] › e2e/accessibility.spec.ts:63:7 › Accessibility › should have sufficient color contrast
[287/1400] [firefox] › e2e/catalog97-canvas.spec.ts:14:7 › Catalog 97 layouts canvas › loads every same-origin route preview inside its frame
[288/1400] [firefox] › e2e/fantasy-football.spec.ts:153:7 › Fantasy football rankings › publishes every position in PPR, Half PPR, and Standard
[289/1400] [firefox] › e2e/fantasy-football.spec.ts:192:7 › Fantasy football rankings › loads the canonical rankings board and supports PPR position switching
[290/1400] [firefox] › e2e/fantasy-football.spec.ts:213:7 › Fantasy football rankings › supports deep-linked position and scoring params
[291/1400] [firefox] › e2e/fantasy-football.spec.ts:222:7 › Fantasy football rankings › keeps normal scoring-position boards available across formats, including K and DST
[292/1400] [firefox] › e2e/fantasy-football.spec.ts:246:7 › Fantasy football rankings › repeated switching uses stable static data without rate-limit failures
[293/1400] [firefox] › e2e/fantasy-football.spec.ts:267:7 › Fantasy football rankings › keeps the board controls sticky on every viewport
[294/1400] [firefox] › e2e/fantasy-football.spec.ts:281:7 › Fantasy football rankings › searches the board and clears it from the empty state
[295/1400] [firefox] › e2e/fantasy-football.spec.ts:317:7 › Fantasy football rankings › queues a player from the drawer and keeps it after a reload
[296/1400] [firefox] › e2e/fantasy-football.spec.ts:341:7 › Fantasy football rankings › shows prior-season points per game in the drawer, with its season and sample
[297/1400] [firefox] › e2e/fantasy-football.spec.ts:369:7 › Fantasy football rankings › persists a private note from the drawer
[298/1400] [firefox] › e2e/fantasy-football.spec.ts:388:7 › Fantasy football rankings › renders without horizontal overflow at 360px
[299/1400] [firefox] › e2e/fantasy-football.spec.ts:400:7 › Fantasy football rankings › supports the fantasy rankings in dark mode
[300/1400] [firefox] › e2e/fantasy-football.spec.ts:421:7 › Fantasy football draft tracker › loads the correct board for every scoring format
[301/1400] [firefox] › e2e/fantasy-football.spec.ts:478:7 › Fantasy football draft tracker › loads, records picks, and persists after reload
[302/1400] [firefox] › e2e/fantasy-football.spec.ts:516:7 › Fantasy football draft tracker › applies a saved preset without changing the parked room
[303/1400] [firefox] › e2e/fantasy-football.spec.ts:563:7 › Fantasy football best ball › publishes all six ranking presets
[304/1400] [firefox] › e2e/fantasy-football.spec.ts:594:7 › Fantasy football best ball › opens setup for all six tracker presets
[305/1400] [firefox] › e2e/fantasy-football.spec.ts:620:7 › Fantasy football best ball › persists a BBM room and undo/redo state after reload
[306/1400] [firefox] › e2e/fantasy-football.spec.ts:675:7 › Fantasy football best ball › keeps later tracker contests reachable without page overflow at 360px
[307/1400] [firefox] › e2e/fantasy-football.spec.ts:716:7 › Fantasy redirects › /fantasy-football/rb-tiers redirects to the canonical board
[308/1400] [firefox] › e2e/fantasy-football.spec.ts:722:7 › Fantasy redirects › /fantasy-football/tiers/qb redirects to the canonical board
[309/1400] [firefox] › e2e/fantasy-football.spec.ts:728:7 › Fantasy redirects › /qb shortcut redirects to the canonical board
[310/1400] [firefox] › e2e/fantasy-football.spec.ts:736:7 › server-rendered rankings › ships the first page of the board in the HTML for clients that do not run JavaScript
[311/1400] [firefox] › e2e/fantasy-football.spec.ts:755:7 › server-rendered fantasy tools › ships the trade calculator's heading and structured data in the HTML
[312/1400] [firefox] › e2e/fantasy-football.spec.ts:762:7 › server-rendered fantasy tools › ships the weekly board's first rows in the HTML
[313/1400] [firefox] › e2e/fantasy-trade-calculator.spec.ts:23:7 › Fantasy football trade calculator › builds, saves, and isolates a keyboard-entered trade by scoring format
[314/1400] [firefox] › e2e/fantasy-trade-calculator.spec.ts:58:7 › Fantasy football trade calculator › keeps the task readable and operable on a narrow screen
[315/1400] [firefox] › e2e/footer-cta.spec.ts:4:7 › Footer CTA cleanup › uses the Catalog 97 footer after the homepage closing statement
[316/1400] [firefox] › e2e/footer-cta.spec.ts:17:7 › Footer CTA cleanup › uses the Catalog 97 footer on the contact page
[317/1400] [firefox] › e2e/footer-cta.spec.ts:30:7 › Footer CTA cleanup › keeps the portfolio CTA separate from the Catalog 97 footer
[318/1400] [firefox] › e2e/footer-cta.spec.ts:41:7 › Footer CTA cleanup › uses the Catalog 97 footer on writing detail pages
[319/1400] [firefox] › e2e/homepage.spec.ts:16:7 › Homepage › should load successfully
[320/1400] [firefox] › e2e/homepage.spec.ts:21:7 › Homepage › should display hero section
[321/1400] [firefox] › e2e/homepage.spec.ts:33:7 › Homepage › should have functional desktop navigation
[322/1400] [firefox] › e2e/homepage.spec.ts:41:7 › Homepage › should have functional mobile navigation
[323/1400] [firefox] › e2e/homepage.spec.ts:50:7 › Homepage › shows the Catalog 97 hero and primary CTAs
[324/1400] [firefox] › e2e/homepage.spec.ts:68:7 › Homepage › should be responsive on mobile
[325/1400] [firefox] › e2e/homepage.spec.ts:75:7 › Homepage › should have accessible skip link
[326/1400] [firefox] › e2e/homepage.spec.ts:85:7 › Homepage › keeps the hero heading in the initial mobile viewport
[327/1400] [firefox] › e2e/homepage.spec.ts:106:7 › Homepage › keeps the header utilities and primary action usable at 320px
[328/1400] [firefox] › e2e/homepage.spec.ts:154:7 › Homepage › shows the Catalog 97 sections and their links
[329/1400] [firefox] › e2e/homepage.spec.ts:174:7 › Homepage › supports dark theme on the homepage
[330/1400] [firefox] › e2e/homepage.spec.ts:186:7 › Homepage › keeps homepage content visible when reduced motion is requested
[331/1400] [firefox] › e2e/investments.spec.ts:236:7 › Investments › is discoverable from the Catalog 97 navigation through the dashboards index
[332/1400] [firefox] › e2e/investments.spec.ts:252:7 › Investments › supports deep-linked research and uses live price separately from history
[333/1400] [firefox] › e2e/investments.spec.ts:268:7 › Investments › finds Visa by company name and preserves selected research context after reload
[334/1400] [firefox] › e2e/investments.spec.ts:298:7 › Investments › blocks non-curated symbols without fetching an unknown snapshot
[335/1400] [firefox] › e2e/investments.spec.ts:327:7 › Investments › handles direct links to non-curated symbols without requesting an unknown snapshot
[336/1400] [firefox] › e2e/investments.spec.ts:348:7 › Investments › falls back to the latest historical close when live pricing is unavailable
[337/1400] [firefox] › e2e/investments.spec.ts:381:7 › Investments › keeps the shell stable across section navigation and avoids horizontal overflow
[338/1400] [firefox] › e2e/investments.spec.ts:413:7 › Investments › prints the retirement projection when the planner was never scrolled to
[339/1400] [firefox] › e2e/investments.spec.ts:441:7 › Investments › prints in its narrow layout from a desktop window
[340/1400] [firefox] › e2e/investments.spec.ts:499:7 › Investments › keeps the disclaimers and the assumptions on the printed page
[341/1400] [firefox] › e2e/investments.spec.ts:519:7 › Investments › homepage prioritizes the fintech project in projects
[342/1400] [firefox] › e2e/investments.spec.ts:568:9 › Investments links that name a section › a fresh load of #hero lands on it
[343/1400] [firefox] › e2e/investments.spec.ts:568:9 › Investments links that name a section › a fresh load of #performance lands on it
[344/1400] [firefox] › e2e/investments.spec.ts:568:9 › Investments links that name a section › a fresh load of #portfolio-stats lands on it
[345/1400] [firefox] › e2e/investments.spec.ts:568:9 › Investments links that name a section › a fresh load of #add-holding lands on it
[346/1400] [firefox] › e2e/investments.spec.ts:568:9 › Investments links that name a section › a fresh load of #research-section lands on it
[347/1400] [firefox] › e2e/investments.spec.ts:568:9 › Investments links that name a section › a fresh load of #retirement lands on it
[348/1400] [firefox] › e2e/investments.spec.ts:586:9 › Investments links that name a section › a fresh load of #holdings-list lands on it once the saved holdings render
[349/1400] [firefox] › e2e/investments.spec.ts:586:9 › Investments links that name a section › a fresh load of #allocation lands on it once the saved holdings render
[350/1400] [firefox] › e2e/investments.spec.ts:599:7 › Investments links that name a section › holds the section in place when saved holdings render above it
[351/1400] [firefox] › e2e/investments.spec.ts:614:7 › Investments links that name a section › keeps the fragment when it rewrites a legacy link
[352/1400] [firefox] › e2e/investments.spec.ts:624:7 › Investments links that name a section › holds the section in place when the page grows above it
[353/1400] [firefox] › e2e/investments.spec.ts:636:7 › Investments links that name a section › leaves the page where the visitor put it
[354/1400] [firefox] › e2e/investments.spec.ts:771:13 › Retirement projection chart › label boxes › keeps every label inside the drawing at desktop type for the sample plan, 35 to 95
[355/1400] [firefox] › e2e/investments.spec.ts:793:13 › Retirement projection chart › label boxes › keeps the age ticks clear of the other labels at desktop type for the sample plan, 35 to 95
[356/1400] [firefox] › e2e/investments.spec.ts:771:13 › Retirement projection chart › label boxes › keeps every label inside the drawing at desktop type for a late retirement, 70 on a plan from 35 to 75
[357/1400] [firefox] › e2e/investments.spec.ts:793:13 › Retirement projection chart › label boxes › keeps the age ticks clear of the other labels at desktop type for a late retirement, 70 on a plan from 35 to 75
[358/1400] [firefox] › e2e/investments.spec.ts:771:13 › Retirement projection chart › label boxes › keeps every label inside the drawing at desktop type for a plan with a tick on both edges, 40 to 100
[359/1400] [firefox] › e2e/investments.spec.ts:793:13 › Retirement projection chart › label boxes › keeps the age ticks clear of the other labels at desktop type for a plan with a tick on both edges, 40 to 100
[360/1400] [firefox] › e2e/investments.spec.ts:771:13 › Retirement projection chart › label boxes › keeps every label inside the drawing at desktop type for the longest plan, 18 to 110
[361/1400] [firefox] › e2e/investments.spec.ts:793:13 › Retirement projection chart › label boxes › keeps the age ticks clear of the other labels at desktop type for the longest plan, 18 to 110
[362/1400] [firefox] › e2e/investments.spec.ts:771:13 › Retirement projection chart › label boxes › keeps every label inside the drawing at desktop type for the shortest plan, 89 to 91
[363/1400] [firefox] › e2e/investments.spec.ts:793:13 › Retirement projection chart › label boxes › keeps the age ticks clear of the other labels at desktop type for the shortest plan, 89 to 91
[364/1400] [firefox] › e2e/investments.spec.ts:771:13 › Retirement projection chart › label boxes › keeps every label inside the drawing at desktop type for a plan that ends past 100, 70 to 110
[365/1400] [firefox] › e2e/investments.spec.ts:793:13 › Retirement projection chart › label boxes › keeps the age ticks clear of the other labels at desktop type for a plan that ends past 100, 70 to 110
[366/1400] [firefox] › e2e/investments.spec.ts:819:11 › Retirement projection chart › label boxes › keeps the age ticks below the plot at desktop type
[367/1400] [firefox] › e2e/investments.spec.ts:771:13 › Retirement projection chart › label boxes › keeps every label inside the drawing at phone type for the sample plan, 35 to 95
[368/1400] [firefox] › e2e/investments.spec.ts:793:13 › Retirement projection chart › label boxes › keeps the age ticks clear of the other labels at phone type for the sample plan, 35 to 95
[369/1400] [firefox] › e2e/investments.spec.ts:771:13 › Retirement projection chart › label boxes › keeps every label inside the drawing at phone type for a late retirement, 70 on a plan from 35 to 75
[370/1400] [firefox] › e2e/investments.spec.ts:793:13 › Retirement projection chart › label boxes › keeps the age ticks clear of the other labels at phone type for a late retirement, 70 on a plan from 35 to 75
[371/1400] [firefox] › e2e/investments.spec.ts:771:13 › Retirement projection chart › label boxes › keeps every label inside the drawing at phone type for a plan with a tick on both edges, 40 to 100
[372/1400] [firefox] › e2e/investments.spec.ts:793:13 › Retirement projection chart › label boxes › keeps the age ticks clear of the other labels at phone type for a plan with a tick on both edges, 40 to 100
[373/1400] [firefox] › e2e/investments.spec.ts:771:13 › Retirement projection chart › label boxes › keeps every label inside the drawing at phone type for the longest plan, 18 to 110
[374/1400] [firefox] › e2e/investments.spec.ts:793:13 › Retirement projection chart › label boxes › keeps the age ticks clear of the other labels at phone type for the longest plan, 18 to 110
[375/1400] [firefox] › e2e/investments.spec.ts:771:13 › Retirement projection chart › label boxes › keeps every label inside the drawing at phone type for the shortest plan, 89 to 91
[376/1400] [firefox] › e2e/investments.spec.ts:793:13 › Retirement projection chart › label boxes › keeps the age ticks clear of the other labels at phone type for the shortest plan, 89 to 91
[377/1400] [firefox] › e2e/investments.spec.ts:771:13 › Retirement projection chart › label boxes › keeps every label inside the drawing at phone type for a plan that ends past 100, 70 to 110
[378/1400] [firefox] › e2e/investments.spec.ts:793:13 › Retirement projection chart › label boxes › keeps the age ticks clear of the other labels at phone type for a plan that ends past 100, 70 to 110
[379/1400] [firefox] › e2e/investments.spec.ts:819:11 › Retirement projection chart › label boxes › keeps the age ticks below the plot at phone type
[380/1400] [firefox] › e2e/investments.spec.ts:834:7 › Retirement projection chart › labels whole ages on a plan that runs two years
[381/1400] [firefox] › e2e/investments.spec.ts:849:11 › Retirement projection chart › keeps the age label clear of the age ticks at desktop type for the sample plan, 35 to 95
[382/1400] [firefox] › e2e/investments.spec.ts:849:11 › Retirement projection chart › keeps the age label clear of the age ticks at desktop type for a plan that ends on a tick, 35 to 90
[383/1400] [firefox] › e2e/investments.spec.ts:849:11 › Retirement projection chart › keeps the age label clear of the age ticks at desktop type for the longest plan, 18 to 110
[384/1400] [firefox] › e2e/investments.spec.ts:849:11 › Retirement projection chart › keeps the age label clear of the age ticks at desktop type for the shortest plan, 89 to 91
[385/1400] [firefox] › e2e/investments.spec.ts:849:11 › Retirement projection chart › keeps the age label clear of the age ticks at phone type for the sample plan, 35 to 95
[386/1400] [firefox] › e2e/investments.spec.ts:849:11 › Retirement projection chart › keeps the age label clear of the age ticks at phone type for a plan that ends on a tick, 35 to 90
[387/1400] [firefox] › e2e/investments.spec.ts:849:11 › Retirement projection chart › keeps the age label clear of the age ticks at phone type for the longest plan, 18 to 110
[388/1400] [firefox] › e2e/investments.spec.ts:849:11 › Retirement projection chart › keeps the age label clear of the age ticks at phone type for the shortest plan, 89 to 91
[389/1400] [firefox] › e2e/investments.spec.ts:894:7 › Retirement projection chart › keeps the caption on the chart's page when the page prints
[390/1400] [firefox] › e2e/march-madness.spec.ts:4:7 › March Madness › loads the default route with metadata and no horizontal overflow
[391/1400] [firefox] › e2e/march-madness.spec.ts:37:7 › March Madness › supports hero CTAs and deep-link states
[392/1400] [firefox] › e2e/march-madness.spec.ts:60:7 › March Madness › links to the companion article from the bracket tool
[393/1400] [firefox] › e2e/navigation.spec.ts:11:7 › Navigation › should navigate through the Catalog 97 header destinations
[394/1400] [firefox] › e2e/navigation.spec.ts:58:7 › Navigation › should keep the active destination marked in navigation
[395/1400] [firefox] › e2e/navigation.spec.ts:66:7 › Navigation › should navigate using browser back button
[396/1400] [firefox] › e2e/navigation.spec.ts:79:7 › Navigation › should keep wrapped mobile navigation tappable and avoid horizontal overflow
[397/1400] [firefox] › e2e/persisted-tools.spec.ts:10:7 › Personal-interest tools persist state › museum log remembers a logged visit across a reload
[398/1400] [firefox] › e2e/portfolio-shell.spec.ts:13:9 › Portfolio shell › / has a title, exactly one h1, and one main landmark
[399/1400] [firefox] › e2e/portfolio-shell.spec.ts:13:9 › Portfolio shell › /portfolio has a title, exactly one h1, and one main landmark
[400/1400] [firefox] › e2e/portfolio-shell.spec.ts:13:9 › Portfolio shell › /writing has a title, exactly one h1, and one main landmark
[401/1400] [firefox] › e2e/portfolio-shell.spec.ts:13:9 › Portfolio shell › /dashboards has a title, exactly one h1, and one main landmark
[402/1400] [firefox] › e2e/portfolio-shell.spec.ts:13:9 › Portfolio shell › /about has a title, exactly one h1, and one main landmark
[403/1400] [firefox] › e2e/portfolio-shell.spec.ts:13:9 › Portfolio shell › /resume has a title, exactly one h1, and one main landmark
[404/1400] [firefox] › e2e/portfolio-shell.spec.ts:13:9 › Portfolio shell › /contact has a title, exactly one h1, and one main landmark
[405/1400] [firefox] › e2e/portfolio-shell.spec.ts:33:7 › Portfolio shell › /portfolio renders the masthead, lead projects, filter, and index
[406/1400] [firefox] › e2e/print.spec.ts:137:9 › Print › repeats no vector image behind / on paper
[407/1400] [firefox] › e2e/print.spec.ts:137:9 › Print › repeats no vector image behind /about on paper
[408/1400] [firefox] › e2e/print.spec.ts:137:9 › Print › repeats no vector image behind /investments on paper
[409/1400] [firefox] › e2e/print.spec.ts:148:9 › Print › filters and blends nothing on /about on paper in Firefox's engine
[410/1400] [firefox] › e2e/print.spec.ts:148:9 › Print › filters and blends nothing on /resume on paper in Firefox's engine
[411/1400] [firefox] › e2e/print.spec.ts:148:9 › Print › filters and blends nothing on /writing/2026-march-madness-bracket-analysis on paper in Firefox's engine
[412/1400] [firefox] › e2e/print.spec.ts:163:7 › Print › keeps the portrait's treatment on paper outside Firefox's engine
[413/1400] [firefox] › e2e/print.spec.ts:178:9 › Print › prints the shared grids on /about narrow from a desktop window
[414/1400] [firefox] › e2e/print.spec.ts:178:9 › Print › prints the shared grids on /dashboards narrow from a desktop window
[415/1400] [firefox] › e2e/print.spec.ts:178:9 › Print › prints the shared grids on /accessibility narrow from a desktop window
[416/1400] [firefox] › e2e/print.spec.ts:192:9 › Print › keeps each grid's own gap when /about stacks it on paper
[417/1400] [firefox] › e2e/print.spec.ts:192:9 › Print › keeps each grid's own gap when /resume stacks it on paper
[418/1400] [firefox] › e2e/print.spec.ts:203:7 › Print › prints Home in its narrow layout from a desktop window
[419/1400] [firefox] › e2e/print.spec.ts:227:9 › Print › shows nothing through a mask on /about on paper
[420/1400] [firefox] › e2e/print.spec.ts:227:9 › Print › shows nothing through a mask on / on paper
[421/1400] [firefox] › e2e/print.spec.ts:227:9 › Print › shows nothing through a mask on /investments on paper
[422/1400] [firefox] › e2e/print.spec.ts:227:9 › Print › shows nothing through a mask on /writing on paper
[423/1400] [firefox] › e2e/print.spec.ts:237:7 › Print › tears the seams with a clip path on paper
[424/1400] [firefox] › e2e/product-surfaces.spec.ts:25:7 › Product surfaces › football dashboards render standings and selectable club detail panels
[425/1400] [firefox] › e2e/product-surfaces.spec.ts:53:7 › Product surfaces › snapshot dashboards preserve interactive filter state in the URL
[426/1400] [firefox] › e2e/product-surfaces.spec.ts:78:7 › Product surfaces › polling and SpaceX tools load deep-linked operational views
[427/1400] [firefox] › e2e/product-surfaces.spec.ts:113:7 › Product surfaces › fintech tools accept calculator and ledger input
[428/1400] [firefox] › e2e/product-surfaces.spec.ts:150:7 › Product surfaces › news pulse dashboard boots and switches editorial views
[429/1400] [firefox] › e2e/project-routes.spec.ts:41:11 › project routes in America/Los_Angeles › /investments renders its hero and hydrates cleanly
[430/1400] [firefox] › e2e/project-routes.spec.ts:41:11 › project routes in America/Los_Angeles › /fantasy-football renders its hero and hydrates cleanly
[431/1400] [firefox] › e2e/project-routes.spec.ts:41:11 › project routes in America/Los_Angeles › /fintech-tools/interchange-iq renders its hero and hydrates cleanly
[432/1400] [firefox] › e2e/project-routes.spec.ts:41:11 › project routes in America/Los_Angeles › /fintech-tools/budget-planner renders its hero and hydrates cleanly
[433/1400] [firefox] › e2e/project-routes.spec.ts:41:11 › project routes in America/Los_Angeles › /fintech-tools/rent-vs-buy renders its hero and hydrates cleanly
[434/1400] [firefox] › e2e/project-routes.spec.ts:41:11 › project routes in America/Los_Angeles › /news-pulse renders its hero and hydrates cleanly
[435/1400] [firefox] › e2e/project-routes.spec.ts:41:11 › project routes in America/Los_Angeles › /decision-lab renders its hero and hydrates cleanly
[436/1400] [firefox] › e2e/project-routes.spec.ts:41:11 › project routes in America/Los_Angeles › /enablement-assistant renders its hero and hydrates cleanly
[437/1400] [firefox] › e2e/project-routes.spec.ts:41:11 › project routes in America/Los_Angeles › /food-map renders its hero and hydrates cleanly
[438/1400] [firefox] › e2e/project-routes.spec.ts:41:11 › project routes in America/Los_Angeles › /march-madness-2026 renders its hero and hydrates cleanly
[439/1400] [firefox] › e2e/project-routes.spec.ts:41:11 › project routes in America/Los_Angeles › /la-liga renders its hero and hydrates cleanly
[440/1400] [firefox] › e2e/project-routes.spec.ts:41:11 › project routes in America/Los_Angeles › /mba-internship-notifications renders its hero and hydrates cleanly
[441/1400] [firefox] › e2e/project-routes.spec.ts:41:11 › project routes in America/Los_Angeles › /spacex-mission-control renders its hero and hydrates cleanly
[442/1400] [firefox] › e2e/project-routes.spec.ts:41:11 › project routes in America/Los_Angeles › /premier-league renders its hero and hydrates cleanly
[443/1400] [firefox] › e2e/project-routes.spec.ts:41:11 › project routes in America/Los_Angeles › /frontier-models renders its hero and hydrates cleanly
[444/1400] [firefox] › e2e/project-routes.spec.ts:41:11 › project routes in America/Los_Angeles › /ai-dev-tools renders its hero and hydrates cleanly
[445/1400] [firefox] › e2e/project-routes.spec.ts:41:11 › project routes in America/Los_Angeles › /github-trending-pulse renders its hero and hydrates cleanly
[446/1400] [firefox] › e2e/project-routes.spec.ts:41:11 › project routes in America/Los_Angeles › /tech-startup-tracker renders its hero and hydrates cleanly
[447/1400] [firefox] › e2e/project-routes.spec.ts:41:11 › project routes in America/Los_Angeles › /formula-1 renders its hero and hydrates cleanly
[448/1400] [firefox] › e2e/project-routes.spec.ts:41:11 › project routes in America/Los_Angeles › /fantasy-formula-1 renders its hero and hydrates cleanly
[449/1400] [firefox] › e2e/project-routes.spec.ts:41:11 › project routes in America/Los_Angeles › /golf renders its hero and hydrates cleanly
[450/1400] [firefox] › e2e/project-routes.spec.ts:41:11 › project routes in America/Los_Angeles › /earthquake-pulse renders its hero and hydrates cleanly
[451/1400] [firefox] › e2e/project-routes.spec.ts:41:11 › project routes in America/Los_Angeles › /world-cup-2026 renders its hero and hydrates cleanly
[452/1400] [firefox] › e2e/project-routes.spec.ts:41:11 › project routes in America/Los_Angeles › /bay-area-transit renders its hero and hydrates cleanly
[453/1400] [firefox] › e2e/project-routes.spec.ts:41:11 › project routes in America/Los_Angeles › /mlb renders its hero and hydrates cleanly
[454/1400] [firefox] › e2e/project-routes.spec.ts:41:11 › project routes in America/Los_Angeles › /nba renders its hero and hydrates cleanly
[455/1400] [firefox] › e2e/project-routes.spec.ts:41:11 › project routes in America/Los_Angeles › /nfl renders its hero and hydrates cleanly
[456/1400] [firefox] › e2e/project-routes.spec.ts:41:11 › project routes in America/Los_Angeles › /polling-aggregator renders its hero and hydrates cleanly
[457/1400] [firefox] › e2e/project-routes.spec.ts:41:11 › project routes in America/Los_Angeles › /museum-log renders its hero and hydrates cleanly
[458/1400] [firefox] › e2e/project-routes.spec.ts:41:11 › project routes in America/Los_Angeles › /wine-cellar renders its hero and hydrates cleanly
[459/1400] [firefox] › e2e/project-routes.spec.ts:41:11 › project routes in America/Los_Angeles › /recipe-finder renders its hero and hydrates cleanly
[460/1400] [firefox] › e2e/project-routes.spec.ts:41:11 › project routes in America/Los_Angeles › /travel renders its hero and hydrates cleanly
[461/1400] [firefox] › e2e/project-routes.spec.ts:41:11 › project routes in America/Los_Angeles › /travel-deals renders its hero and hydrates cleanly
[462/1400] [firefox] › e2e/project-routes.spec.ts:41:11 › project routes in Asia/Tokyo › /investments renders its hero and hydrates cleanly
[463/1400] [firefox] › e2e/project-routes.spec.ts:41:11 › project routes in Asia/Tokyo › /fantasy-football renders its hero and hydrates cleanly
[464/1400] [firefox] › e2e/project-routes.spec.ts:41:11 › project routes in Asia/Tokyo › /fintech-tools/interchange-iq renders its hero and hydrates cleanly
[465/1400] [firefox] › e2e/project-routes.spec.ts:41:11 › project routes in Asia/Tokyo › /fintech-tools/budget-planner renders its hero and hydrates cleanly
[466/1400] [firefox] › e2e/project-routes.spec.ts:41:11 › project routes in Asia/Tokyo › /fintech-tools/rent-vs-buy renders its hero and hydrates cleanly
[467/1400] [firefox] › e2e/project-routes.spec.ts:41:11 › project routes in Asia/Tokyo › /news-pulse renders its hero and hydrates cleanly
[468/1400] [firefox] › e2e/project-routes.spec.ts:41:11 › project routes in Asia/Tokyo › /decision-lab renders its hero and hydrates cleanly
[469/1400] [firefox] › e2e/project-routes.spec.ts:41:11 › project routes in Asia/Tokyo › /enablement-assistant renders its hero and hydrates cleanly
[470/1400] [firefox] › e2e/project-routes.spec.ts:41:11 › project routes in Asia/Tokyo › /food-map renders its hero and hydrates cleanly
[471/1400] [firefox] › e2e/project-routes.spec.ts:41:11 › project routes in Asia/Tokyo › /march-madness-2026 renders its hero and hydrates cleanly
[472/1400] [firefox] › e2e/project-routes.spec.ts:41:11 › project routes in Asia/Tokyo › /la-liga renders its hero and hydrates cleanly
[473/1400] [firefox] › e2e/project-routes.spec.ts:41:11 › project routes in Asia/Tokyo › /mba-internship-notifications renders its hero and hydrates cleanly
[474/1400] [firefox] › e2e/project-routes.spec.ts:41:11 › project routes in Asia/Tokyo › /spacex-mission-control renders its hero and hydrates cleanly
[475/1400] [firefox] › e2e/project-routes.spec.ts:41:11 › project routes in Asia/Tokyo › /premier-league renders its hero and hydrates cleanly
[476/1400] [firefox] › e2e/project-routes.spec.ts:41:11 › project routes in Asia/Tokyo › /frontier-models renders its hero and hydrates cleanly
[477/1400] [firefox] › e2e/project-routes.spec.ts:41:11 › project routes in Asia/Tokyo › /ai-dev-tools renders its hero and hydrates cleanly
[478/1400] [firefox] › e2e/project-routes.spec.ts:41:11 › project routes in Asia/Tokyo › /github-trending-pulse renders its hero and hydrates cleanly
[479/1400] [firefox] › e2e/project-routes.spec.ts:41:11 › project routes in Asia/Tokyo › /tech-startup-tracker renders its hero and hydrates cleanly
[480/1400] [firefox] › e2e/project-routes.spec.ts:41:11 › project routes in Asia/Tokyo › /formula-1 renders its hero and hydrates cleanly
[481/1400] [firefox] › e2e/project-routes.spec.ts:41:11 › project routes in Asia/Tokyo › /fantasy-formula-1 renders its hero and hydrates cleanly
[482/1400] [firefox] › e2e/project-routes.spec.ts:41:11 › project routes in Asia/Tokyo › /golf renders its hero and hydrates cleanly
[483/1400] [firefox] › e2e/project-routes.spec.ts:41:11 › project routes in Asia/Tokyo › /earthquake-pulse renders its hero and hydrates cleanly
[484/1400] [firefox] › e2e/project-routes.spec.ts:41:11 › project routes in Asia/Tokyo › /world-cup-2026 renders its hero and hydrates cleanly
[485/1400] [firefox] › e2e/project-routes.spec.ts:41:11 › project routes in Asia/Tokyo › /bay-area-transit renders its hero and hydrates cleanly
[486/1400] [firefox] › e2e/project-routes.spec.ts:41:11 › project routes in Asia/Tokyo › /mlb renders its hero and hydrates cleanly
[487/1400] [firefox] › e2e/project-routes.spec.ts:41:11 › project routes in Asia/Tokyo › /nba renders its hero and hydrates cleanly
[488/1400] [firefox] › e2e/project-routes.spec.ts:41:11 › project routes in Asia/Tokyo › /nfl renders its hero and hydrates cleanly
[489/1400] [firefox] › e2e/project-routes.spec.ts:41:11 › project routes in Asia/Tokyo › /polling-aggregator renders its hero and hydrates cleanly
[490/1400] [firefox] › e2e/project-routes.spec.ts:41:11 › project routes in Asia/Tokyo › /museum-log renders its hero and hydrates cleanly
[491/1400] [firefox] › e2e/project-routes.spec.ts:41:11 › project routes in Asia/Tokyo › /wine-cellar renders its hero and hydrates cleanly
[492/1400] [firefox] › e2e/project-routes.spec.ts:41:11 › project routes in Asia/Tokyo › /recipe-finder renders its hero and hydrates cleanly
[493/1400] [firefox] › e2e/project-routes.spec.ts:41:11 › project routes in Asia/Tokyo › /travel renders its hero and hydrates cleanly
[494/1400] [firefox] › e2e/project-routes.spec.ts:41:11 › project routes in Asia/Tokyo › /travel-deals renders its hero and hydrates cleanly
[495/1400] [firefox] › e2e/project-routes.spec.ts:71:9 › designed routes › / hydrates cleanly
[496/1400] [firefox] › e2e/project-routes.spec.ts:71:9 › designed routes › /portfolio hydrates cleanly
[497/1400] [firefox] › e2e/project-routes.spec.ts:71:9 › designed routes › /writing hydrates cleanly
[498/1400] [firefox] › e2e/project-routes.spec.ts:71:9 › designed routes › /dashboards hydrates cleanly
[499/1400] [firefox] › e2e/project-routes.spec.ts:71:9 › designed routes › /about hydrates cleanly
[500/1400] [firefox] › e2e/project-routes.spec.ts:71:9 › designed routes › /resume hydrates cleanly
[501/1400] [firefox] › e2e/project-routes.spec.ts:71:9 › designed routes › /contact hydrates cleanly
[502/1400] [firefox] › e2e/project-routes.spec.ts:97:9 › project route layout › /earthquake-pulse lines up with the header at 390, 1440, and 1920
[503/1400] [firefox] › e2e/project-routes.spec.ts:97:9 › project route layout › /news-pulse lines up with the header at 390, 1440, and 1920
[504/1400] [firefox] › e2e/project-routes.spec.ts:97:9 › project route layout › /github-trending-pulse lines up with the header at 390, 1440, and 1920
[505/1400] [firefox] › e2e/project-routes.spec.ts:97:9 › project route layout › /frontier-models lines up with the header at 390, 1440, and 1920
[506/1400] [firefox] › e2e/project-routes.spec.ts:97:9 › project route layout › /ai-dev-tools lines up with the header at 390, 1440, and 1920
[507/1400] [firefox] › e2e/project-routes.spec.ts:97:9 › project route layout › /tech-startup-tracker lines up with the header at 390, 1440, and 1920
[508/1400] [firefox] › e2e/project-routes.spec.ts:97:9 › project route layout › /polling-aggregator lines up with the header at 390, 1440, and 1920
[509/1400] [firefox] › e2e/project-routes.spec.ts:97:9 › project route layout › /bay-area-transit lines up with the header at 390, 1440, and 1920
[510/1400] [firefox] › e2e/project-routes.spec.ts:97:9 › project route layout › /spacex-mission-control lines up with the header at 390, 1440, and 1920
[511/1400] [firefox] › e2e/project-routes.spec.ts:97:9 › project route layout › /wine-cellar lines up with the header at 390, 1440, and 1920
[512/1400] [firefox] › e2e/project-routes.spec.ts:97:9 › project route layout › /museum-log lines up with the header at 390, 1440, and 1920
[513/1400] [firefox] › e2e/project-routes.spec.ts:97:9 › project route layout › /recipe-finder lines up with the header at 390, 1440, and 1920
[514/1400] [firefox] › e2e/project-routes.spec.ts:97:9 › project route layout › /travel lines up with the header at 390, 1440, and 1920
[515/1400] [firefox] › e2e/project-routes.spec.ts:97:9 › project route layout › /travel-deals lines up with the header at 390, 1440, and 1920
[516/1400] [firefox] › e2e/project-routes.spec.ts:97:9 › project route layout › /food-map lines up with the header at 390, 1440, and 1920
[517/1400] [firefox] › e2e/project-routes.spec.ts:97:9 › project route layout › /premier-league lines up with the header at 390, 1440, and 1920
[518/1400] [firefox] › e2e/project-routes.spec.ts:97:9 › project route layout › /la-liga lines up with the header at 390, 1440, and 1920
[519/1400] [firefox] › e2e/project-routes.spec.ts:97:9 › project route layout › /mlb lines up with the header at 390, 1440, and 1920
[520/1400] [firefox] › e2e/project-routes.spec.ts:97:9 › project route layout › /nba lines up with the header at 390, 1440, and 1920
[521/1400] [firefox] › e2e/project-routes.spec.ts:97:9 › project route layout › /nfl lines up with the header at 390, 1440, and 1920
[522/1400] [firefox] › e2e/project-routes.spec.ts:97:9 › project route layout › /world-cup-2026 lines up with the header at 390, 1440, and 1920
[523/1400] [firefox] › e2e/project-routes.spec.ts:97:9 › project route layout › /golf lines up with the header at 390, 1440, and 1920
[524/1400] [firefox] › e2e/project-routes.spec.ts:97:9 › project route layout › /formula-1 lines up with the header at 390, 1440, and 1920
[525/1400] [firefox] › e2e/project-routes.spec.ts:97:9 › project route layout › /fantasy-formula-1 lines up with the header at 390, 1440, and 1920
[526/1400] [firefox] › e2e/project-routes.spec.ts:97:9 › project route layout › /march-madness-2026 lines up with the header at 390, 1440, and 1920
[527/1400] [firefox] › e2e/project-routes.spec.ts:97:9 › project route layout › /fintech-tools/budget-planner lines up with the header at 390, 1440, and 1920
[528/1400] [firefox] › e2e/project-routes.spec.ts:97:9 › project route layout › /fintech-tools/interchange-iq lines up with the header at 390, 1440, and 1920
[529/1400] [firefox] › e2e/project-routes.spec.ts:97:9 › project route layout › /fintech-tools/rent-vs-buy lines up with the header at 390, 1440, and 1920
[530/1400] [firefox] › e2e/project-routes.spec.ts:97:9 › project route layout › /investments lines up with the header at 390, 1440, and 1920
[531/1400] [firefox] › e2e/project-routes.spec.ts:97:9 › project route layout › /decision-lab lines up with the header at 390, 1440, and 1920
[532/1400] [firefox] › e2e/project-routes.spec.ts:97:9 › project route layout › /enablement-assistant lines up with the header at 390, 1440, and 1920
[533/1400] [firefox] › e2e/project-routes.spec.ts:97:9 › project route layout › /mba-internship-notifications lines up with the header at 390, 1440, and 1920
[534/1400] [firefox] › e2e/project-routes.spec.ts:97:9 › project route layout › /fantasy-football lines up with the header at 390, 1440, and 1920
[535/1400] [firefox] › e2e/project-routes.spec.ts:97:9 › project route layout › /fantasy-football/draft-tracker lines up with the header at 390, 1440, and 1920
[536/1400] [firefox] › e2e/project-routes.spec.ts:97:9 › project route layout › /fantasy-football/best-ball lines up with the header at 390, 1440, and 1920
[537/1400] [firefox] › e2e/project-routes.spec.ts:97:9 › project route layout › /fantasy-football/best-ball/draft-tracker lines up with the header at 390, 1440, and 1920
[538/1400] [firefox] › e2e/project-routes.spec.ts:97:9 › project route layout › /fantasy-football/mock-draft lines up with the header at 390, 1440, and 1920
[539/1400] [firefox] › e2e/project-routes.spec.ts:97:9 › project route layout › /fantasy-football/trade-calculator lines up with the header at 390, 1440, and 1920
[540/1400] [firefox] › e2e/project-routes.spec.ts:97:9 › project route layout › /fantasy-football/weekly lines up with the header at 390, 1440, and 1920
[541/1400] [firefox] › e2e/project-routes.spec.ts:97:9 › project route layout › /fantasy-football/waivers lines up with the header at 390, 1440, and 1920
[542/1400] [firefox] › e2e/project-routes.spec.ts:97:9 › project route layout › /score-pools lines up with the header at 390, 1440, and 1920
[543/1400] [firefox] › e2e/project-routes.spec.ts:97:9 › project route layout › /writing/topics/sports-fantasy lines up with the header at 390, 1440, and 1920
[544/1400] [firefox] › e2e/project-routes.spec.ts:97:9 › project route layout › /writing/complete-guide-qa-engineering lines up with the header at 390, 1440, and 1920
[545/1400] [firefox] › e2e/resume.spec.ts:4:7 › Resume › renders the résumé and exposes a working PDF download
[546/1400] [firefox] › e2e/resume.spec.ts:22:7 › Resume › starts the contact link on its column when the page prints
[547/1400] [firefox] › e2e/search.spec.ts:4:7 › Search › hydrates deep-linked search state and clears back to the canonical URL
[548/1400] [firefox] › e2e/writing.spec.ts:4:7 › Writing / Blog › /blog redirects to /writing
[549/1400] [firefox] › e2e/writing.spec.ts:9:7 › Writing / Blog › /writing page loads without error
[550/1400] [firefox] › e2e/writing.spec.ts:14:7 › Writing / Blog › /writing page has a visible heading
[551/1400] [firefox] › e2e/writing.spec.ts:21:7 › Writing / Blog › /writing page has a meaningful title
[552/1400] [firefox] › e2e/writing.spec.ts:29:7 › Dark mode toggle › theme toggle button exists on homepage
[553/1400] [firefox] › e2e/writing.spec.ts:45:7 › Dark mode toggle › dark class can be toggled on the html element
[554/1400] [firefox] › e2e/writing.spec.ts:67:7 › Search page › /search page loads without error and preserves a seeded query
[555/1400] [firefox] › e2e/writing.spec.ts:77:7 › Search page › /search page has a visible input
[556/1400] [firefox] › e2e/writing.spec.ts:92:7 › Static pages › /resume page loads without error
[557/1400] [firefox] › e2e/writing.spec.ts:97:7 › Static pages › /contact page loads without error
[558/1400] [firefox] › e2e/writing.spec.ts:102:7 › Static pages › /accessibility page loads without error
[559/1400] [firefox] › e2e/writing.spec.ts:107:7 › Static pages › /about page has a visible h1
[560/1400] [firefox] › e2e/writing.spec.ts:115:7 › Legacy URL redirects › /cv redirects to /resume
[561/1400] [firefox] › e2e/writing.spec.ts:120:7 › Legacy URL redirects › /work redirects to /portfolio
(node:29060) Warning: The 'NO_COLOR' env is ignored due to the 'FORCE_COLOR' env being set.
(Use `node --trace-warnings ...` to show where the warning was created)


(node:29063) Warning: The 'NO_COLOR' env is ignored due to the 'FORCE_COLOR' env being set.
(Use `node --trace-warnings ...` to show where the warning was created)


[562/1400] [webkit] › e2e/accessibility.spec.ts:4:7 › Accessibility › should have proper heading hierarchy on homepage
(node:29064) Warning: The 'NO_COLOR' env is ignored due to the 'FORCE_COLOR' env being set.
(Use `node --trace-warnings ...` to show where the warning was created)


[563/1400] [webkit] › e2e/accessibility.spec.ts:13:7 › Accessibility › should support keyboard navigation
[564/1400] [webkit] › e2e/accessibility.spec.ts:29:7 › Accessibility › should have alt text on images
[565/1400] [webkit] › e2e/accessibility.spec.ts:46:7 › Accessibility › should have proper ARIA labels on interactive elements
[566/1400] [webkit] › e2e/accessibility.spec.ts:63:7 › Accessibility › should have sufficient color contrast
[567/1400] [webkit] › e2e/catalog97-canvas.spec.ts:14:7 › Catalog 97 layouts canvas › loads every same-origin route preview inside its frame
[568/1400] [webkit] › e2e/fantasy-football.spec.ts:153:7 › Fantasy football rankings › publishes every position in PPR, Half PPR, and Standard
[569/1400] [webkit] › e2e/fantasy-football.spec.ts:192:7 › Fantasy football rankings › loads the canonical rankings board and supports PPR position switching
[570/1400] [webkit] › e2e/fantasy-football.spec.ts:213:7 › Fantasy football rankings › supports deep-linked position and scoring params
[571/1400] [webkit] › e2e/fantasy-football.spec.ts:222:7 › Fantasy football rankings › keeps normal scoring-position boards available across formats, including K and DST
[572/1400] [webkit] › e2e/fantasy-football.spec.ts:246:7 › Fantasy football rankings › repeated switching uses stable static data without rate-limit failures
[573/1400] [webkit] › e2e/fantasy-football.spec.ts:267:7 › Fantasy football rankings › keeps the board controls sticky on every viewport
[574/1400] [webkit] › e2e/fantasy-football.spec.ts:281:7 › Fantasy football rankings › searches the board and clears it from the empty state
[575/1400] [webkit] › e2e/fantasy-football.spec.ts:317:7 › Fantasy football rankings › queues a player from the drawer and keeps it after a reload
[576/1400] [webkit] › e2e/fantasy-football.spec.ts:341:7 › Fantasy football rankings › shows prior-season points per game in the drawer, with its season and sample
[577/1400] [webkit] › e2e/fantasy-football.spec.ts:369:7 › Fantasy football rankings › persists a private note from the drawer
[578/1400] [webkit] › e2e/fantasy-football.spec.ts:388:7 › Fantasy football rankings › renders without horizontal overflow at 360px
[579/1400] [webkit] › e2e/fantasy-football.spec.ts:400:7 › Fantasy football rankings › supports the fantasy rankings in dark mode
[580/1400] [webkit] › e2e/fantasy-football.spec.ts:421:7 › Fantasy football draft tracker › loads the correct board for every scoring format
[581/1400] [webkit] › e2e/fantasy-football.spec.ts:478:7 › Fantasy football draft tracker › loads, records picks, and persists after reload
[582/1400] [webkit] › e2e/fantasy-football.spec.ts:516:7 › Fantasy football draft tracker › applies a saved preset without changing the parked room
[583/1400] [webkit] › e2e/fantasy-football.spec.ts:563:7 › Fantasy football best ball › publishes all six ranking presets
[584/1400] [webkit] › e2e/fantasy-football.spec.ts:594:7 › Fantasy football best ball › opens setup for all six tracker presets
[585/1400] [webkit] › e2e/fantasy-football.spec.ts:620:7 › Fantasy football best ball › persists a BBM room and undo/redo state after reload
[586/1400] [webkit] › e2e/fantasy-football.spec.ts:675:7 › Fantasy football best ball › keeps later tracker contests reachable without page overflow at 360px
[587/1400] [webkit] › e2e/fantasy-football.spec.ts:716:7 › Fantasy redirects › /fantasy-football/rb-tiers redirects to the canonical board
[588/1400] [webkit] › e2e/fantasy-football.spec.ts:722:7 › Fantasy redirects › /fantasy-football/tiers/qb redirects to the canonical board
[589/1400] [webkit] › e2e/fantasy-football.spec.ts:728:7 › Fantasy redirects › /qb shortcut redirects to the canonical board
[590/1400] [webkit] › e2e/fantasy-football.spec.ts:736:7 › server-rendered rankings › ships the first page of the board in the HTML for clients that do not run JavaScript
[591/1400] [webkit] › e2e/fantasy-football.spec.ts:755:7 › server-rendered fantasy tools › ships the trade calculator's heading and structured data in the HTML
[592/1400] [webkit] › e2e/fantasy-football.spec.ts:762:7 › server-rendered fantasy tools › ships the weekly board's first rows in the HTML
[593/1400] [webkit] › e2e/fantasy-trade-calculator.spec.ts:23:7 › Fantasy football trade calculator › builds, saves, and isolates a keyboard-entered trade by scoring format
[594/1400] [webkit] › e2e/fantasy-trade-calculator.spec.ts:58:7 › Fantasy football trade calculator › keeps the task readable and operable on a narrow screen
[595/1400] [webkit] › e2e/footer-cta.spec.ts:4:7 › Footer CTA cleanup › uses the Catalog 97 footer after the homepage closing statement
[596/1400] [webkit] › e2e/footer-cta.spec.ts:17:7 › Footer CTA cleanup › uses the Catalog 97 footer on the contact page
[597/1400] [webkit] › e2e/footer-cta.spec.ts:30:7 › Footer CTA cleanup › keeps the portfolio CTA separate from the Catalog 97 footer
(node:31206) Warning: The 'NO_COLOR' env is ignored due to the 'FORCE_COLOR' env being set.
(Use `node --trace-warnings ...` to show where the warning was created)


[598/1400] (retries) [webkit] › e2e/fantasy-trade-calculator.spec.ts:58:7 › Fantasy football trade calculator › keeps the task readable and operable on a narrow screen (retry #1)
[599/1400] [webkit] › e2e/footer-cta.spec.ts:41:7 › Footer CTA cleanup › uses the Catalog 97 footer on writing detail pages
[600/1400] [webkit] › e2e/homepage.spec.ts:16:7 › Homepage › should load successfully
[601/1400] [webkit] › e2e/homepage.spec.ts:21:7 › Homepage › should display hero section
[602/1400] [webkit] › e2e/homepage.spec.ts:33:7 › Homepage › should have functional desktop navigation
[603/1400] [webkit] › e2e/homepage.spec.ts:41:7 › Homepage › should have functional mobile navigation
[604/1400] [webkit] › e2e/homepage.spec.ts:50:7 › Homepage › shows the Catalog 97 hero and primary CTAs
  2) [webkit] › e2e/fantasy-trade-calculator.spec.ts:58:7 › Fantasy football trade calculator › keeps the task readable and operable on a narrow screen 

    Error: expect(received).toBeGreaterThanOrEqual(expected)

    Expected: >= 43.5
    Received:    22

      75 |       // allow half a pixel of rounding under the 44px touch-target floor.
      76 |       expect(box.width).toBeGreaterThanOrEqual(43.5);
    > 77 |       expect(box.height).toBeGreaterThanOrEqual(43.5);
         |                          ^
      78 |     }
      79 |   });
      80 | });
        at /private/tmp/project-repo-audit/clean-install/e2e/fantasy-trade-calculator.spec.ts:77:26

    attachment #1: screenshot (image/png) ──────────────────────────────────────────────────────────
    ../../../../var/folders/f0/7ryz8txs2bq0hnjzmzz34wr80000gn/T/website-playwright-test-results/fantasy-trade-calculator-F-7da00-operable-on-a-narrow-screen-webkit/test-failed-1.png
    ────────────────────────────────────────────────────────────────────────────────────────────────

    Error Context: ../../../../var/folders/f0/7ryz8txs2bq0hnjzmzz34wr80000gn/T/website-playwright-test-results/fantasy-trade-calculator-F-7da00-operable-on-a-narrow-screen-webkit/error-context.md

    Retry #1 ───────────────────────────────────────────────────────────────────────────────────────

    Error: expect(received).toBeGreaterThanOrEqual(expected)

    Expected: >= 43.5
    Received:    22

      75 |       // allow half a pixel of rounding under the 44px touch-target floor.
      76 |       expect(box.width).toBeGreaterThanOrEqual(43.5);
    > 77 |       expect(box.height).toBeGreaterThanOrEqual(43.5);
         |                          ^
      78 |     }
      79 |   });
      80 | });
        at /private/tmp/project-repo-audit/clean-install/e2e/fantasy-trade-calculator.spec.ts:77:26

    attachment #1: screenshot (image/png) ──────────────────────────────────────────────────────────
    ../../../../var/folders/f0/7ryz8txs2bq0hnjzmzz34wr80000gn/T/website-playwright-test-results/fantasy-trade-calculator-F-7da00-operable-on-a-narrow-screen-webkit-retry1/test-failed-1.png
    ────────────────────────────────────────────────────────────────────────────────────────────────

    Error Context: ../../../../var/folders/f0/7ryz8txs2bq0hnjzmzz34wr80000gn/T/website-playwright-test-results/fantasy-trade-calculator-F-7da00-operable-on-a-narrow-screen-webkit-retry1/error-context.md

    attachment #3: trace (application/zip) ─────────────────────────────────────────────────────────
    ../../../../var/folders/f0/7ryz8txs2bq0hnjzmzz34wr80000gn/T/website-playwright-test-results/fantasy-trade-calculator-F-7da00-operable-on-a-narrow-screen-webkit-retry1/trace.zip
    Usage:

        npx playwright show-trace ../../../../var/folders/f0/7ryz8txs2bq0hnjzmzz34wr80000gn/T/website-playwright-test-results/fantasy-trade-calculator-F-7da00-operable-on-a-narrow-screen-webkit-retry1/trace.zip

    ────────────────────────────────────────────────────────────────────────────────────────────────


[605/1400] [webkit] › e2e/homepage.spec.ts:75:7 › Homepage › should have accessible skip link
[606/1400] [webkit] › e2e/homepage.spec.ts:85:7 › Homepage › keeps the hero heading in the initial mobile viewport
(node:31477) Warning: The 'NO_COLOR' env is ignored due to the 'FORCE_COLOR' env being set.
(Use `node --trace-warnings ...` to show where the warning was created)


[607/1400] [webkit] › e2e/homepage.spec.ts:68:7 › Homepage › should be responsive on mobile
[608/1400] [webkit] › e2e/homepage.spec.ts:106:7 › Homepage › keeps the header utilities and primary action usable at 320px
[609/1400] [webkit] › e2e/homepage.spec.ts:154:7 › Homepage › shows the Catalog 97 sections and their links
[610/1400] [webkit] › e2e/homepage.spec.ts:174:7 › Homepage › supports dark theme on the homepage
[611/1400] [webkit] › e2e/homepage.spec.ts:186:7 › Homepage › keeps homepage content visible when reduced motion is requested
[612/1400] [webkit] › e2e/investments.spec.ts:236:7 › Investments › is discoverable from the Catalog 97 navigation through the dashboards index
[613/1400] [webkit] › e2e/investments.spec.ts:252:7 › Investments › supports deep-linked research and uses live price separately from history
[614/1400] [webkit] › e2e/investments.spec.ts:268:7 › Investments › finds Visa by company name and preserves selected research context after reload
[615/1400] [webkit] › e2e/investments.spec.ts:298:7 › Investments › blocks non-curated symbols without fetching an unknown snapshot
[616/1400] [webkit] › e2e/investments.spec.ts:327:7 › Investments › handles direct links to non-curated symbols without requesting an unknown snapshot
[617/1400] [webkit] › e2e/investments.spec.ts:348:7 › Investments › falls back to the latest historical close when live pricing is unavailable
[618/1400] [webkit] › e2e/investments.spec.ts:381:7 › Investments › keeps the shell stable across section navigation and avoids horizontal overflow
[619/1400] [webkit] › e2e/investments.spec.ts:413:7 › Investments › prints the retirement projection when the planner was never scrolled to
[620/1400] [webkit] › e2e/investments.spec.ts:441:7 › Investments › prints in its narrow layout from a desktop window
[621/1400] [webkit] › e2e/investments.spec.ts:499:7 › Investments › keeps the disclaimers and the assumptions on the printed page
[622/1400] [webkit] › e2e/investments.spec.ts:519:7 › Investments › homepage prioritizes the fintech project in projects
[623/1400] [webkit] › e2e/investments.spec.ts:568:9 › Investments links that name a section › a fresh load of #hero lands on it
[624/1400] [webkit] › e2e/investments.spec.ts:568:9 › Investments links that name a section › a fresh load of #performance lands on it
[625/1400] [webkit] › e2e/investments.spec.ts:568:9 › Investments links that name a section › a fresh load of #portfolio-stats lands on it
[626/1400] [webkit] › e2e/investments.spec.ts:568:9 › Investments links that name a section › a fresh load of #add-holding lands on it
[627/1400] [webkit] › e2e/investments.spec.ts:568:9 › Investments links that name a section › a fresh load of #research-section lands on it
[628/1400] [webkit] › e2e/investments.spec.ts:568:9 › Investments links that name a section › a fresh load of #retirement lands on it
[629/1400] [webkit] › e2e/investments.spec.ts:586:9 › Investments links that name a section › a fresh load of #holdings-list lands on it once the saved holdings render
[630/1400] [webkit] › e2e/investments.spec.ts:586:9 › Investments links that name a section › a fresh load of #allocation lands on it once the saved holdings render
[631/1400] [webkit] › e2e/investments.spec.ts:599:7 › Investments links that name a section › holds the section in place when saved holdings render above it
[632/1400] [webkit] › e2e/investments.spec.ts:614:7 › Investments links that name a section › keeps the fragment when it rewrites a legacy link
[633/1400] [webkit] › e2e/investments.spec.ts:624:7 › Investments links that name a section › holds the section in place when the page grows above it
[634/1400] [webkit] › e2e/investments.spec.ts:636:7 › Investments links that name a section › leaves the page where the visitor put it
[635/1400] [webkit] › e2e/investments.spec.ts:771:13 › Retirement projection chart › label boxes › keeps every label inside the drawing at desktop type for the sample plan, 35 to 95
[636/1400] [webkit] › e2e/investments.spec.ts:793:13 › Retirement projection chart › label boxes › keeps the age ticks clear of the other labels at desktop type for the sample plan, 35 to 95
[637/1400] [webkit] › e2e/investments.spec.ts:771:13 › Retirement projection chart › label boxes › keeps every label inside the drawing at desktop type for a late retirement, 70 on a plan from 35 to 75
[638/1400] [webkit] › e2e/investments.spec.ts:793:13 › Retirement projection chart › label boxes › keeps the age ticks clear of the other labels at desktop type for a late retirement, 70 on a plan from 35 to 75
[639/1400] [webkit] › e2e/investments.spec.ts:771:13 › Retirement projection chart › label boxes › keeps every label inside the drawing at desktop type for a plan with a tick on both edges, 40 to 100
[640/1400] [webkit] › e2e/investments.spec.ts:793:13 › Retirement projection chart › label boxes › keeps the age ticks clear of the other labels at desktop type for a plan with a tick on both edges, 40 to 100
[641/1400] [webkit] › e2e/investments.spec.ts:771:13 › Retirement projection chart › label boxes › keeps every label inside the drawing at desktop type for the longest plan, 18 to 110
[642/1400] [webkit] › e2e/investments.spec.ts:793:13 › Retirement projection chart › label boxes › keeps the age ticks clear of the other labels at desktop type for the longest plan, 18 to 110
[643/1400] [webkit] › e2e/investments.spec.ts:771:13 › Retirement projection chart › label boxes › keeps every label inside the drawing at desktop type for the shortest plan, 89 to 91
[644/1400] [webkit] › e2e/investments.spec.ts:793:13 › Retirement projection chart › label boxes › keeps the age ticks clear of the other labels at desktop type for the shortest plan, 89 to 91
[645/1400] [webkit] › e2e/investments.spec.ts:771:13 › Retirement projection chart › label boxes › keeps every label inside the drawing at desktop type for a plan that ends past 100, 70 to 110
[646/1400] [webkit] › e2e/investments.spec.ts:793:13 › Retirement projection chart › label boxes › keeps the age ticks clear of the other labels at desktop type for a plan that ends past 100, 70 to 110
[647/1400] [webkit] › e2e/investments.spec.ts:819:11 › Retirement projection chart › label boxes › keeps the age ticks below the plot at desktop type
[648/1400] [webkit] › e2e/investments.spec.ts:771:13 › Retirement projection chart › label boxes › keeps every label inside the drawing at phone type for the sample plan, 35 to 95
[649/1400] [webkit] › e2e/investments.spec.ts:793:13 › Retirement projection chart › label boxes › keeps the age ticks clear of the other labels at phone type for the sample plan, 35 to 95
[650/1400] [webkit] › e2e/investments.spec.ts:771:13 › Retirement projection chart › label boxes › keeps every label inside the drawing at phone type for a late retirement, 70 on a plan from 35 to 75
[651/1400] [webkit] › e2e/investments.spec.ts:793:13 › Retirement projection chart › label boxes › keeps the age ticks clear of the other labels at phone type for a late retirement, 70 on a plan from 35 to 75
[652/1400] [webkit] › e2e/investments.spec.ts:771:13 › Retirement projection chart › label boxes › keeps every label inside the drawing at phone type for a plan with a tick on both edges, 40 to 100
[653/1400] [webkit] › e2e/investments.spec.ts:793:13 › Retirement projection chart › label boxes › keeps the age ticks clear of the other labels at phone type for a plan with a tick on both edges, 40 to 100
[654/1400] [webkit] › e2e/investments.spec.ts:771:13 › Retirement projection chart › label boxes › keeps every label inside the drawing at phone type for the longest plan, 18 to 110
[655/1400] [webkit] › e2e/investments.spec.ts:793:13 › Retirement projection chart › label boxes › keeps the age ticks clear of the other labels at phone type for the longest plan, 18 to 110
[656/1400] [webkit] › e2e/investments.spec.ts:771:13 › Retirement projection chart › label boxes › keeps every label inside the drawing at phone type for the shortest plan, 89 to 91
[657/1400] [webkit] › e2e/investments.spec.ts:793:13 › Retirement projection chart › label boxes › keeps the age ticks clear of the other labels at phone type for the shortest plan, 89 to 91
[658/1400] [webkit] › e2e/investments.spec.ts:771:13 › Retirement projection chart › label boxes › keeps every label inside the drawing at phone type for a plan that ends past 100, 70 to 110
[659/1400] [webkit] › e2e/investments.spec.ts:793:13 › Retirement projection chart › label boxes › keeps the age ticks clear of the other labels at phone type for a plan that ends past 100, 70 to 110
[660/1400] [webkit] › e2e/investments.spec.ts:819:11 › Retirement projection chart › label boxes › keeps the age ticks below the plot at phone type
[661/1400] [webkit] › e2e/investments.spec.ts:834:7 › Retirement projection chart › labels whole ages on a plan that runs two years
[662/1400] [webkit] › e2e/investments.spec.ts:849:11 › Retirement projection chart › keeps the age label clear of the age ticks at desktop type for the sample plan, 35 to 95
[663/1400] [webkit] › e2e/investments.spec.ts:849:11 › Retirement projection chart › keeps the age label clear of the age ticks at desktop type for a plan that ends on a tick, 35 to 90
[664/1400] [webkit] › e2e/investments.spec.ts:849:11 › Retirement projection chart › keeps the age label clear of the age ticks at desktop type for the longest plan, 18 to 110
[665/1400] [webkit] › e2e/investments.spec.ts:849:11 › Retirement projection chart › keeps the age label clear of the age ticks at desktop type for the shortest plan, 89 to 91
[666/1400] [webkit] › e2e/investments.spec.ts:849:11 › Retirement projection chart › keeps the age label clear of the age ticks at phone type for the sample plan, 35 to 95
[667/1400] [webkit] › e2e/investments.spec.ts:849:11 › Retirement projection chart › keeps the age label clear of the age ticks at phone type for a plan that ends on a tick, 35 to 90
[668/1400] [webkit] › e2e/investments.spec.ts:849:11 › Retirement projection chart › keeps the age label clear of the age ticks at phone type for the longest plan, 18 to 110
[669/1400] [webkit] › e2e/investments.spec.ts:849:11 › Retirement projection chart › keeps the age label clear of the age ticks at phone type for the shortest plan, 89 to 91
[670/1400] [webkit] › e2e/investments.spec.ts:894:7 › Retirement projection chart › keeps the caption on the chart's page when the page prints
[671/1400] [webkit] › e2e/march-madness.spec.ts:4:7 › March Madness › loads the default route with metadata and no horizontal overflow
[672/1400] [webkit] › e2e/march-madness.spec.ts:37:7 › March Madness › supports hero CTAs and deep-link states
[673/1400] [webkit] › e2e/march-madness.spec.ts:60:7 › March Madness › links to the companion article from the bracket tool
[674/1400] [webkit] › e2e/navigation.spec.ts:11:7 › Navigation › should navigate through the Catalog 97 header destinations
[675/1400] [webkit] › e2e/navigation.spec.ts:58:7 › Navigation › should keep the active destination marked in navigation
[676/1400] [webkit] › e2e/navigation.spec.ts:66:7 › Navigation › should navigate using browser back button
[677/1400] [webkit] › e2e/navigation.spec.ts:79:7 › Navigation › should keep wrapped mobile navigation tappable and avoid horizontal overflow
[678/1400] [webkit] › e2e/persisted-tools.spec.ts:10:7 › Personal-interest tools persist state › museum log remembers a logged visit across a reload
[679/1400] [webkit] › e2e/portfolio-shell.spec.ts:13:9 › Portfolio shell › / has a title, exactly one h1, and one main landmark
[680/1400] [webkit] › e2e/portfolio-shell.spec.ts:13:9 › Portfolio shell › /portfolio has a title, exactly one h1, and one main landmark
[681/1400] [webkit] › e2e/portfolio-shell.spec.ts:13:9 › Portfolio shell › /writing has a title, exactly one h1, and one main landmark
[682/1400] [webkit] › e2e/portfolio-shell.spec.ts:13:9 › Portfolio shell › /dashboards has a title, exactly one h1, and one main landmark
[683/1400] [webkit] › e2e/portfolio-shell.spec.ts:13:9 › Portfolio shell › /about has a title, exactly one h1, and one main landmark
[684/1400] [webkit] › e2e/portfolio-shell.spec.ts:13:9 › Portfolio shell › /resume has a title, exactly one h1, and one main landmark
[685/1400] [webkit] › e2e/portfolio-shell.spec.ts:13:9 › Portfolio shell › /contact has a title, exactly one h1, and one main landmark
[686/1400] [webkit] › e2e/portfolio-shell.spec.ts:33:7 › Portfolio shell › /portfolio renders the masthead, lead projects, filter, and index
[687/1400] [webkit] › e2e/print.spec.ts:137:9 › Print › repeats no vector image behind / on paper
[688/1400] [webkit] › e2e/print.spec.ts:137:9 › Print › repeats no vector image behind /about on paper
[689/1400] [webkit] › e2e/print.spec.ts:137:9 › Print › repeats no vector image behind /investments on paper
[690/1400] [webkit] › e2e/print.spec.ts:148:9 › Print › filters and blends nothing on /about on paper in Firefox's engine
[691/1400] [webkit] › e2e/print.spec.ts:148:9 › Print › filters and blends nothing on /resume on paper in Firefox's engine
[692/1400] [webkit] › e2e/print.spec.ts:148:9 › Print › filters and blends nothing on /writing/2026-march-madness-bracket-analysis on paper in Firefox's engine
[693/1400] [webkit] › e2e/print.spec.ts:163:7 › Print › keeps the portrait's treatment on paper outside Firefox's engine
[694/1400] [webkit] › e2e/print.spec.ts:178:9 › Print › prints the shared grids on /about narrow from a desktop window
[695/1400] [webkit] › e2e/print.spec.ts:178:9 › Print › prints the shared grids on /dashboards narrow from a desktop window
[696/1400] [webkit] › e2e/print.spec.ts:178:9 › Print › prints the shared grids on /accessibility narrow from a desktop window
[697/1400] [webkit] › e2e/print.spec.ts:192:9 › Print › keeps each grid's own gap when /about stacks it on paper
[698/1400] [webkit] › e2e/print.spec.ts:192:9 › Print › keeps each grid's own gap when /resume stacks it on paper
[699/1400] [webkit] › e2e/print.spec.ts:203:7 › Print › prints Home in its narrow layout from a desktop window
[700/1400] [webkit] › e2e/print.spec.ts:227:9 › Print › shows nothing through a mask on / on paper
[701/1400] [webkit] › e2e/print.spec.ts:227:9 › Print › shows nothing through a mask on /about on paper
[702/1400] [webkit] › e2e/print.spec.ts:227:9 › Print › shows nothing through a mask on /investments on paper
[703/1400] [webkit] › e2e/print.spec.ts:227:9 › Print › shows nothing through a mask on /writing on paper
[704/1400] [webkit] › e2e/print.spec.ts:237:7 › Print › tears the seams with a clip path on paper
[705/1400] [webkit] › e2e/product-surfaces.spec.ts:25:7 › Product surfaces › football dashboards render standings and selectable club detail panels
[706/1400] [webkit] › e2e/product-surfaces.spec.ts:53:7 › Product surfaces › snapshot dashboards preserve interactive filter state in the URL
[707/1400] [webkit] › e2e/product-surfaces.spec.ts:78:7 › Product surfaces › polling and SpaceX tools load deep-linked operational views
[708/1400] [webkit] › e2e/product-surfaces.spec.ts:113:7 › Product surfaces › fintech tools accept calculator and ledger input
[709/1400] [webkit] › e2e/product-surfaces.spec.ts:150:7 › Product surfaces › news pulse dashboard boots and switches editorial views
[710/1400] [webkit] › e2e/project-routes.spec.ts:41:11 › project routes in America/Los_Angeles › /investments renders its hero and hydrates cleanly
[711/1400] [webkit] › e2e/project-routes.spec.ts:41:11 › project routes in America/Los_Angeles › /fantasy-football renders its hero and hydrates cleanly
[712/1400] [webkit] › e2e/project-routes.spec.ts:41:11 › project routes in America/Los_Angeles › /fintech-tools/interchange-iq renders its hero and hydrates cleanly
[713/1400] [webkit] › e2e/project-routes.spec.ts:41:11 › project routes in America/Los_Angeles › /fintech-tools/budget-planner renders its hero and hydrates cleanly
[714/1400] [webkit] › e2e/project-routes.spec.ts:41:11 › project routes in America/Los_Angeles › /fintech-tools/rent-vs-buy renders its hero and hydrates cleanly
[715/1400] [webkit] › e2e/project-routes.spec.ts:41:11 › project routes in America/Los_Angeles › /news-pulse renders its hero and hydrates cleanly
[716/1400] [webkit] › e2e/project-routes.spec.ts:41:11 › project routes in America/Los_Angeles › /decision-lab renders its hero and hydrates cleanly
[717/1400] [webkit] › e2e/project-routes.spec.ts:41:11 › project routes in America/Los_Angeles › /enablement-assistant renders its hero and hydrates cleanly
(node:34268) Warning: The 'NO_COLOR' env is ignored due to the 'FORCE_COLOR' env being set.
(Use `node --trace-warnings ...` to show where the warning was created)


[718/1400] (retries) [webkit] › e2e/project-routes.spec.ts:41:11 › project routes in America/Los_Angeles › /news-pulse renders its hero and hydrates cleanly (retry #1)
[719/1400] [webkit] › e2e/project-routes.spec.ts:41:11 › project routes in America/Los_Angeles › /food-map renders its hero and hydrates cleanly
[720/1400] [webkit] › e2e/project-routes.spec.ts:41:11 › project routes in America/Los_Angeles › /march-madness-2026 renders its hero and hydrates cleanly
[721/1400] [webkit] › e2e/project-routes.spec.ts:41:11 › project routes in America/Los_Angeles › /la-liga renders its hero and hydrates cleanly
[722/1400] [webkit] › e2e/project-routes.spec.ts:41:11 › project routes in America/Los_Angeles › /mba-internship-notifications renders its hero and hydrates cleanly
  3) [webkit] › e2e/project-routes.spec.ts:41:11 › project routes in America/Los_Angeles › /news-pulse renders its hero and hydrates cleanly 

    Error: expect(received).toEqual(expected) // deep equality

    - Expected  - 1
    + Received  + 3

    - Array []
    + Array [
    +   "Minified React error #418; visit https://react.dev/errors/418?args[]=text&args[]= for the full message or use the non-minified dev environment for full errors and additional helpful warnings.",
    + ]

      55 |
      56 |         await page.waitForTimeout(500);
    > 57 |         expect(hydrationErrors).toEqual([]);
         |                                 ^
      58 |       });
      59 |     }
      60 |   });
        at /private/tmp/project-repo-audit/clean-install/e2e/project-routes.spec.ts:57:33

    attachment #1: screenshot (image/png) ──────────────────────────────────────────────────────────
    ../../../../var/folders/f0/7ryz8txs2bq0hnjzmzz34wr80000gn/T/website-playwright-test-results/project-routes-project-rou-24180-s-hero-and-hydrates-cleanly-webkit/test-failed-1.png
    ────────────────────────────────────────────────────────────────────────────────────────────────

    Error Context: ../../../../var/folders/f0/7ryz8txs2bq0hnjzmzz34wr80000gn/T/website-playwright-test-results/project-routes-project-rou-24180-s-hero-and-hydrates-cleanly-webkit/error-context.md

    Retry #1 ───────────────────────────────────────────────────────────────────────────────────────

    Error: expect(received).toEqual(expected) // deep equality

    - Expected  - 1
    + Received  + 3

    - Array []
    + Array [
    +   "Minified React error #418; visit https://react.dev/errors/418?args[]=text&args[]= for the full message or use the non-minified dev environment for full errors and additional helpful warnings.",
    + ]

      55 |
      56 |         await page.waitForTimeout(500);
    > 57 |         expect(hydrationErrors).toEqual([]);
         |                                 ^
      58 |       });
      59 |     }
      60 |   });
        at /private/tmp/project-repo-audit/clean-install/e2e/project-routes.spec.ts:57:33

    attachment #1: screenshot (image/png) ──────────────────────────────────────────────────────────
    ../../../../var/folders/f0/7ryz8txs2bq0hnjzmzz34wr80000gn/T/website-playwright-test-results/project-routes-project-rou-24180-s-hero-and-hydrates-cleanly-webkit-retry1/test-failed-1.png
    ────────────────────────────────────────────────────────────────────────────────────────────────

    Error Context: ../../../../var/folders/f0/7ryz8txs2bq0hnjzmzz34wr80000gn/T/website-playwright-test-results/project-routes-project-rou-24180-s-hero-and-hydrates-cleanly-webkit-retry1/error-context.md

    attachment #3: trace (application/zip) ─────────────────────────────────────────────────────────
    ../../../../var/folders/f0/7ryz8txs2bq0hnjzmzz34wr80000gn/T/website-playwright-test-results/project-routes-project-rou-24180-s-hero-and-hydrates-cleanly-webkit-retry1/trace.zip
    Usage:

        npx playwright show-trace ../../../../var/folders/f0/7ryz8txs2bq0hnjzmzz34wr80000gn/T/website-playwright-test-results/project-routes-project-rou-24180-s-hero-and-hydrates-cleanly-webkit-retry1/trace.zip

    ────────────────────────────────────────────────────────────────────────────────────────────────


(node:34460) Warning: The 'NO_COLOR' env is ignored due to the 'FORCE_COLOR' env being set.
(Use `node --trace-warnings ...` to show where the warning was created)


[723/1400] [webkit] › e2e/project-routes.spec.ts:41:11 › project routes in America/Los_Angeles › /spacex-mission-control renders its hero and hydrates cleanly
(node:34476) Warning: The 'NO_COLOR' env is ignored due to the 'FORCE_COLOR' env being set.
(Use `node --trace-warnings ...` to show where the warning was created)


[724/1400] (retries) [webkit] › e2e/project-routes.spec.ts:41:11 › project routes in America/Los_Angeles › /la-liga renders its hero and hydrates cleanly (retry #1)
(node:34524) Warning: The 'NO_COLOR' env is ignored due to the 'FORCE_COLOR' env being set.
(Use `node --trace-warnings ...` to show where the warning was created)


[725/1400] (retries) [webkit] › e2e/project-routes.spec.ts:41:11 › project routes in America/Los_Angeles › /mba-internship-notifications renders its hero and hydrates cleanly (retry #1)
(node:34559) Warning: The 'NO_COLOR' env is ignored due to the 'FORCE_COLOR' env being set.
(Use `node --trace-warnings ...` to show where the warning was created)


[726/1400] (retries) [webkit] › e2e/project-routes.spec.ts:41:11 › project routes in America/Los_Angeles › /spacex-mission-control renders its hero and hydrates cleanly (retry #1)
  4) [webkit] › e2e/project-routes.spec.ts:41:11 › project routes in America/Los_Angeles › /la-liga renders its hero and hydrates cleanly 

    Error: expect(received).toEqual(expected) // deep equality

    - Expected  - 1
    + Received  + 3

    - Array []
    + Array [
    +   "Minified React error #418; visit https://react.dev/errors/418?args[]=text&args[]= for the full message or use the non-minified dev environment for full errors and additional helpful warnings.",
    + ]

      55 |
      56 |         await page.waitForTimeout(500);
    > 57 |         expect(hydrationErrors).toEqual([]);
         |                                 ^
      58 |       });
      59 |     }
      60 |   });
        at /private/tmp/project-repo-audit/clean-install/e2e/project-routes.spec.ts:57:33

    attachment #1: screenshot (image/png) ──────────────────────────────────────────────────────────
    ../../../../var/folders/f0/7ryz8txs2bq0hnjzmzz34wr80000gn/T/website-playwright-test-results/project-routes-project-rou-85591-s-hero-and-hydrates-cleanly-webkit/test-failed-1.png
    ────────────────────────────────────────────────────────────────────────────────────────────────

    Error Context: ../../../../var/folders/f0/7ryz8txs2bq0hnjzmzz34wr80000gn/T/website-playwright-test-results/project-routes-project-rou-85591-s-hero-and-hydrates-cleanly-webkit/error-context.md

    Retry #1 ───────────────────────────────────────────────────────────────────────────────────────

    Error: expect(received).toEqual(expected) // deep equality

    - Expected  - 1
    + Received  + 3

    - Array []
    + Array [
    +   "Minified React error #418; visit https://react.dev/errors/418?args[]=text&args[]= for the full message or use the non-minified dev environment for full errors and additional helpful warnings.",
    + ]

      55 |
      56 |         await page.waitForTimeout(500);
    > 57 |         expect(hydrationErrors).toEqual([]);
         |                                 ^
      58 |       });
      59 |     }
      60 |   });
        at /private/tmp/project-repo-audit/clean-install/e2e/project-routes.spec.ts:57:33

    attachment #1: screenshot (image/png) ──────────────────────────────────────────────────────────
    ../../../../var/folders/f0/7ryz8txs2bq0hnjzmzz34wr80000gn/T/website-playwright-test-results/project-routes-project-rou-85591-s-hero-and-hydrates-cleanly-webkit-retry1/test-failed-1.png
    ────────────────────────────────────────────────────────────────────────────────────────────────

    Error Context: ../../../../var/folders/f0/7ryz8txs2bq0hnjzmzz34wr80000gn/T/website-playwright-test-results/project-routes-project-rou-85591-s-hero-and-hydrates-cleanly-webkit-retry1/error-context.md

    attachment #3: trace (application/zip) ─────────────────────────────────────────────────────────
    ../../../../var/folders/f0/7ryz8txs2bq0hnjzmzz34wr80000gn/T/website-playwright-test-results/project-routes-project-rou-85591-s-hero-and-hydrates-cleanly-webkit-retry1/trace.zip
    Usage:

        npx playwright show-trace ../../../../var/folders/f0/7ryz8txs2bq0hnjzmzz34wr80000gn/T/website-playwright-test-results/project-routes-project-rou-85591-s-hero-and-hydrates-cleanly-webkit-retry1/trace.zip

    ────────────────────────────────────────────────────────────────────────────────────────────────


(node:34618) Warning: The 'NO_COLOR' env is ignored due to the 'FORCE_COLOR' env being set.
(Use `node --trace-warnings ...` to show where the warning was created)


[727/1400] [webkit] › e2e/project-routes.spec.ts:41:11 › project routes in America/Los_Angeles › /premier-league renders its hero and hydrates cleanly
  5) [webkit] › e2e/project-routes.spec.ts:41:11 › project routes in America/Los_Angeles › /mba-internship-notifications renders its hero and hydrates cleanly 

    Error: expect(received).toEqual(expected) // deep equality

    - Expected  - 1
    + Received  + 3

    - Array []
    + Array [
    +   "Minified React error #418; visit https://react.dev/errors/418?args[]=text&args[]= for the full message or use the non-minified dev environment for full errors and additional helpful warnings.",
    + ]

      55 |
      56 |         await page.waitForTimeout(500);
    > 57 |         expect(hydrationErrors).toEqual([]);
         |                                 ^
      58 |       });
      59 |     }
      60 |   });
        at /private/tmp/project-repo-audit/clean-install/e2e/project-routes.spec.ts:57:33

    attachment #1: screenshot (image/png) ──────────────────────────────────────────────────────────
    ../../../../var/folders/f0/7ryz8txs2bq0hnjzmzz34wr80000gn/T/website-playwright-test-results/project-routes-project-rou-1f19d-s-hero-and-hydrates-cleanly-webkit/test-failed-1.png
    ────────────────────────────────────────────────────────────────────────────────────────────────

    Error Context: ../../../../var/folders/f0/7ryz8txs2bq0hnjzmzz34wr80000gn/T/website-playwright-test-results/project-routes-project-rou-1f19d-s-hero-and-hydrates-cleanly-webkit/error-context.md

    Retry #1 ───────────────────────────────────────────────────────────────────────────────────────

    Error: expect(received).toEqual(expected) // deep equality

    - Expected  - 1
    + Received  + 3

    - Array []
    + Array [
    +   "Minified React error #418; visit https://react.dev/errors/418?args[]=text&args[]= for the full message or use the non-minified dev environment for full errors and additional helpful warnings.",
    + ]

      55 |
      56 |         await page.waitForTimeout(500);
    > 57 |         expect(hydrationErrors).toEqual([]);
         |                                 ^
      58 |       });
      59 |     }
      60 |   });
        at /private/tmp/project-repo-audit/clean-install/e2e/project-routes.spec.ts:57:33

    attachment #1: screenshot (image/png) ──────────────────────────────────────────────────────────
    ../../../../var/folders/f0/7ryz8txs2bq0hnjzmzz34wr80000gn/T/website-playwright-test-results/project-routes-project-rou-1f19d-s-hero-and-hydrates-cleanly-webkit-retry1/test-failed-1.png
    ────────────────────────────────────────────────────────────────────────────────────────────────

    Error Context: ../../../../var/folders/f0/7ryz8txs2bq0hnjzmzz34wr80000gn/T/website-playwright-test-results/project-routes-project-rou-1f19d-s-hero-and-hydrates-cleanly-webkit-retry1/error-context.md

    attachment #3: trace (application/zip) ─────────────────────────────────────────────────────────
    ../../../../var/folders/f0/7ryz8txs2bq0hnjzmzz34wr80000gn/T/website-playwright-test-results/project-routes-project-rou-1f19d-s-hero-and-hydrates-cleanly-webkit-retry1/trace.zip
    Usage:

        npx playwright show-trace ../../../../var/folders/f0/7ryz8txs2bq0hnjzmzz34wr80000gn/T/website-playwright-test-results/project-routes-project-rou-1f19d-s-hero-and-hydrates-cleanly-webkit-retry1/trace.zip

    ────────────────────────────────────────────────────────────────────────────────────────────────


(node:34844) Warning: The 'NO_COLOR' env is ignored due to the 'FORCE_COLOR' env being set.
(Use `node --trace-warnings ...` to show where the warning was created)


[728/1400] [webkit] › e2e/project-routes.spec.ts:41:11 › project routes in America/Los_Angeles › /frontier-models renders its hero and hydrates cleanly
  6) [webkit] › e2e/project-routes.spec.ts:41:11 › project routes in America/Los_Angeles › /spacex-mission-control renders its hero and hydrates cleanly 

    Error: expect(received).toEqual(expected) // deep equality

    - Expected  - 1
    + Received  + 3

    - Array []
    + Array [
    +   "Minified React error #418; visit https://react.dev/errors/418?args[]=text&args[]= for the full message or use the non-minified dev environment for full errors and additional helpful warnings.",
    + ]

      55 |
      56 |         await page.waitForTimeout(500);
    > 57 |         expect(hydrationErrors).toEqual([]);
         |                                 ^
      58 |       });
      59 |     }
      60 |   });
        at /private/tmp/project-repo-audit/clean-install/e2e/project-routes.spec.ts:57:33

    attachment #1: screenshot (image/png) ──────────────────────────────────────────────────────────
    ../../../../var/folders/f0/7ryz8txs2bq0hnjzmzz34wr80000gn/T/website-playwright-test-results/project-routes-project-rou-245c4-s-hero-and-hydrates-cleanly-webkit/test-failed-1.png
    ────────────────────────────────────────────────────────────────────────────────────────────────

    Error Context: ../../../../var/folders/f0/7ryz8txs2bq0hnjzmzz34wr80000gn/T/website-playwright-test-results/project-routes-project-rou-245c4-s-hero-and-hydrates-cleanly-webkit/error-context.md

    Retry #1 ───────────────────────────────────────────────────────────────────────────────────────

    Error: expect(received).toEqual(expected) // deep equality

    - Expected  - 1
    + Received  + 3

    - Array []
    + Array [
    +   "Minified React error #418; visit https://react.dev/errors/418?args[]=text&args[]= for the full message or use the non-minified dev environment for full errors and additional helpful warnings.",
    + ]

      55 |
      56 |         await page.waitForTimeout(500);
    > 57 |         expect(hydrationErrors).toEqual([]);
         |                                 ^
      58 |       });
      59 |     }
      60 |   });
        at /private/tmp/project-repo-audit/clean-install/e2e/project-routes.spec.ts:57:33

    attachment #1: screenshot (image/png) ──────────────────────────────────────────────────────────
    ../../../../var/folders/f0/7ryz8txs2bq0hnjzmzz34wr80000gn/T/website-playwright-test-results/project-routes-project-rou-245c4-s-hero-and-hydrates-cleanly-webkit-retry1/test-failed-1.png
    ────────────────────────────────────────────────────────────────────────────────────────────────

    Error Context: ../../../../var/folders/f0/7ryz8txs2bq0hnjzmzz34wr80000gn/T/website-playwright-test-results/project-routes-project-rou-245c4-s-hero-and-hydrates-cleanly-webkit-retry1/error-context.md

    attachment #3: trace (application/zip) ─────────────────────────────────────────────────────────
    ../../../../var/folders/f0/7ryz8txs2bq0hnjzmzz34wr80000gn/T/website-playwright-test-results/project-routes-project-rou-245c4-s-hero-and-hydrates-cleanly-webkit-retry1/trace.zip
    Usage:

        npx playwright show-trace ../../../../var/folders/f0/7ryz8txs2bq0hnjzmzz34wr80000gn/T/website-playwright-test-results/project-routes-project-rou-245c4-s-hero-and-hydrates-cleanly-webkit-retry1/trace.zip

    ────────────────────────────────────────────────────────────────────────────────────────────────


(node:34962) Warning: The 'NO_COLOR' env is ignored due to the 'FORCE_COLOR' env being set.
(Use `node --trace-warnings ...` to show where the warning was created)


[729/1400] [webkit] › e2e/project-routes.spec.ts:41:11 › project routes in America/Los_Angeles › /ai-dev-tools renders its hero and hydrates cleanly
(node:34965) Warning: The 'NO_COLOR' env is ignored due to the 'FORCE_COLOR' env being set.
(Use `node --trace-warnings ...` to show where the warning was created)


[730/1400] (retries) [webkit] › e2e/project-routes.spec.ts:41:11 › project routes in America/Los_Angeles › /premier-league renders its hero and hydrates cleanly (retry #1)
[731/1400] [webkit] › e2e/project-routes.spec.ts:41:11 › project routes in America/Los_Angeles › /github-trending-pulse renders its hero and hydrates cleanly
[732/1400] [webkit] › e2e/project-routes.spec.ts:41:11 › project routes in America/Los_Angeles › /tech-startup-tracker renders its hero and hydrates cleanly
  7) [webkit] › e2e/project-routes.spec.ts:41:11 › project routes in America/Los_Angeles › /premier-league renders its hero and hydrates cleanly 

    Error: expect(received).toEqual(expected) // deep equality

    - Expected  - 1
    + Received  + 3

    - Array []
    + Array [
    +   "Minified React error #418; visit https://react.dev/errors/418?args[]=text&args[]= for the full message or use the non-minified dev environment for full errors and additional helpful warnings.",
    + ]

      55 |
      56 |         await page.waitForTimeout(500);
    > 57 |         expect(hydrationErrors).toEqual([]);
         |                                 ^
      58 |       });
      59 |     }
      60 |   });
        at /private/tmp/project-repo-audit/clean-install/e2e/project-routes.spec.ts:57:33

    attachment #1: screenshot (image/png) ──────────────────────────────────────────────────────────
    ../../../../var/folders/f0/7ryz8txs2bq0hnjzmzz34wr80000gn/T/website-playwright-test-results/project-routes-project-rou-c735c-s-hero-and-hydrates-cleanly-webkit/test-failed-1.png
    ────────────────────────────────────────────────────────────────────────────────────────────────

    Error Context: ../../../../var/folders/f0/7ryz8txs2bq0hnjzmzz34wr80000gn/T/website-playwright-test-results/project-routes-project-rou-c735c-s-hero-and-hydrates-cleanly-webkit/error-context.md

    Retry #1 ───────────────────────────────────────────────────────────────────────────────────────

    Error: expect(received).toEqual(expected) // deep equality

    - Expected  - 1
    + Received  + 3

    - Array []
    + Array [
    +   "Minified React error #418; visit https://react.dev/errors/418?args[]=text&args[]= for the full message or use the non-minified dev environment for full errors and additional helpful warnings.",
    + ]

      55 |
      56 |         await page.waitForTimeout(500);
    > 57 |         expect(hydrationErrors).toEqual([]);
         |                                 ^
      58 |       });
      59 |     }
      60 |   });
        at /private/tmp/project-repo-audit/clean-install/e2e/project-routes.spec.ts:57:33

    attachment #1: screenshot (image/png) ──────────────────────────────────────────────────────────
    ../../../../var/folders/f0/7ryz8txs2bq0hnjzmzz34wr80000gn/T/website-playwright-test-results/project-routes-project-rou-c735c-s-hero-and-hydrates-cleanly-webkit-retry1/test-failed-1.png
    ────────────────────────────────────────────────────────────────────────────────────────────────

    Error Context: ../../../../var/folders/f0/7ryz8txs2bq0hnjzmzz34wr80000gn/T/website-playwright-test-results/project-routes-project-rou-c735c-s-hero-and-hydrates-cleanly-webkit-retry1/error-context.md

    attachment #3: trace (application/zip) ─────────────────────────────────────────────────────────
    ../../../../var/folders/f0/7ryz8txs2bq0hnjzmzz34wr80000gn/T/website-playwright-test-results/project-routes-project-rou-c735c-s-hero-and-hydrates-cleanly-webkit-retry1/trace.zip
    Usage:

        npx playwright show-trace ../../../../var/folders/f0/7ryz8txs2bq0hnjzmzz34wr80000gn/T/website-playwright-test-results/project-routes-project-rou-c735c-s-hero-and-hydrates-cleanly-webkit-retry1/trace.zip

    ────────────────────────────────────────────────────────────────────────────────────────────────


(node:35456) Warning: The 'NO_COLOR' env is ignored due to the 'FORCE_COLOR' env being set.
(Use `node --trace-warnings ...` to show where the warning was created)


[733/1400] [webkit] › e2e/project-routes.spec.ts:41:11 › project routes in America/Los_Angeles › /formula-1 renders its hero and hydrates cleanly
(node:35504) Warning: The 'NO_COLOR' env is ignored due to the 'FORCE_COLOR' env being set.
(Use `node --trace-warnings ...` to show where the warning was created)


[734/1400] (retries) [webkit] › e2e/project-routes.spec.ts:41:11 › project routes in America/Los_Angeles › /github-trending-pulse renders its hero and hydrates cleanly (retry #1)
[735/1400] [webkit] › e2e/project-routes.spec.ts:41:11 › project routes in America/Los_Angeles › /fantasy-formula-1 renders its hero and hydrates cleanly
(node:35582) Warning: The 'NO_COLOR' env is ignored due to the 'FORCE_COLOR' env being set.
(Use `node --trace-warnings ...` to show where the warning was created)


[736/1400] (retries) [webkit] › e2e/project-routes.spec.ts:41:11 › project routes in America/Los_Angeles › /fantasy-formula-1 renders its hero and hydrates cleanly (retry #1)
(node:35583) Warning: The 'NO_COLOR' env is ignored due to the 'FORCE_COLOR' env being set.
(Use `node --trace-warnings ...` to show where the warning was created)


[737/1400] (retries) [webkit] › e2e/project-routes.spec.ts:41:11 › project routes in America/Los_Angeles › /formula-1 renders its hero and hydrates cleanly (retry #1)
  8) [webkit] › e2e/project-routes.spec.ts:41:11 › project routes in America/Los_Angeles › /github-trending-pulse renders its hero and hydrates cleanly 

    Error: expect(received).toEqual(expected) // deep equality

    - Expected  - 1
    + Received  + 3

    - Array []
    + Array [
    +   "Minified React error #418; visit https://react.dev/errors/418?args[]=text&args[]= for the full message or use the non-minified dev environment for full errors and additional helpful warnings.",
    + ]

      55 |
      56 |         await page.waitForTimeout(500);
    > 57 |         expect(hydrationErrors).toEqual([]);
         |                                 ^
      58 |       });
      59 |     }
      60 |   });
        at /private/tmp/project-repo-audit/clean-install/e2e/project-routes.spec.ts:57:33

    attachment #1: screenshot (image/png) ──────────────────────────────────────────────────────────
    ../../../../var/folders/f0/7ryz8txs2bq0hnjzmzz34wr80000gn/T/website-playwright-test-results/project-routes-project-rou-399d8-s-hero-and-hydrates-cleanly-webkit/test-failed-1.png
    ────────────────────────────────────────────────────────────────────────────────────────────────

    Error Context: ../../../../var/folders/f0/7ryz8txs2bq0hnjzmzz34wr80000gn/T/website-playwright-test-results/project-routes-project-rou-399d8-s-hero-and-hydrates-cleanly-webkit/error-context.md

    Retry #1 ───────────────────────────────────────────────────────────────────────────────────────

    Error: expect(received).toEqual(expected) // deep equality

    - Expected  - 1
    + Received  + 3

    - Array []
    + Array [
    +   "Minified React error #418; visit https://react.dev/errors/418?args[]=text&args[]= for the full message or use the non-minified dev environment for full errors and additional helpful warnings.",
    + ]

      55 |
      56 |         await page.waitForTimeout(500);
    > 57 |         expect(hydrationErrors).toEqual([]);
         |                                 ^
      58 |       });
      59 |     }
      60 |   });
        at /private/tmp/project-repo-audit/clean-install/e2e/project-routes.spec.ts:57:33

    attachment #1: screenshot (image/png) ──────────────────────────────────────────────────────────
    ../../../../var/folders/f0/7ryz8txs2bq0hnjzmzz34wr80000gn/T/website-playwright-test-results/project-routes-project-rou-399d8-s-hero-and-hydrates-cleanly-webkit-retry1/test-failed-1.png
    ────────────────────────────────────────────────────────────────────────────────────────────────

    Error Context: ../../../../var/folders/f0/7ryz8txs2bq0hnjzmzz34wr80000gn/T/website-playwright-test-results/project-routes-project-rou-399d8-s-hero-and-hydrates-cleanly-webkit-retry1/error-context.md

    attachment #3: trace (application/zip) ─────────────────────────────────────────────────────────
    ../../../../var/folders/f0/7ryz8txs2bq0hnjzmzz34wr80000gn/T/website-playwright-test-results/project-routes-project-rou-399d8-s-hero-and-hydrates-cleanly-webkit-retry1/trace.zip
    Usage:

        npx playwright show-trace ../../../../var/folders/f0/7ryz8txs2bq0hnjzmzz34wr80000gn/T/website-playwright-test-results/project-routes-project-rou-399d8-s-hero-and-hydrates-cleanly-webkit-retry1/trace.zip

    ────────────────────────────────────────────────────────────────────────────────────────────────


(node:35604) Warning: The 'NO_COLOR' env is ignored due to the 'FORCE_COLOR' env being set.
(Use `node --trace-warnings ...` to show where the warning was created)


[738/1400] [webkit] › e2e/project-routes.spec.ts:41:11 › project routes in America/Los_Angeles › /golf renders its hero and hydrates cleanly
  9) [webkit] › e2e/project-routes.spec.ts:41:11 › project routes in America/Los_Angeles › /formula-1 renders its hero and hydrates cleanly 

    Error: expect(received).toEqual(expected) // deep equality

    - Expected  - 1
    + Received  + 3

    - Array []
    + Array [
    +   "Minified React error #418; visit https://react.dev/errors/418?args[]=text&args[]= for the full message or use the non-minified dev environment for full errors and additional helpful warnings.",
    + ]

      55 |
      56 |         await page.waitForTimeout(500);
    > 57 |         expect(hydrationErrors).toEqual([]);
         |                                 ^
      58 |       });
      59 |     }
      60 |   });
        at /private/tmp/project-repo-audit/clean-install/e2e/project-routes.spec.ts:57:33

    attachment #1: screenshot (image/png) ──────────────────────────────────────────────────────────
    ../../../../var/folders/f0/7ryz8txs2bq0hnjzmzz34wr80000gn/T/website-playwright-test-results/project-routes-project-rou-e6504-s-hero-and-hydrates-cleanly-webkit/test-failed-1.png
    ────────────────────────────────────────────────────────────────────────────────────────────────

    Error Context: ../../../../var/folders/f0/7ryz8txs2bq0hnjzmzz34wr80000gn/T/website-playwright-test-results/project-routes-project-rou-e6504-s-hero-and-hydrates-cleanly-webkit/error-context.md

    Retry #1 ───────────────────────────────────────────────────────────────────────────────────────

    Error: expect(received).toEqual(expected) // deep equality

    - Expected  - 1
    + Received  + 3

    - Array []
    + Array [
    +   "Minified React error #418; visit https://react.dev/errors/418?args[]=text&args[]= for the full message or use the non-minified dev environment for full errors and additional helpful warnings.",
    + ]

      55 |
      56 |         await page.waitForTimeout(500);
    > 57 |         expect(hydrationErrors).toEqual([]);
         |                                 ^
      58 |       });
      59 |     }
      60 |   });
        at /private/tmp/project-repo-audit/clean-install/e2e/project-routes.spec.ts:57:33

    attachment #1: screenshot (image/png) ──────────────────────────────────────────────────────────
    ../../../../var/folders/f0/7ryz8txs2bq0hnjzmzz34wr80000gn/T/website-playwright-test-results/project-routes-project-rou-e6504-s-hero-and-hydrates-cleanly-webkit-retry1/test-failed-1.png
    ────────────────────────────────────────────────────────────────────────────────────────────────

    Error Context: ../../../../var/folders/f0/7ryz8txs2bq0hnjzmzz34wr80000gn/T/website-playwright-test-results/project-routes-project-rou-e6504-s-hero-and-hydrates-cleanly-webkit-retry1/error-context.md

    attachment #3: trace (application/zip) ─────────────────────────────────────────────────────────
    ../../../../var/folders/f0/7ryz8txs2bq0hnjzmzz34wr80000gn/T/website-playwright-test-results/project-routes-project-rou-e6504-s-hero-and-hydrates-cleanly-webkit-retry1/trace.zip
    Usage:

        npx playwright show-trace ../../../../var/folders/f0/7ryz8txs2bq0hnjzmzz34wr80000gn/T/website-playwright-test-results/project-routes-project-rou-e6504-s-hero-and-hydrates-cleanly-webkit-retry1/trace.zip

    ────────────────────────────────────────────────────────────────────────────────────────────────


  10) [webkit] › e2e/project-routes.spec.ts:41:11 › project routes in America/Los_Angeles › /fantasy-formula-1 renders its hero and hydrates cleanly 

    Error: expect(received).toEqual(expected) // deep equality

    - Expected  - 1
    + Received  + 3

    - Array []
    + Array [
    +   "Minified React error #418; visit https://react.dev/errors/418?args[]=text&args[]= for the full message or use the non-minified dev environment for full errors and additional helpful warnings.",
    + ]

      55 |
      56 |         await page.waitForTimeout(500);
    > 57 |         expect(hydrationErrors).toEqual([]);
         |                                 ^
      58 |       });
      59 |     }
      60 |   });
        at /private/tmp/project-repo-audit/clean-install/e2e/project-routes.spec.ts:57:33

    attachment #1: screenshot (image/png) ──────────────────────────────────────────────────────────
    ../../../../var/folders/f0/7ryz8txs2bq0hnjzmzz34wr80000gn/T/website-playwright-test-results/project-routes-project-rou-69b98-s-hero-and-hydrates-cleanly-webkit/test-failed-1.png
    ────────────────────────────────────────────────────────────────────────────────────────────────

    Error Context: ../../../../var/folders/f0/7ryz8txs2bq0hnjzmzz34wr80000gn/T/website-playwright-test-results/project-routes-project-rou-69b98-s-hero-and-hydrates-cleanly-webkit/error-context.md

    Retry #1 ───────────────────────────────────────────────────────────────────────────────────────

    Error: expect(received).toEqual(expected) // deep equality

    - Expected  - 1
    + Received  + 3

    - Array []
    + Array [
    +   "Minified React error #418; visit https://react.dev/errors/418?args[]=text&args[]= for the full message or use the non-minified dev environment for full errors and additional helpful warnings.",
    + ]

      55 |
      56 |         await page.waitForTimeout(500);
    > 57 |         expect(hydrationErrors).toEqual([]);
         |                                 ^
      58 |       });
      59 |     }
      60 |   });
        at /private/tmp/project-repo-audit/clean-install/e2e/project-routes.spec.ts:57:33

    attachment #1: screenshot (image/png) ──────────────────────────────────────────────────────────
    ../../../../var/folders/f0/7ryz8txs2bq0hnjzmzz34wr80000gn/T/website-playwright-test-results/project-routes-project-rou-69b98-s-hero-and-hydrates-cleanly-webkit-retry1/test-failed-1.png
    ────────────────────────────────────────────────────────────────────────────────────────────────

    Error Context: ../../../../var/folders/f0/7ryz8txs2bq0hnjzmzz34wr80000gn/T/website-playwright-test-results/project-routes-project-rou-69b98-s-hero-and-hydrates-cleanly-webkit-retry1/error-context.md

    attachment #3: trace (application/zip) ─────────────────────────────────────────────────────────
    ../../../../var/folders/f0/7ryz8txs2bq0hnjzmzz34wr80000gn/T/website-playwright-test-results/project-routes-project-rou-69b98-s-hero-and-hydrates-cleanly-webkit-retry1/trace.zip
    Usage:

        npx playwright show-trace ../../../../var/folders/f0/7ryz8txs2bq0hnjzmzz34wr80000gn/T/website-playwright-test-results/project-routes-project-rou-69b98-s-hero-and-hydrates-cleanly-webkit-retry1/trace.zip

    ────────────────────────────────────────────────────────────────────────────────────────────────


(node:36045) Warning: The 'NO_COLOR' env is ignored due to the 'FORCE_COLOR' env being set.
(Use `node --trace-warnings ...` to show where the warning was created)


[739/1400] [webkit] › e2e/project-routes.spec.ts:41:11 › project routes in America/Los_Angeles › /earthquake-pulse renders its hero and hydrates cleanly
(node:36046) Warning: The 'NO_COLOR' env is ignored due to the 'FORCE_COLOR' env being set.
(Use `node --trace-warnings ...` to show where the warning was created)


[740/1400] [webkit] › e2e/project-routes.spec.ts:41:11 › project routes in America/Los_Angeles › /world-cup-2026 renders its hero and hydrates cleanly
(node:36110) Warning: The 'NO_COLOR' env is ignored due to the 'FORCE_COLOR' env being set.
(Use `node --trace-warnings ...` to show where the warning was created)


[741/1400] (retries) [webkit] › e2e/project-routes.spec.ts:41:11 › project routes in America/Los_Angeles › /golf renders its hero and hydrates cleanly (retry #1)
[742/1400] [webkit] › e2e/project-routes.spec.ts:41:11 › project routes in America/Los_Angeles › /bay-area-transit renders its hero and hydrates cleanly
(node:36268) Warning: The 'NO_COLOR' env is ignored due to the 'FORCE_COLOR' env being set.
(Use `node --trace-warnings ...` to show where the warning was created)


[743/1400] (retries) [webkit] › e2e/project-routes.spec.ts:41:11 › project routes in America/Los_Angeles › /earthquake-pulse renders its hero and hydrates cleanly (retry #1)
  11) [webkit] › e2e/project-routes.spec.ts:41:11 › project routes in America/Los_Angeles › /golf renders its hero and hydrates cleanly 

    Error: expect(received).toEqual(expected) // deep equality

    - Expected  - 1
    + Received  + 3

    - Array []
    + Array [
    +   "Minified React error #418; visit https://react.dev/errors/418?args[]=text&args[]= for the full message or use the non-minified dev environment for full errors and additional helpful warnings.",
    + ]

      55 |
      56 |         await page.waitForTimeout(500);
    > 57 |         expect(hydrationErrors).toEqual([]);
         |                                 ^
      58 |       });
      59 |     }
      60 |   });
        at /private/tmp/project-repo-audit/clean-install/e2e/project-routes.spec.ts:57:33

    attachment #1: screenshot (image/png) ──────────────────────────────────────────────────────────
    ../../../../var/folders/f0/7ryz8txs2bq0hnjzmzz34wr80000gn/T/website-playwright-test-results/project-routes-project-rou-bcc1e-s-hero-and-hydrates-cleanly-webkit/test-failed-1.png
    ────────────────────────────────────────────────────────────────────────────────────────────────

    Error Context: ../../../../var/folders/f0/7ryz8txs2bq0hnjzmzz34wr80000gn/T/website-playwright-test-results/project-routes-project-rou-bcc1e-s-hero-and-hydrates-cleanly-webkit/error-context.md

    Retry #1 ───────────────────────────────────────────────────────────────────────────────────────

    Error: expect(received).toEqual(expected) // deep equality

    - Expected  - 1
    + Received  + 3

    - Array []
    + Array [
    +   "Minified React error #418; visit https://react.dev/errors/418?args[]=text&args[]= for the full message or use the non-minified dev environment for full errors and additional helpful warnings.",
    + ]

      55 |
      56 |         await page.waitForTimeout(500);
    > 57 |         expect(hydrationErrors).toEqual([]);
         |                                 ^
      58 |       });
      59 |     }
      60 |   });
        at /private/tmp/project-repo-audit/clean-install/e2e/project-routes.spec.ts:57:33

    attachment #1: screenshot (image/png) ──────────────────────────────────────────────────────────
    ../../../../var/folders/f0/7ryz8txs2bq0hnjzmzz34wr80000gn/T/website-playwright-test-results/project-routes-project-rou-bcc1e-s-hero-and-hydrates-cleanly-webkit-retry1/test-failed-1.png
    ────────────────────────────────────────────────────────────────────────────────────────────────

    Error Context: ../../../../var/folders/f0/7ryz8txs2bq0hnjzmzz34wr80000gn/T/website-playwright-test-results/project-routes-project-rou-bcc1e-s-hero-and-hydrates-cleanly-webkit-retry1/error-context.md

    attachment #3: trace (application/zip) ─────────────────────────────────────────────────────────
    ../../../../var/folders/f0/7ryz8txs2bq0hnjzmzz34wr80000gn/T/website-playwright-test-results/project-routes-project-rou-bcc1e-s-hero-and-hydrates-cleanly-webkit-retry1/trace.zip
    Usage:

        npx playwright show-trace ../../../../var/folders/f0/7ryz8txs2bq0hnjzmzz34wr80000gn/T/website-playwright-test-results/project-routes-project-rou-bcc1e-s-hero-and-hydrates-cleanly-webkit-retry1/trace.zip

    ────────────────────────────────────────────────────────────────────────────────────────────────


(node:36440) Warning: The 'NO_COLOR' env is ignored due to the 'FORCE_COLOR' env being set.
(Use `node --trace-warnings ...` to show where the warning was created)


[744/1400] [webkit] › e2e/project-routes.spec.ts:41:11 › project routes in America/Los_Angeles › /mlb renders its hero and hydrates cleanly
(node:36441) Warning: The 'NO_COLOR' env is ignored due to the 'FORCE_COLOR' env being set.
(Use `node --trace-warnings ...` to show where the warning was created)


[745/1400] (retries) [webkit] › e2e/project-routes.spec.ts:41:11 › project routes in America/Los_Angeles › /bay-area-transit renders its hero and hydrates cleanly (retry #1)
  12) [webkit] › e2e/project-routes.spec.ts:41:11 › project routes in America/Los_Angeles › /earthquake-pulse renders its hero and hydrates cleanly 

    Error: expect(received).toEqual(expected) // deep equality

    - Expected  - 1
    + Received  + 3

    - Array []
    + Array [
    +   "Minified React error #418; visit https://react.dev/errors/418?args[]=text&args[]= for the full message or use the non-minified dev environment for full errors and additional helpful warnings.",
    + ]

      55 |
      56 |         await page.waitForTimeout(500);
    > 57 |         expect(hydrationErrors).toEqual([]);
         |                                 ^
      58 |       });
      59 |     }
      60 |   });
        at /private/tmp/project-repo-audit/clean-install/e2e/project-routes.spec.ts:57:33

    attachment #1: screenshot (image/png) ──────────────────────────────────────────────────────────
    ../../../../var/folders/f0/7ryz8txs2bq0hnjzmzz34wr80000gn/T/website-playwright-test-results/project-routes-project-rou-49caf-s-hero-and-hydrates-cleanly-webkit/test-failed-1.png
    ────────────────────────────────────────────────────────────────────────────────────────────────

    Error Context: ../../../../var/folders/f0/7ryz8txs2bq0hnjzmzz34wr80000gn/T/website-playwright-test-results/project-routes-project-rou-49caf-s-hero-and-hydrates-cleanly-webkit/error-context.md

    Retry #1 ───────────────────────────────────────────────────────────────────────────────────────

    Error: expect(received).toEqual(expected) // deep equality

    - Expected  - 1
    + Received  + 3

    - Array []
    + Array [
    +   "Minified React error #418; visit https://react.dev/errors/418?args[]=text&args[]= for the full message or use the non-minified dev environment for full errors and additional helpful warnings.",
    + ]

      55 |
      56 |         await page.waitForTimeout(500);
    > 57 |         expect(hydrationErrors).toEqual([]);
         |                                 ^
      58 |       });
      59 |     }
      60 |   });
        at /private/tmp/project-repo-audit/clean-install/e2e/project-routes.spec.ts:57:33

    attachment #1: screenshot (image/png) ──────────────────────────────────────────────────────────
    ../../../../var/folders/f0/7ryz8txs2bq0hnjzmzz34wr80000gn/T/website-playwright-test-results/project-routes-project-rou-49caf-s-hero-and-hydrates-cleanly-webkit-retry1/test-failed-1.png
    ────────────────────────────────────────────────────────────────────────────────────────────────

    Error Context: ../../../../var/folders/f0/7ryz8txs2bq0hnjzmzz34wr80000gn/T/website-playwright-test-results/project-routes-project-rou-49caf-s-hero-and-hydrates-cleanly-webkit-retry1/error-context.md

    attachment #3: trace (application/zip) ─────────────────────────────────────────────────────────
    ../../../../var/folders/f0/7ryz8txs2bq0hnjzmzz34wr80000gn/T/website-playwright-test-results/project-routes-project-rou-49caf-s-hero-and-hydrates-cleanly-webkit-retry1/trace.zip
    Usage:

        npx playwright show-trace ../../../../var/folders/f0/7ryz8txs2bq0hnjzmzz34wr80000gn/T/website-playwright-test-results/project-routes-project-rou-49caf-s-hero-and-hydrates-cleanly-webkit-retry1/trace.zip

    ────────────────────────────────────────────────────────────────────────────────────────────────


(node:36763) Warning: The 'NO_COLOR' env is ignored due to the 'FORCE_COLOR' env being set.
(Use `node --trace-warnings ...` to show where the warning was created)


(node:36786) Warning: The 'NO_COLOR' env is ignored due to the 'FORCE_COLOR' env being set.
(Use `node --trace-warnings ...` to show where the warning was created)


[746/1400] [webkit] › e2e/project-routes.spec.ts:41:11 › project routes in America/Los_Angeles › /nba renders its hero and hydrates cleanly
[747/1400] (retries) [webkit] › e2e/project-routes.spec.ts:41:11 › project routes in America/Los_Angeles › /mlb renders its hero and hydrates cleanly (retry #1)
  13) [webkit] › e2e/project-routes.spec.ts:41:11 › project routes in America/Los_Angeles › /bay-area-transit renders its hero and hydrates cleanly 

    Error: expect(received).toEqual(expected) // deep equality

    - Expected  - 1
    + Received  + 3

    - Array []
    + Array [
    +   "Minified React error #418; visit https://react.dev/errors/418?args[]=text&args[]= for the full message or use the non-minified dev environment for full errors and additional helpful warnings.",
    + ]

      55 |
      56 |         await page.waitForTimeout(500);
    > 57 |         expect(hydrationErrors).toEqual([]);
         |                                 ^
      58 |       });
      59 |     }
      60 |   });
        at /private/tmp/project-repo-audit/clean-install/e2e/project-routes.spec.ts:57:33

    attachment #1: screenshot (image/png) ──────────────────────────────────────────────────────────
    ../../../../var/folders/f0/7ryz8txs2bq0hnjzmzz34wr80000gn/T/website-playwright-test-results/project-routes-project-rou-f51e5-s-hero-and-hydrates-cleanly-webkit/test-failed-1.png
    ────────────────────────────────────────────────────────────────────────────────────────────────

    Error Context: ../../../../var/folders/f0/7ryz8txs2bq0hnjzmzz34wr80000gn/T/website-playwright-test-results/project-routes-project-rou-f51e5-s-hero-and-hydrates-cleanly-webkit/error-context.md

    Retry #1 ───────────────────────────────────────────────────────────────────────────────────────

    Error: expect(received).toEqual(expected) // deep equality

    - Expected  - 1
    + Received  + 3

    - Array []
    + Array [
    +   "Minified React error #418; visit https://react.dev/errors/418?args[]=text&args[]= for the full message or use the non-minified dev environment for full errors and additional helpful warnings.",
    + ]

      55 |
      56 |         await page.waitForTimeout(500);
    > 57 |         expect(hydrationErrors).toEqual([]);
         |                                 ^
      58 |       });
      59 |     }
      60 |   });
        at /private/tmp/project-repo-audit/clean-install/e2e/project-routes.spec.ts:57:33

    attachment #1: screenshot (image/png) ──────────────────────────────────────────────────────────
    ../../../../var/folders/f0/7ryz8txs2bq0hnjzmzz34wr80000gn/T/website-playwright-test-results/project-routes-project-rou-f51e5-s-hero-and-hydrates-cleanly-webkit-retry1/test-failed-1.png
    ────────────────────────────────────────────────────────────────────────────────────────────────

    Error Context: ../../../../var/folders/f0/7ryz8txs2bq0hnjzmzz34wr80000gn/T/website-playwright-test-results/project-routes-project-rou-f51e5-s-hero-and-hydrates-cleanly-webkit-retry1/error-context.md

    attachment #3: trace (application/zip) ─────────────────────────────────────────────────────────
    ../../../../var/folders/f0/7ryz8txs2bq0hnjzmzz34wr80000gn/T/website-playwright-test-results/project-routes-project-rou-f51e5-s-hero-and-hydrates-cleanly-webkit-retry1/trace.zip
    Usage:

        npx playwright show-trace ../../../../var/folders/f0/7ryz8txs2bq0hnjzmzz34wr80000gn/T/website-playwright-test-results/project-routes-project-rou-f51e5-s-hero-and-hydrates-cleanly-webkit-retry1/trace.zip

    ────────────────────────────────────────────────────────────────────────────────────────────────


(node:36819) Warning: The 'NO_COLOR' env is ignored due to the 'FORCE_COLOR' env being set.
(Use `node --trace-warnings ...` to show where the warning was created)


[748/1400] [webkit] › e2e/project-routes.spec.ts:41:11 › project routes in America/Los_Angeles › /nfl renders its hero and hydrates cleanly
[749/1400] [webkit] › e2e/project-routes.spec.ts:41:11 › project routes in America/Los_Angeles › /polling-aggregator renders its hero and hydrates cleanly
  14) [webkit] › e2e/project-routes.spec.ts:41:11 › project routes in America/Los_Angeles › /mlb renders its hero and hydrates cleanly 

    Error: expect(received).toEqual(expected) // deep equality

    - Expected  - 1
    + Received  + 3

    - Array []
    + Array [
    +   "Minified React error #418; visit https://react.dev/errors/418?args[]=text&args[]= for the full message or use the non-minified dev environment for full errors and additional helpful warnings.",
    + ]

      55 |
      56 |         await page.waitForTimeout(500);
    > 57 |         expect(hydrationErrors).toEqual([]);
         |                                 ^
      58 |       });
      59 |     }
      60 |   });
        at /private/tmp/project-repo-audit/clean-install/e2e/project-routes.spec.ts:57:33

    attachment #1: screenshot (image/png) ──────────────────────────────────────────────────────────
    ../../../../var/folders/f0/7ryz8txs2bq0hnjzmzz34wr80000gn/T/website-playwright-test-results/project-routes-project-rou-4cb89-s-hero-and-hydrates-cleanly-webkit/test-failed-1.png
    ────────────────────────────────────────────────────────────────────────────────────────────────

    Error Context: ../../../../var/folders/f0/7ryz8txs2bq0hnjzmzz34wr80000gn/T/website-playwright-test-results/project-routes-project-rou-4cb89-s-hero-and-hydrates-cleanly-webkit/error-context.md

    Retry #1 ───────────────────────────────────────────────────────────────────────────────────────

    Error: expect(received).toEqual(expected) // deep equality

    - Expected  - 1
    + Received  + 3

    - Array []
    + Array [
    +   "Minified React error #418; visit https://react.dev/errors/418?args[]=text&args[]= for the full message or use the non-minified dev environment for full errors and additional helpful warnings.",
    + ]

      55 |
      56 |         await page.waitForTimeout(500);
    > 57 |         expect(hydrationErrors).toEqual([]);
         |                                 ^
      58 |       });
      59 |     }
      60 |   });
        at /private/tmp/project-repo-audit/clean-install/e2e/project-routes.spec.ts:57:33

    attachment #1: screenshot (image/png) ──────────────────────────────────────────────────────────
    ../../../../var/folders/f0/7ryz8txs2bq0hnjzmzz34wr80000gn/T/website-playwright-test-results/project-routes-project-rou-4cb89-s-hero-and-hydrates-cleanly-webkit-retry1/test-failed-1.png
    ────────────────────────────────────────────────────────────────────────────────────────────────

    Error Context: ../../../../var/folders/f0/7ryz8txs2bq0hnjzmzz34wr80000gn/T/website-playwright-test-results/project-routes-project-rou-4cb89-s-hero-and-hydrates-cleanly-webkit-retry1/error-context.md

    attachment #3: trace (application/zip) ─────────────────────────────────────────────────────────
    ../../../../var/folders/f0/7ryz8txs2bq0hnjzmzz34wr80000gn/T/website-playwright-test-results/project-routes-project-rou-4cb89-s-hero-and-hydrates-cleanly-webkit-retry1/trace.zip
    Usage:

        npx playwright show-trace ../../../../var/folders/f0/7ryz8txs2bq0hnjzmzz34wr80000gn/T/website-playwright-test-results/project-routes-project-rou-4cb89-s-hero-and-hydrates-cleanly-webkit-retry1/trace.zip

    ────────────────────────────────────────────────────────────────────────────────────────────────


(node:36987) Warning: The 'NO_COLOR' env is ignored due to the 'FORCE_COLOR' env being set.
(Use `node --trace-warnings ...` to show where the warning was created)


[750/1400] [webkit] › e2e/project-routes.spec.ts:41:11 › project routes in America/Los_Angeles › /museum-log renders its hero and hydrates cleanly
(node:37026) Warning: The 'NO_COLOR' env is ignored due to the 'FORCE_COLOR' env being set.
(Use `node --trace-warnings ...` to show where the warning was created)


[751/1400] (retries) [webkit] › e2e/project-routes.spec.ts:41:11 › project routes in America/Los_Angeles › /nfl renders its hero and hydrates cleanly (retry #1)
[752/1400] [webkit] › e2e/project-routes.spec.ts:41:11 › project routes in America/Los_Angeles › /wine-cellar renders its hero and hydrates cleanly
[753/1400] [webkit] › e2e/project-routes.spec.ts:41:11 › project routes in America/Los_Angeles › /recipe-finder renders its hero and hydrates cleanly
(node:37243) Warning: The 'NO_COLOR' env is ignored due to the 'FORCE_COLOR' env being set.
(Use `node --trace-warnings ...` to show where the warning was created)


[754/1400] (retries) [webkit] › e2e/project-routes.spec.ts:41:11 › project routes in America/Los_Angeles › /museum-log renders its hero and hydrates cleanly (retry #1)
  15) [webkit] › e2e/project-routes.spec.ts:41:11 › project routes in America/Los_Angeles › /nfl renders its hero and hydrates cleanly 

    Error: expect(received).toEqual(expected) // deep equality

    - Expected  - 1
    + Received  + 3

    - Array []
    + Array [
    +   "Minified React error #418; visit https://react.dev/errors/418?args[]=text&args[]= for the full message or use the non-minified dev environment for full errors and additional helpful warnings.",
    + ]

      55 |
      56 |         await page.waitForTimeout(500);
    > 57 |         expect(hydrationErrors).toEqual([]);
         |                                 ^
      58 |       });
      59 |     }
      60 |   });
        at /private/tmp/project-repo-audit/clean-install/e2e/project-routes.spec.ts:57:33

    attachment #1: screenshot (image/png) ──────────────────────────────────────────────────────────
    ../../../../var/folders/f0/7ryz8txs2bq0hnjzmzz34wr80000gn/T/website-playwright-test-results/project-routes-project-rou-3e8df-s-hero-and-hydrates-cleanly-webkit/test-failed-1.png
    ────────────────────────────────────────────────────────────────────────────────────────────────

    Error Context: ../../../../var/folders/f0/7ryz8txs2bq0hnjzmzz34wr80000gn/T/website-playwright-test-results/project-routes-project-rou-3e8df-s-hero-and-hydrates-cleanly-webkit/error-context.md

    Retry #1 ───────────────────────────────────────────────────────────────────────────────────────

    Error: expect(received).toEqual(expected) // deep equality

    - Expected  - 1
    + Received  + 3

    - Array []
    + Array [
    +   "Minified React error #418; visit https://react.dev/errors/418?args[]=text&args[]= for the full message or use the non-minified dev environment for full errors and additional helpful warnings.",
    + ]

      55 |
      56 |         await page.waitForTimeout(500);
    > 57 |         expect(hydrationErrors).toEqual([]);
         |                                 ^
      58 |       });
      59 |     }
      60 |   });
        at /private/tmp/project-repo-audit/clean-install/e2e/project-routes.spec.ts:57:33

    attachment #1: screenshot (image/png) ──────────────────────────────────────────────────────────
    ../../../../var/folders/f0/7ryz8txs2bq0hnjzmzz34wr80000gn/T/website-playwright-test-results/project-routes-project-rou-3e8df-s-hero-and-hydrates-cleanly-webkit-retry1/test-failed-1.png
    ────────────────────────────────────────────────────────────────────────────────────────────────

    Error Context: ../../../../var/folders/f0/7ryz8txs2bq0hnjzmzz34wr80000gn/T/website-playwright-test-results/project-routes-project-rou-3e8df-s-hero-and-hydrates-cleanly-webkit-retry1/error-context.md

    attachment #3: trace (application/zip) ─────────────────────────────────────────────────────────
    ../../../../var/folders/f0/7ryz8txs2bq0hnjzmzz34wr80000gn/T/website-playwright-test-results/project-routes-project-rou-3e8df-s-hero-and-hydrates-cleanly-webkit-retry1/trace.zip
    Usage:

        npx playwright show-trace ../../../../var/folders/f0/7ryz8txs2bq0hnjzmzz34wr80000gn/T/website-playwright-test-results/project-routes-project-rou-3e8df-s-hero-and-hydrates-cleanly-webkit-retry1/trace.zip

    ────────────────────────────────────────────────────────────────────────────────────────────────


(node:37297) Warning: The 'NO_COLOR' env is ignored due to the 'FORCE_COLOR' env being set.
(Use `node --trace-warnings ...` to show where the warning was created)


[755/1400] [webkit] › e2e/project-routes.spec.ts:41:11 › project routes in America/Los_Angeles › /travel renders its hero and hydrates cleanly
[756/1400] [webkit] › e2e/project-routes.spec.ts:41:11 › project routes in America/Los_Angeles › /travel-deals renders its hero and hydrates cleanly
[757/1400] [webkit] › e2e/project-routes.spec.ts:41:11 › project routes in Asia/Tokyo › /investments renders its hero and hydrates cleanly
[758/1400] [webkit] › e2e/project-routes.spec.ts:41:11 › project routes in Asia/Tokyo › /fantasy-football renders its hero and hydrates cleanly
  16) [webkit] › e2e/project-routes.spec.ts:41:11 › project routes in America/Los_Angeles › /museum-log renders its hero and hydrates cleanly 

    Error: expect(received).toEqual(expected) // deep equality

    - Expected  - 1
    + Received  + 3

    - Array []
    + Array [
    +   "Minified React error #418; visit https://react.dev/errors/418?args[]=text&args[]= for the full message or use the non-minified dev environment for full errors and additional helpful warnings.",
    + ]

      55 |
      56 |         await page.waitForTimeout(500);
    > 57 |         expect(hydrationErrors).toEqual([]);
         |                                 ^
      58 |       });
      59 |     }
      60 |   });
        at /private/tmp/project-repo-audit/clean-install/e2e/project-routes.spec.ts:57:33

    attachment #1: screenshot (image/png) ──────────────────────────────────────────────────────────
    ../../../../var/folders/f0/7ryz8txs2bq0hnjzmzz34wr80000gn/T/website-playwright-test-results/project-routes-project-rou-4a889-s-hero-and-hydrates-cleanly-webkit/test-failed-1.png
    ────────────────────────────────────────────────────────────────────────────────────────────────

    Error Context: ../../../../var/folders/f0/7ryz8txs2bq0hnjzmzz34wr80000gn/T/website-playwright-test-results/project-routes-project-rou-4a889-s-hero-and-hydrates-cleanly-webkit/error-context.md

    Retry #1 ───────────────────────────────────────────────────────────────────────────────────────

    Error: expect(received).toEqual(expected) // deep equality

    - Expected  - 1
    + Received  + 3

    - Array []
    + Array [
    +   "Minified React error #418; visit https://react.dev/errors/418?args[]=text&args[]= for the full message or use the non-minified dev environment for full errors and additional helpful warnings.",
    + ]

      55 |
      56 |         await page.waitForTimeout(500);
    > 57 |         expect(hydrationErrors).toEqual([]);
         |                                 ^
      58 |       });
      59 |     }
      60 |   });
        at /private/tmp/project-repo-audit/clean-install/e2e/project-routes.spec.ts:57:33

    attachment #1: screenshot (image/png) ──────────────────────────────────────────────────────────
    ../../../../var/folders/f0/7ryz8txs2bq0hnjzmzz34wr80000gn/T/website-playwright-test-results/project-routes-project-rou-4a889-s-hero-and-hydrates-cleanly-webkit-retry1/test-failed-1.png
    ────────────────────────────────────────────────────────────────────────────────────────────────

    Error Context: ../../../../var/folders/f0/7ryz8txs2bq0hnjzmzz34wr80000gn/T/website-playwright-test-results/project-routes-project-rou-4a889-s-hero-and-hydrates-cleanly-webkit-retry1/error-context.md

    attachment #3: trace (application/zip) ─────────────────────────────────────────────────────────
    ../../../../var/folders/f0/7ryz8txs2bq0hnjzmzz34wr80000gn/T/website-playwright-test-results/project-routes-project-rou-4a889-s-hero-and-hydrates-cleanly-webkit-retry1/trace.zip
    Usage:

        npx playwright show-trace ../../../../var/folders/f0/7ryz8txs2bq0hnjzmzz34wr80000gn/T/website-playwright-test-results/project-routes-project-rou-4a889-s-hero-and-hydrates-cleanly-webkit-retry1/trace.zip

    ────────────────────────────────────────────────────────────────────────────────────────────────


(node:37367) Warning: The 'NO_COLOR' env is ignored due to the 'FORCE_COLOR' env being set.
(Use `node --trace-warnings ...` to show where the warning was created)


[759/1400] [webkit] › e2e/project-routes.spec.ts:41:11 › project routes in Asia/Tokyo › /fintech-tools/interchange-iq renders its hero and hydrates cleanly
[760/1400] [webkit] › e2e/project-routes.spec.ts:41:11 › project routes in Asia/Tokyo › /fintech-tools/budget-planner renders its hero and hydrates cleanly
[761/1400] [webkit] › e2e/project-routes.spec.ts:41:11 › project routes in Asia/Tokyo › /fintech-tools/rent-vs-buy renders its hero and hydrates cleanly
[762/1400] [webkit] › e2e/project-routes.spec.ts:41:11 › project routes in Asia/Tokyo › /news-pulse renders its hero and hydrates cleanly
[763/1400] [webkit] › e2e/project-routes.spec.ts:41:11 › project routes in Asia/Tokyo › /decision-lab renders its hero and hydrates cleanly
[764/1400] [webkit] › e2e/project-routes.spec.ts:41:11 › project routes in Asia/Tokyo › /enablement-assistant renders its hero and hydrates cleanly
[765/1400] [webkit] › e2e/project-routes.spec.ts:41:11 › project routes in Asia/Tokyo › /food-map renders its hero and hydrates cleanly
(node:37478) Warning: The 'NO_COLOR' env is ignored due to the 'FORCE_COLOR' env being set.
(Use `node --trace-warnings ...` to show where the warning was created)


[766/1400] (retries) [webkit] › e2e/project-routes.spec.ts:41:11 › project routes in Asia/Tokyo › /news-pulse renders its hero and hydrates cleanly (retry #1)
[767/1400] [webkit] › e2e/project-routes.spec.ts:41:11 › project routes in Asia/Tokyo › /march-madness-2026 renders its hero and hydrates cleanly
[768/1400] [webkit] › e2e/project-routes.spec.ts:41:11 › project routes in Asia/Tokyo › /la-liga renders its hero and hydrates cleanly
[769/1400] [webkit] › e2e/project-routes.spec.ts:41:11 › project routes in Asia/Tokyo › /mba-internship-notifications renders its hero and hydrates cleanly
  17) [webkit] › e2e/project-routes.spec.ts:41:11 › project routes in Asia/Tokyo › /news-pulse renders its hero and hydrates cleanly 

    Error: expect(received).toEqual(expected) // deep equality

    - Expected  - 1
    + Received  + 3

    - Array []
    + Array [
    +   "Minified React error #418; visit https://react.dev/errors/418?args[]=text&args[]= for the full message or use the non-minified dev environment for full errors and additional helpful warnings.",
    + ]

      55 |
      56 |         await page.waitForTimeout(500);
    > 57 |         expect(hydrationErrors).toEqual([]);
         |                                 ^
      58 |       });
      59 |     }
      60 |   });
        at /private/tmp/project-repo-audit/clean-install/e2e/project-routes.spec.ts:57:33

    attachment #1: screenshot (image/png) ──────────────────────────────────────────────────────────
    ../../../../var/folders/f0/7ryz8txs2bq0hnjzmzz34wr80000gn/T/website-playwright-test-results/project-routes-project-rou-c9618-s-hero-and-hydrates-cleanly-webkit/test-failed-1.png
    ────────────────────────────────────────────────────────────────────────────────────────────────

    Error Context: ../../../../var/folders/f0/7ryz8txs2bq0hnjzmzz34wr80000gn/T/website-playwright-test-results/project-routes-project-rou-c9618-s-hero-and-hydrates-cleanly-webkit/error-context.md

    Retry #1 ───────────────────────────────────────────────────────────────────────────────────────

    Error: expect(received).toEqual(expected) // deep equality

    - Expected  - 1
    + Received  + 3

    - Array []
    + Array [
    +   "Minified React error #418; visit https://react.dev/errors/418?args[]=text&args[]= for the full message or use the non-minified dev environment for full errors and additional helpful warnings.",
    + ]

      55 |
      56 |         await page.waitForTimeout(500);
    > 57 |         expect(hydrationErrors).toEqual([]);
         |                                 ^
      58 |       });
      59 |     }
      60 |   });
        at /private/tmp/project-repo-audit/clean-install/e2e/project-routes.spec.ts:57:33

    attachment #1: screenshot (image/png) ──────────────────────────────────────────────────────────
    ../../../../var/folders/f0/7ryz8txs2bq0hnjzmzz34wr80000gn/T/website-playwright-test-results/project-routes-project-rou-c9618-s-hero-and-hydrates-cleanly-webkit-retry1/test-failed-1.png
    ────────────────────────────────────────────────────────────────────────────────────────────────

    Error Context: ../../../../var/folders/f0/7ryz8txs2bq0hnjzmzz34wr80000gn/T/website-playwright-test-results/project-routes-project-rou-c9618-s-hero-and-hydrates-cleanly-webkit-retry1/error-context.md

    attachment #3: trace (application/zip) ─────────────────────────────────────────────────────────
    ../../../../var/folders/f0/7ryz8txs2bq0hnjzmzz34wr80000gn/T/website-playwright-test-results/project-routes-project-rou-c9618-s-hero-and-hydrates-cleanly-webkit-retry1/trace.zip
    Usage:

        npx playwright show-trace ../../../../var/folders/f0/7ryz8txs2bq0hnjzmzz34wr80000gn/T/website-playwright-test-results/project-routes-project-rou-c9618-s-hero-and-hydrates-cleanly-webkit-retry1/trace.zip

    ────────────────────────────────────────────────────────────────────────────────────────────────


(node:37674) Warning: The 'NO_COLOR' env is ignored due to the 'FORCE_COLOR' env being set.
(Use `node --trace-warnings ...` to show where the warning was created)


[770/1400] [webkit] › e2e/project-routes.spec.ts:41:11 › project routes in Asia/Tokyo › /spacex-mission-control renders its hero and hydrates cleanly
(node:37676) Warning: The 'NO_COLOR' env is ignored due to the 'FORCE_COLOR' env being set.
(Use `node --trace-warnings ...` to show where the warning was created)


[771/1400] (retries) [webkit] › e2e/project-routes.spec.ts:41:11 › project routes in Asia/Tokyo › /la-liga renders its hero and hydrates cleanly (retry #1)
(node:37696) Warning: The 'NO_COLOR' env is ignored due to the 'FORCE_COLOR' env being set.
(Use `node --trace-warnings ...` to show where the warning was created)


[772/1400] (retries) [webkit] › e2e/project-routes.spec.ts:41:11 › project routes in Asia/Tokyo › /mba-internship-notifications renders its hero and hydrates cleanly (retry #1)
(node:37810) Warning: The 'NO_COLOR' env is ignored due to the 'FORCE_COLOR' env being set.
(Use `node --trace-warnings ...` to show where the warning was created)


[773/1400] (retries) [webkit] › e2e/project-routes.spec.ts:41:11 › project routes in Asia/Tokyo › /spacex-mission-control renders its hero and hydrates cleanly (retry #1)
  18) [webkit] › e2e/project-routes.spec.ts:41:11 › project routes in Asia/Tokyo › /la-liga renders its hero and hydrates cleanly 

    Error: expect(received).toEqual(expected) // deep equality

    - Expected  - 1
    + Received  + 3

    - Array []
    + Array [
    +   "Minified React error #418; visit https://react.dev/errors/418?args[]=text&args[]= for the full message or use the non-minified dev environment for full errors and additional helpful warnings.",
    + ]

      55 |
      56 |         await page.waitForTimeout(500);
    > 57 |         expect(hydrationErrors).toEqual([]);
         |                                 ^
      58 |       });
      59 |     }
      60 |   });
        at /private/tmp/project-repo-audit/clean-install/e2e/project-routes.spec.ts:57:33

    attachment #1: screenshot (image/png) ──────────────────────────────────────────────────────────
    ../../../../var/folders/f0/7ryz8txs2bq0hnjzmzz34wr80000gn/T/website-playwright-test-results/project-routes-project-rou-d13d4-s-hero-and-hydrates-cleanly-webkit/test-failed-1.png
    ────────────────────────────────────────────────────────────────────────────────────────────────

    Error Context: ../../../../var/folders/f0/7ryz8txs2bq0hnjzmzz34wr80000gn/T/website-playwright-test-results/project-routes-project-rou-d13d4-s-hero-and-hydrates-cleanly-webkit/error-context.md

    Retry #1 ───────────────────────────────────────────────────────────────────────────────────────

    Error: expect(received).toEqual(expected) // deep equality

    - Expected  - 1
    + Received  + 3

    - Array []
    + Array [
    +   "Minified React error #418; visit https://react.dev/errors/418?args[]=text&args[]= for the full message or use the non-minified dev environment for full errors and additional helpful warnings.",
    + ]

      55 |
      56 |         await page.waitForTimeout(500);
    > 57 |         expect(hydrationErrors).toEqual([]);
         |                                 ^
      58 |       });
      59 |     }
      60 |   });
        at /private/tmp/project-repo-audit/clean-install/e2e/project-routes.spec.ts:57:33

    attachment #1: screenshot (image/png) ──────────────────────────────────────────────────────────
    ../../../../var/folders/f0/7ryz8txs2bq0hnjzmzz34wr80000gn/T/website-playwright-test-results/project-routes-project-rou-d13d4-s-hero-and-hydrates-cleanly-webkit-retry1/test-failed-1.png
    ────────────────────────────────────────────────────────────────────────────────────────────────

    Error Context: ../../../../var/folders/f0/7ryz8txs2bq0hnjzmzz34wr80000gn/T/website-playwright-test-results/project-routes-project-rou-d13d4-s-hero-and-hydrates-cleanly-webkit-retry1/error-context.md

    attachment #3: trace (application/zip) ─────────────────────────────────────────────────────────
    ../../../../var/folders/f0/7ryz8txs2bq0hnjzmzz34wr80000gn/T/website-playwright-test-results/project-routes-project-rou-d13d4-s-hero-and-hydrates-cleanly-webkit-retry1/trace.zip
    Usage:

        npx playwright show-trace ../../../../var/folders/f0/7ryz8txs2bq0hnjzmzz34wr80000gn/T/website-playwright-test-results/project-routes-project-rou-d13d4-s-hero-and-hydrates-cleanly-webkit-retry1/trace.zip

    ────────────────────────────────────────────────────────────────────────────────────────────────


(node:37818) Warning: The 'NO_COLOR' env is ignored due to the 'FORCE_COLOR' env being set.
(Use `node --trace-warnings ...` to show where the warning was created)


[774/1400] [webkit] › e2e/project-routes.spec.ts:41:11 › project routes in Asia/Tokyo › /premier-league renders its hero and hydrates cleanly
  19) [webkit] › e2e/project-routes.spec.ts:41:11 › project routes in Asia/Tokyo › /mba-internship-notifications renders its hero and hydrates cleanly 

    Error: expect(received).toEqual(expected) // deep equality

    - Expected  - 1
    + Received  + 3

    - Array []
    + Array [
    +   "Minified React error #418; visit https://react.dev/errors/418?args[]=text&args[]= for the full message or use the non-minified dev environment for full errors and additional helpful warnings.",
    + ]

      55 |
      56 |         await page.waitForTimeout(500);
    > 57 |         expect(hydrationErrors).toEqual([]);
         |                                 ^
      58 |       });
      59 |     }
      60 |   });
        at /private/tmp/project-repo-audit/clean-install/e2e/project-routes.spec.ts:57:33

    attachment #1: screenshot (image/png) ──────────────────────────────────────────────────────────
    ../../../../var/folders/f0/7ryz8txs2bq0hnjzmzz34wr80000gn/T/website-playwright-test-results/project-routes-project-rou-891e9-s-hero-and-hydrates-cleanly-webkit/test-failed-1.png
    ────────────────────────────────────────────────────────────────────────────────────────────────

    Error Context: ../../../../var/folders/f0/7ryz8txs2bq0hnjzmzz34wr80000gn/T/website-playwright-test-results/project-routes-project-rou-891e9-s-hero-and-hydrates-cleanly-webkit/error-context.md

    Retry #1 ───────────────────────────────────────────────────────────────────────────────────────

    Error: expect(received).toEqual(expected) // deep equality

    - Expected  - 1
    + Received  + 3

    - Array []
    + Array [
    +   "Minified React error #418; visit https://react.dev/errors/418?args[]=text&args[]= for the full message or use the non-minified dev environment for full errors and additional helpful warnings.",
    + ]

      55 |
      56 |         await page.waitForTimeout(500);
    > 57 |         expect(hydrationErrors).toEqual([]);
         |                                 ^
      58 |       });
      59 |     }
      60 |   });
        at /private/tmp/project-repo-audit/clean-install/e2e/project-routes.spec.ts:57:33

    attachment #1: screenshot (image/png) ──────────────────────────────────────────────────────────
    ../../../../var/folders/f0/7ryz8txs2bq0hnjzmzz34wr80000gn/T/website-playwright-test-results/project-routes-project-rou-891e9-s-hero-and-hydrates-cleanly-webkit-retry1/test-failed-1.png
    ────────────────────────────────────────────────────────────────────────────────────────────────

    Error Context: ../../../../var/folders/f0/7ryz8txs2bq0hnjzmzz34wr80000gn/T/website-playwright-test-results/project-routes-project-rou-891e9-s-hero-and-hydrates-cleanly-webkit-retry1/error-context.md

    attachment #3: trace (application/zip) ─────────────────────────────────────────────────────────
    ../../../../var/folders/f0/7ryz8txs2bq0hnjzmzz34wr80000gn/T/website-playwright-test-results/project-routes-project-rou-891e9-s-hero-and-hydrates-cleanly-webkit-retry1/trace.zip
    Usage:

        npx playwright show-trace ../../../../var/folders/f0/7ryz8txs2bq0hnjzmzz34wr80000gn/T/website-playwright-test-results/project-routes-project-rou-891e9-s-hero-and-hydrates-cleanly-webkit-retry1/trace.zip

    ────────────────────────────────────────────────────────────────────────────────────────────────


(node:37923) Warning: The 'NO_COLOR' env is ignored due to the 'FORCE_COLOR' env being set.
(Use `node --trace-warnings ...` to show where the warning was created)


[775/1400] [webkit] › e2e/project-routes.spec.ts:41:11 › project routes in Asia/Tokyo › /frontier-models renders its hero and hydrates cleanly
  20) [webkit] › e2e/project-routes.spec.ts:41:11 › project routes in Asia/Tokyo › /spacex-mission-control renders its hero and hydrates cleanly 

    Error: expect(received).toEqual(expected) // deep equality

    - Expected  - 1
    + Received  + 3

    - Array []
    + Array [
    +   "Minified React error #418; visit https://react.dev/errors/418?args[]=text&args[]= for the full message or use the non-minified dev environment for full errors and additional helpful warnings.",
    + ]

      55 |
      56 |         await page.waitForTimeout(500);
    > 57 |         expect(hydrationErrors).toEqual([]);
         |                                 ^
      58 |       });
      59 |     }
      60 |   });
        at /private/tmp/project-repo-audit/clean-install/e2e/project-routes.spec.ts:57:33

    attachment #1: screenshot (image/png) ──────────────────────────────────────────────────────────
    ../../../../var/folders/f0/7ryz8txs2bq0hnjzmzz34wr80000gn/T/website-playwright-test-results/project-routes-project-rou-fe068-s-hero-and-hydrates-cleanly-webkit/test-failed-1.png
    ────────────────────────────────────────────────────────────────────────────────────────────────

    Error Context: ../../../../var/folders/f0/7ryz8txs2bq0hnjzmzz34wr80000gn/T/website-playwright-test-results/project-routes-project-rou-fe068-s-hero-and-hydrates-cleanly-webkit/error-context.md

    Retry #1 ───────────────────────────────────────────────────────────────────────────────────────

    Error: expect(received).toEqual(expected) // deep equality

    - Expected  - 1
    + Received  + 3

    - Array []
    + Array [
    +   "Minified React error #418; visit https://react.dev/errors/418?args[]=text&args[]= for the full message or use the non-minified dev environment for full errors and additional helpful warnings.",
    + ]

      55 |
      56 |         await page.waitForTimeout(500);
    > 57 |         expect(hydrationErrors).toEqual([]);
         |                                 ^
      58 |       });
      59 |     }
      60 |   });
        at /private/tmp/project-repo-audit/clean-install/e2e/project-routes.spec.ts:57:33

    attachment #1: screenshot (image/png) ──────────────────────────────────────────────────────────
    ../../../../var/folders/f0/7ryz8txs2bq0hnjzmzz34wr80000gn/T/website-playwright-test-results/project-routes-project-rou-fe068-s-hero-and-hydrates-cleanly-webkit-retry1/test-failed-1.png
    ────────────────────────────────────────────────────────────────────────────────────────────────

    Error Context: ../../../../var/folders/f0/7ryz8txs2bq0hnjzmzz34wr80000gn/T/website-playwright-test-results/project-routes-project-rou-fe068-s-hero-and-hydrates-cleanly-webkit-retry1/error-context.md

    attachment #3: trace (application/zip) ─────────────────────────────────────────────────────────
    ../../../../var/folders/f0/7ryz8txs2bq0hnjzmzz34wr80000gn/T/website-playwright-test-results/project-routes-project-rou-fe068-s-hero-and-hydrates-cleanly-webkit-retry1/trace.zip
    Usage:

        npx playwright show-trace ../../../../var/folders/f0/7ryz8txs2bq0hnjzmzz34wr80000gn/T/website-playwright-test-results/project-routes-project-rou-fe068-s-hero-and-hydrates-cleanly-webkit-retry1/trace.zip

    ────────────────────────────────────────────────────────────────────────────────────────────────


(node:37936) Warning: The 'NO_COLOR' env is ignored due to the 'FORCE_COLOR' env being set.
(Use `node --trace-warnings ...` to show where the warning was created)


[776/1400] [webkit] › e2e/project-routes.spec.ts:41:11 › project routes in Asia/Tokyo › /ai-dev-tools renders its hero and hydrates cleanly
(node:37946) Warning: The 'NO_COLOR' env is ignored due to the 'FORCE_COLOR' env being set.
(Use `node --trace-warnings ...` to show where the warning was created)


[777/1400] (retries) [webkit] › e2e/project-routes.spec.ts:41:11 › project routes in Asia/Tokyo › /premier-league renders its hero and hydrates cleanly (retry #1)
[778/1400] [webkit] › e2e/project-routes.spec.ts:41:11 › project routes in Asia/Tokyo › /github-trending-pulse renders its hero and hydrates cleanly
[779/1400] [webkit] › e2e/project-routes.spec.ts:41:11 › project routes in Asia/Tokyo › /tech-startup-tracker renders its hero and hydrates cleanly
  21) [webkit] › e2e/project-routes.spec.ts:41:11 › project routes in Asia/Tokyo › /premier-league renders its hero and hydrates cleanly 

    Error: expect(received).toEqual(expected) // deep equality

    - Expected  - 1
    + Received  + 3

    - Array []
    + Array [
    +   "Minified React error #418; visit https://react.dev/errors/418?args[]=text&args[]= for the full message or use the non-minified dev environment for full errors and additional helpful warnings.",
    + ]

      55 |
      56 |         await page.waitForTimeout(500);
    > 57 |         expect(hydrationErrors).toEqual([]);
         |                                 ^
      58 |       });
      59 |     }
      60 |   });
        at /private/tmp/project-repo-audit/clean-install/e2e/project-routes.spec.ts:57:33

    attachment #1: screenshot (image/png) ──────────────────────────────────────────────────────────
    ../../../../var/folders/f0/7ryz8txs2bq0hnjzmzz34wr80000gn/T/website-playwright-test-results/project-routes-project-rou-f8b39-s-hero-and-hydrates-cleanly-webkit/test-failed-1.png
    ────────────────────────────────────────────────────────────────────────────────────────────────

    Error Context: ../../../../var/folders/f0/7ryz8txs2bq0hnjzmzz34wr80000gn/T/website-playwright-test-results/project-routes-project-rou-f8b39-s-hero-and-hydrates-cleanly-webkit/error-context.md

    Retry #1 ───────────────────────────────────────────────────────────────────────────────────────

    Error: expect(received).toEqual(expected) // deep equality

    - Expected  - 1
    + Received  + 3

    - Array []
    + Array [
    +   "Minified React error #418; visit https://react.dev/errors/418?args[]=text&args[]= for the full message or use the non-minified dev environment for full errors and additional helpful warnings.",
    + ]

      55 |
      56 |         await page.waitForTimeout(500);
    > 57 |         expect(hydrationErrors).toEqual([]);
         |                                 ^
      58 |       });
      59 |     }
      60 |   });
        at /private/tmp/project-repo-audit/clean-install/e2e/project-routes.spec.ts:57:33

    attachment #1: screenshot (image/png) ──────────────────────────────────────────────────────────
    ../../../../var/folders/f0/7ryz8txs2bq0hnjzmzz34wr80000gn/T/website-playwright-test-results/project-routes-project-rou-f8b39-s-hero-and-hydrates-cleanly-webkit-retry1/test-failed-1.png
    ────────────────────────────────────────────────────────────────────────────────────────────────

    Error Context: ../../../../var/folders/f0/7ryz8txs2bq0hnjzmzz34wr80000gn/T/website-playwright-test-results/project-routes-project-rou-f8b39-s-hero-and-hydrates-cleanly-webkit-retry1/error-context.md

    attachment #3: trace (application/zip) ─────────────────────────────────────────────────────────
    ../../../../var/folders/f0/7ryz8txs2bq0hnjzmzz34wr80000gn/T/website-playwright-test-results/project-routes-project-rou-f8b39-s-hero-and-hydrates-cleanly-webkit-retry1/trace.zip
    Usage:

        npx playwright show-trace ../../../../var/folders/f0/7ryz8txs2bq0hnjzmzz34wr80000gn/T/website-playwright-test-results/project-routes-project-rou-f8b39-s-hero-and-hydrates-cleanly-webkit-retry1/trace.zip

    ────────────────────────────────────────────────────────────────────────────────────────────────


(node:38064) Warning: The 'NO_COLOR' env is ignored due to the 'FORCE_COLOR' env being set.
(Use `node --trace-warnings ...` to show where the warning was created)


(node:38065) Warning: The 'NO_COLOR' env is ignored due to the 'FORCE_COLOR' env being set.
(Use `node --trace-warnings ...` to show where the warning was created)


[780/1400] [webkit] › e2e/project-routes.spec.ts:41:11 › project routes in Asia/Tokyo › /formula-1 renders its hero and hydrates cleanly
[781/1400] (retries) [webkit] › e2e/project-routes.spec.ts:41:11 › project routes in Asia/Tokyo › /github-trending-pulse renders its hero and hydrates cleanly (retry #1)
[782/1400] [webkit] › e2e/project-routes.spec.ts:41:11 › project routes in Asia/Tokyo › /fantasy-formula-1 renders its hero and hydrates cleanly
(node:38421) Warning: The 'NO_COLOR' env is ignored due to the 'FORCE_COLOR' env being set.
(Use `node --trace-warnings ...` to show where the warning was created)


[783/1400] (retries) [webkit] › e2e/project-routes.spec.ts:41:11 › project routes in Asia/Tokyo › /formula-1 renders its hero and hydrates cleanly (retry #1)
(node:38422) Warning: The 'NO_COLOR' env is ignored due to the 'FORCE_COLOR' env being set.
(Use `node --trace-warnings ...` to show where the warning was created)


[784/1400] (retries) [webkit] › e2e/project-routes.spec.ts:41:11 › project routes in Asia/Tokyo › /fantasy-formula-1 renders its hero and hydrates cleanly (retry #1)
  22) [webkit] › e2e/project-routes.spec.ts:41:11 › project routes in Asia/Tokyo › /github-trending-pulse renders its hero and hydrates cleanly 

    Error: expect(received).toEqual(expected) // deep equality

    - Expected  - 1
    + Received  + 3

    - Array []
    + Array [
    +   "Minified React error #418; visit https://react.dev/errors/418?args[]=text&args[]= for the full message or use the non-minified dev environment for full errors and additional helpful warnings.",
    + ]

      55 |
      56 |         await page.waitForTimeout(500);
    > 57 |         expect(hydrationErrors).toEqual([]);
         |                                 ^
      58 |       });
      59 |     }
      60 |   });
        at /private/tmp/project-repo-audit/clean-install/e2e/project-routes.spec.ts:57:33

    attachment #1: screenshot (image/png) ──────────────────────────────────────────────────────────
    ../../../../var/folders/f0/7ryz8txs2bq0hnjzmzz34wr80000gn/T/website-playwright-test-results/project-routes-project-rou-0d918-s-hero-and-hydrates-cleanly-webkit/test-failed-1.png
    ────────────────────────────────────────────────────────────────────────────────────────────────

    Error Context: ../../../../var/folders/f0/7ryz8txs2bq0hnjzmzz34wr80000gn/T/website-playwright-test-results/project-routes-project-rou-0d918-s-hero-and-hydrates-cleanly-webkit/error-context.md

    Retry #1 ───────────────────────────────────────────────────────────────────────────────────────

    Error: expect(received).toEqual(expected) // deep equality

    - Expected  - 1
    + Received  + 3

    - Array []
    + Array [
    +   "Minified React error #418; visit https://react.dev/errors/418?args[]=text&args[]= for the full message or use the non-minified dev environment for full errors and additional helpful warnings.",
    + ]

      55 |
      56 |         await page.waitForTimeout(500);
    > 57 |         expect(hydrationErrors).toEqual([]);
         |                                 ^
      58 |       });
      59 |     }
      60 |   });
        at /private/tmp/project-repo-audit/clean-install/e2e/project-routes.spec.ts:57:33

    attachment #1: screenshot (image/png) ──────────────────────────────────────────────────────────
    ../../../../var/folders/f0/7ryz8txs2bq0hnjzmzz34wr80000gn/T/website-playwright-test-results/project-routes-project-rou-0d918-s-hero-and-hydrates-cleanly-webkit-retry1/test-failed-1.png
    ────────────────────────────────────────────────────────────────────────────────────────────────

    Error Context: ../../../../var/folders/f0/7ryz8txs2bq0hnjzmzz34wr80000gn/T/website-playwright-test-results/project-routes-project-rou-0d918-s-hero-and-hydrates-cleanly-webkit-retry1/error-context.md

    attachment #3: trace (application/zip) ─────────────────────────────────────────────────────────
    ../../../../var/folders/f0/7ryz8txs2bq0hnjzmzz34wr80000gn/T/website-playwright-test-results/project-routes-project-rou-0d918-s-hero-and-hydrates-cleanly-webkit-retry1/trace.zip
    Usage:

        npx playwright show-trace ../../../../var/folders/f0/7ryz8txs2bq0hnjzmzz34wr80000gn/T/website-playwright-test-results/project-routes-project-rou-0d918-s-hero-and-hydrates-cleanly-webkit-retry1/trace.zip

    ────────────────────────────────────────────────────────────────────────────────────────────────


(node:38438) Warning: The 'NO_COLOR' env is ignored due to the 'FORCE_COLOR' env being set.
(Use `node --trace-warnings ...` to show where the warning was created)


[785/1400] [webkit] › e2e/project-routes.spec.ts:41:11 › project routes in Asia/Tokyo › /golf renders its hero and hydrates cleanly
  23) [webkit] › e2e/project-routes.spec.ts:41:11 › project routes in Asia/Tokyo › /formula-1 renders its hero and hydrates cleanly 

    Error: expect(received).toEqual(expected) // deep equality

    - Expected  - 1
    + Received  + 3

    - Array []
    + Array [
    +   "Minified React error #418; visit https://react.dev/errors/418?args[]=text&args[]= for the full message or use the non-minified dev environment for full errors and additional helpful warnings.",
    + ]

      55 |
      56 |         await page.waitForTimeout(500);
    > 57 |         expect(hydrationErrors).toEqual([]);
         |                                 ^
      58 |       });
      59 |     }
      60 |   });
        at /private/tmp/project-repo-audit/clean-install/e2e/project-routes.spec.ts:57:33

    attachment #1: screenshot (image/png) ──────────────────────────────────────────────────────────
    ../../../../var/folders/f0/7ryz8txs2bq0hnjzmzz34wr80000gn/T/website-playwright-test-results/project-routes-project-rou-28eda-s-hero-and-hydrates-cleanly-webkit/test-failed-1.png
    ────────────────────────────────────────────────────────────────────────────────────────────────

    Error Context: ../../../../var/folders/f0/7ryz8txs2bq0hnjzmzz34wr80000gn/T/website-playwright-test-results/project-routes-project-rou-28eda-s-hero-and-hydrates-cleanly-webkit/error-context.md

    Retry #1 ───────────────────────────────────────────────────────────────────────────────────────

    Error: expect(received).toEqual(expected) // deep equality

    - Expected  - 1
    + Received  + 3

    - Array []
    + Array [
    +   "Minified React error #418; visit https://react.dev/errors/418?args[]=text&args[]= for the full message or use the non-minified dev environment for full errors and additional helpful warnings.",
    + ]

      55 |
      56 |         await page.waitForTimeout(500);
    > 57 |         expect(hydrationErrors).toEqual([]);
         |                                 ^
      58 |       });
      59 |     }
      60 |   });
        at /private/tmp/project-repo-audit/clean-install/e2e/project-routes.spec.ts:57:33

    attachment #1: screenshot (image/png) ──────────────────────────────────────────────────────────
    ../../../../var/folders/f0/7ryz8txs2bq0hnjzmzz34wr80000gn/T/website-playwright-test-results/project-routes-project-rou-28eda-s-hero-and-hydrates-cleanly-webkit-retry1/test-failed-1.png
    ────────────────────────────────────────────────────────────────────────────────────────────────

    Error Context: ../../../../var/folders/f0/7ryz8txs2bq0hnjzmzz34wr80000gn/T/website-playwright-test-results/project-routes-project-rou-28eda-s-hero-and-hydrates-cleanly-webkit-retry1/error-context.md

    attachment #3: trace (application/zip) ─────────────────────────────────────────────────────────
    ../../../../var/folders/f0/7ryz8txs2bq0hnjzmzz34wr80000gn/T/website-playwright-test-results/project-routes-project-rou-28eda-s-hero-and-hydrates-cleanly-webkit-retry1/trace.zip
    Usage:

        npx playwright show-trace ../../../../var/folders/f0/7ryz8txs2bq0hnjzmzz34wr80000gn/T/website-playwright-test-results/project-routes-project-rou-28eda-s-hero-and-hydrates-cleanly-webkit-retry1/trace.zip

    ────────────────────────────────────────────────────────────────────────────────────────────────


  24) [webkit] › e2e/project-routes.spec.ts:41:11 › project routes in Asia/Tokyo › /fantasy-formula-1 renders its hero and hydrates cleanly 

    Error: expect(received).toEqual(expected) // deep equality

    - Expected  - 1
    + Received  + 3

    - Array []
    + Array [
    +   "Minified React error #418; visit https://react.dev/errors/418?args[]=text&args[]= for the full message or use the non-minified dev environment for full errors and additional helpful warnings.",
    + ]

      55 |
      56 |         await page.waitForTimeout(500);
    > 57 |         expect(hydrationErrors).toEqual([]);
         |                                 ^
      58 |       });
      59 |     }
      60 |   });
        at /private/tmp/project-repo-audit/clean-install/e2e/project-routes.spec.ts:57:33

    attachment #1: screenshot (image/png) ──────────────────────────────────────────────────────────
    ../../../../var/folders/f0/7ryz8txs2bq0hnjzmzz34wr80000gn/T/website-playwright-test-results/project-routes-project-rou-73fee-s-hero-and-hydrates-cleanly-webkit/test-failed-1.png
    ────────────────────────────────────────────────────────────────────────────────────────────────

    Error Context: ../../../../var/folders/f0/7ryz8txs2bq0hnjzmzz34wr80000gn/T/website-playwright-test-results/project-routes-project-rou-73fee-s-hero-and-hydrates-cleanly-webkit/error-context.md

    Retry #1 ───────────────────────────────────────────────────────────────────────────────────────

    Error: expect(received).toEqual(expected) // deep equality

    - Expected  - 1
    + Received  + 3

    - Array []
    + Array [
    +   "Minified React error #418; visit https://react.dev/errors/418?args[]=text&args[]= for the full message or use the non-minified dev environment for full errors and additional helpful warnings.",
    + ]

      55 |
      56 |         await page.waitForTimeout(500);
    > 57 |         expect(hydrationErrors).toEqual([]);
         |                                 ^
      58 |       });
      59 |     }
      60 |   });
        at /private/tmp/project-repo-audit/clean-install/e2e/project-routes.spec.ts:57:33

    attachment #1: screenshot (image/png) ──────────────────────────────────────────────────────────
    ../../../../var/folders/f0/7ryz8txs2bq0hnjzmzz34wr80000gn/T/website-playwright-test-results/project-routes-project-rou-73fee-s-hero-and-hydrates-cleanly-webkit-retry1/test-failed-1.png
    ────────────────────────────────────────────────────────────────────────────────────────────────

    Error Context: ../../../../var/folders/f0/7ryz8txs2bq0hnjzmzz34wr80000gn/T/website-playwright-test-results/project-routes-project-rou-73fee-s-hero-and-hydrates-cleanly-webkit-retry1/error-context.md

    attachment #3: trace (application/zip) ─────────────────────────────────────────────────────────
    ../../../../var/folders/f0/7ryz8txs2bq0hnjzmzz34wr80000gn/T/website-playwright-test-results/project-routes-project-rou-73fee-s-hero-and-hydrates-cleanly-webkit-retry1/trace.zip
    Usage:

        npx playwright show-trace ../../../../var/folders/f0/7ryz8txs2bq0hnjzmzz34wr80000gn/T/website-playwright-test-results/project-routes-project-rou-73fee-s-hero-and-hydrates-cleanly-webkit-retry1/trace.zip

    ────────────────────────────────────────────────────────────────────────────────────────────────


(node:38653) Warning: The 'NO_COLOR' env is ignored due to the 'FORCE_COLOR' env being set.
(Use `node --trace-warnings ...` to show where the warning was created)


(node:38654) Warning: The 'NO_COLOR' env is ignored due to the 'FORCE_COLOR' env being set.
(Use `node --trace-warnings ...` to show where the warning was created)


[786/1400] [webkit] › e2e/project-routes.spec.ts:41:11 › project routes in Asia/Tokyo › /earthquake-pulse renders its hero and hydrates cleanly
[787/1400] [webkit] › e2e/project-routes.spec.ts:41:11 › project routes in Asia/Tokyo › /world-cup-2026 renders its hero and hydrates cleanly
(node:38655) Warning: The 'NO_COLOR' env is ignored due to the 'FORCE_COLOR' env being set.
(Use `node --trace-warnings ...` to show where the warning was created)


[788/1400] (retries) [webkit] › e2e/project-routes.spec.ts:41:11 › project routes in Asia/Tokyo › /golf renders its hero and hydrates cleanly (retry #1)
[789/1400] [webkit] › e2e/project-routes.spec.ts:41:11 › project routes in Asia/Tokyo › /bay-area-transit renders its hero and hydrates cleanly
(node:38699) Warning: The 'NO_COLOR' env is ignored due to the 'FORCE_COLOR' env being set.
(Use `node --trace-warnings ...` to show where the warning was created)


[790/1400] (retries) [webkit] › e2e/project-routes.spec.ts:41:11 › project routes in Asia/Tokyo › /earthquake-pulse renders its hero and hydrates cleanly (retry #1)
  25) [webkit] › e2e/project-routes.spec.ts:41:11 › project routes in Asia/Tokyo › /golf renders its hero and hydrates cleanly 

    Error: expect(received).toEqual(expected) // deep equality

    - Expected  - 1
    + Received  + 3

    - Array []
    + Array [
    +   "Minified React error #418; visit https://react.dev/errors/418?args[]=text&args[]= for the full message or use the non-minified dev environment for full errors and additional helpful warnings.",
    + ]

      55 |
      56 |         await page.waitForTimeout(500);
    > 57 |         expect(hydrationErrors).toEqual([]);
         |                                 ^
      58 |       });
      59 |     }
      60 |   });
        at /private/tmp/project-repo-audit/clean-install/e2e/project-routes.spec.ts:57:33

    attachment #1: screenshot (image/png) ──────────────────────────────────────────────────────────
    ../../../../var/folders/f0/7ryz8txs2bq0hnjzmzz34wr80000gn/T/website-playwright-test-results/project-routes-project-rou-12c30-s-hero-and-hydrates-cleanly-webkit/test-failed-1.png
    ────────────────────────────────────────────────────────────────────────────────────────────────

    Error Context: ../../../../var/folders/f0/7ryz8txs2bq0hnjzmzz34wr80000gn/T/website-playwright-test-results/project-routes-project-rou-12c30-s-hero-and-hydrates-cleanly-webkit/error-context.md

    Retry #1 ───────────────────────────────────────────────────────────────────────────────────────

    Error: expect(received).toEqual(expected) // deep equality

    - Expected  - 1
    + Received  + 3

    - Array []
    + Array [
    +   "Minified React error #418; visit https://react.dev/errors/418?args[]=text&args[]= for the full message or use the non-minified dev environment for full errors and additional helpful warnings.",
    + ]

      55 |
      56 |         await page.waitForTimeout(500);
    > 57 |         expect(hydrationErrors).toEqual([]);
         |                                 ^
      58 |       });
      59 |     }
      60 |   });
        at /private/tmp/project-repo-audit/clean-install/e2e/project-routes.spec.ts:57:33

    attachment #1: screenshot (image/png) ──────────────────────────────────────────────────────────
    ../../../../var/folders/f0/7ryz8txs2bq0hnjzmzz34wr80000gn/T/website-playwright-test-results/project-routes-project-rou-12c30-s-hero-and-hydrates-cleanly-webkit-retry1/test-failed-1.png
    ────────────────────────────────────────────────────────────────────────────────────────────────

    Error Context: ../../../../var/folders/f0/7ryz8txs2bq0hnjzmzz34wr80000gn/T/website-playwright-test-results/project-routes-project-rou-12c30-s-hero-and-hydrates-cleanly-webkit-retry1/error-context.md

    attachment #3: trace (application/zip) ─────────────────────────────────────────────────────────
    ../../../../var/folders/f0/7ryz8txs2bq0hnjzmzz34wr80000gn/T/website-playwright-test-results/project-routes-project-rou-12c30-s-hero-and-hydrates-cleanly-webkit-retry1/trace.zip
    Usage:

        npx playwright show-trace ../../../../var/folders/f0/7ryz8txs2bq0hnjzmzz34wr80000gn/T/website-playwright-test-results/project-routes-project-rou-12c30-s-hero-and-hydrates-cleanly-webkit-retry1/trace.zip

    ────────────────────────────────────────────────────────────────────────────────────────────────


(node:38719) Warning: The 'NO_COLOR' env is ignored due to the 'FORCE_COLOR' env being set.
(Use `node --trace-warnings ...` to show where the warning was created)


[791/1400] [webkit] › e2e/project-routes.spec.ts:41:11 › project routes in Asia/Tokyo › /mlb renders its hero and hydrates cleanly
(node:38768) Warning: The 'NO_COLOR' env is ignored due to the 'FORCE_COLOR' env being set.
(Use `node --trace-warnings ...` to show where the warning was created)


[792/1400] (retries) [webkit] › e2e/project-routes.spec.ts:41:11 › project routes in Asia/Tokyo › /bay-area-transit renders its hero and hydrates cleanly (retry #1)
  26) [webkit] › e2e/project-routes.spec.ts:41:11 › project routes in Asia/Tokyo › /earthquake-pulse renders its hero and hydrates cleanly 

    Error: expect(received).toEqual(expected) // deep equality

    - Expected  - 1
    + Received  + 3

    - Array []
    + Array [
    +   "Minified React error #418; visit https://react.dev/errors/418?args[]=text&args[]= for the full message or use the non-minified dev environment for full errors and additional helpful warnings.",
    + ]

      55 |
      56 |         await page.waitForTimeout(500);
    > 57 |         expect(hydrationErrors).toEqual([]);
         |                                 ^
      58 |       });
      59 |     }
      60 |   });
        at /private/tmp/project-repo-audit/clean-install/e2e/project-routes.spec.ts:57:33

    attachment #1: screenshot (image/png) ──────────────────────────────────────────────────────────
    ../../../../var/folders/f0/7ryz8txs2bq0hnjzmzz34wr80000gn/T/website-playwright-test-results/project-routes-project-rou-93b8b-s-hero-and-hydrates-cleanly-webkit/test-failed-1.png
    ────────────────────────────────────────────────────────────────────────────────────────────────

    Error Context: ../../../../var/folders/f0/7ryz8txs2bq0hnjzmzz34wr80000gn/T/website-playwright-test-results/project-routes-project-rou-93b8b-s-hero-and-hydrates-cleanly-webkit/error-context.md

    Retry #1 ───────────────────────────────────────────────────────────────────────────────────────

    Error: expect(received).toEqual(expected) // deep equality

    - Expected  - 1
    + Received  + 3

    - Array []
    + Array [
    +   "Minified React error #418; visit https://react.dev/errors/418?args[]=text&args[]= for the full message or use the non-minified dev environment for full errors and additional helpful warnings.",
    + ]

      55 |
      56 |         await page.waitForTimeout(500);
    > 57 |         expect(hydrationErrors).toEqual([]);
         |                                 ^
      58 |       });
      59 |     }
      60 |   });
        at /private/tmp/project-repo-audit/clean-install/e2e/project-routes.spec.ts:57:33

    attachment #1: screenshot (image/png) ──────────────────────────────────────────────────────────
    ../../../../var/folders/f0/7ryz8txs2bq0hnjzmzz34wr80000gn/T/website-playwright-test-results/project-routes-project-rou-93b8b-s-hero-and-hydrates-cleanly-webkit-retry1/test-failed-1.png
    ────────────────────────────────────────────────────────────────────────────────────────────────

    Error Context: ../../../../var/folders/f0/7ryz8txs2bq0hnjzmzz34wr80000gn/T/website-playwright-test-results/project-routes-project-rou-93b8b-s-hero-and-hydrates-cleanly-webkit-retry1/error-context.md

    attachment #3: trace (application/zip) ─────────────────────────────────────────────────────────
    ../../../../var/folders/f0/7ryz8txs2bq0hnjzmzz34wr80000gn/T/website-playwright-test-results/project-routes-project-rou-93b8b-s-hero-and-hydrates-cleanly-webkit-retry1/trace.zip
    Usage:

        npx playwright show-trace ../../../../var/folders/f0/7ryz8txs2bq0hnjzmzz34wr80000gn/T/website-playwright-test-results/project-routes-project-rou-93b8b-s-hero-and-hydrates-cleanly-webkit-retry1/trace.zip

    ────────────────────────────────────────────────────────────────────────────────────────────────


(node:38883) Warning: The 'NO_COLOR' env is ignored due to the 'FORCE_COLOR' env being set.
(Use `node --trace-warnings ...` to show where the warning was created)


[793/1400] [webkit] › e2e/project-routes.spec.ts:41:11 › project routes in Asia/Tokyo › /nba renders its hero and hydrates cleanly
(node:38910) Warning: The 'NO_COLOR' env is ignored due to the 'FORCE_COLOR' env being set.
(Use `node --trace-warnings ...` to show where the warning was created)


[794/1400] (retries) [webkit] › e2e/project-routes.spec.ts:41:11 › project routes in Asia/Tokyo › /mlb renders its hero and hydrates cleanly (retry #1)
  27) [webkit] › e2e/project-routes.spec.ts:41:11 › project routes in Asia/Tokyo › /bay-area-transit renders its hero and hydrates cleanly 

    Error: expect(received).toEqual(expected) // deep equality

    - Expected  - 1
    + Received  + 3

    - Array []
    + Array [
    +   "Minified React error #418; visit https://react.dev/errors/418?args[]=text&args[]= for the full message or use the non-minified dev environment for full errors and additional helpful warnings.",
    + ]

      55 |
      56 |         await page.waitForTimeout(500);
    > 57 |         expect(hydrationErrors).toEqual([]);
         |                                 ^
      58 |       });
      59 |     }
      60 |   });
        at /private/tmp/project-repo-audit/clean-install/e2e/project-routes.spec.ts:57:33

    attachment #1: screenshot (image/png) ──────────────────────────────────────────────────────────
    ../../../../var/folders/f0/7ryz8txs2bq0hnjzmzz34wr80000gn/T/website-playwright-test-results/project-routes-project-rou-ae6c9-s-hero-and-hydrates-cleanly-webkit/test-failed-1.png
    ────────────────────────────────────────────────────────────────────────────────────────────────

    Error Context: ../../../../var/folders/f0/7ryz8txs2bq0hnjzmzz34wr80000gn/T/website-playwright-test-results/project-routes-project-rou-ae6c9-s-hero-and-hydrates-cleanly-webkit/error-context.md

    Retry #1 ───────────────────────────────────────────────────────────────────────────────────────

    Error: expect(received).toEqual(expected) // deep equality

    - Expected  - 1
    + Received  + 3

    - Array []
    + Array [
    +   "Minified React error #418; visit https://react.dev/errors/418?args[]=text&args[]= for the full message or use the non-minified dev environment for full errors and additional helpful warnings.",
    + ]

      55 |
      56 |         await page.waitForTimeout(500);
    > 57 |         expect(hydrationErrors).toEqual([]);
         |                                 ^
      58 |       });
      59 |     }
      60 |   });
        at /private/tmp/project-repo-audit/clean-install/e2e/project-routes.spec.ts:57:33

    attachment #1: screenshot (image/png) ──────────────────────────────────────────────────────────
    ../../../../var/folders/f0/7ryz8txs2bq0hnjzmzz34wr80000gn/T/website-playwright-test-results/project-routes-project-rou-ae6c9-s-hero-and-hydrates-cleanly-webkit-retry1/test-failed-1.png
    ────────────────────────────────────────────────────────────────────────────────────────────────

    Error Context: ../../../../var/folders/f0/7ryz8txs2bq0hnjzmzz34wr80000gn/T/website-playwright-test-results/project-routes-project-rou-ae6c9-s-hero-and-hydrates-cleanly-webkit-retry1/error-context.md

    attachment #3: trace (application/zip) ─────────────────────────────────────────────────────────
    ../../../../var/folders/f0/7ryz8txs2bq0hnjzmzz34wr80000gn/T/website-playwright-test-results/project-routes-project-rou-ae6c9-s-hero-and-hydrates-cleanly-webkit-retry1/trace.zip
    Usage:

        npx playwright show-trace ../../../../var/folders/f0/7ryz8txs2bq0hnjzmzz34wr80000gn/T/website-playwright-test-results/project-routes-project-rou-ae6c9-s-hero-and-hydrates-cleanly-webkit-retry1/trace.zip

    ────────────────────────────────────────────────────────────────────────────────────────────────


(node:38918) Warning: The 'NO_COLOR' env is ignored due to the 'FORCE_COLOR' env being set.
(Use `node --trace-warnings ...` to show where the warning was created)


[795/1400] [webkit] › e2e/project-routes.spec.ts:41:11 › project routes in Asia/Tokyo › /nfl renders its hero and hydrates cleanly
[796/1400] [webkit] › e2e/project-routes.spec.ts:41:11 › project routes in Asia/Tokyo › /polling-aggregator renders its hero and hydrates cleanly
[797/1400] [webkit] › e2e/project-routes.spec.ts:41:11 › project routes in Asia/Tokyo › /museum-log renders its hero and hydrates cleanly
  28) [webkit] › e2e/project-routes.spec.ts:41:11 › project routes in Asia/Tokyo › /mlb renders its hero and hydrates cleanly 

    Error: expect(received).toEqual(expected) // deep equality

    - Expected  - 1
    + Received  + 3

    - Array []
    + Array [
    +   "Minified React error #418; visit https://react.dev/errors/418?args[]=text&args[]= for the full message or use the non-minified dev environment for full errors and additional helpful warnings.",
    + ]

      55 |
      56 |         await page.waitForTimeout(500);
    > 57 |         expect(hydrationErrors).toEqual([]);
         |                                 ^
      58 |       });
      59 |     }
      60 |   });
        at /private/tmp/project-repo-audit/clean-install/e2e/project-routes.spec.ts:57:33

    attachment #1: screenshot (image/png) ──────────────────────────────────────────────────────────
    ../../../../var/folders/f0/7ryz8txs2bq0hnjzmzz34wr80000gn/T/website-playwright-test-results/project-routes-project-rou-9026d-s-hero-and-hydrates-cleanly-webkit/test-failed-1.png
    ────────────────────────────────────────────────────────────────────────────────────────────────

    Error Context: ../../../../var/folders/f0/7ryz8txs2bq0hnjzmzz34wr80000gn/T/website-playwright-test-results/project-routes-project-rou-9026d-s-hero-and-hydrates-cleanly-webkit/error-context.md

    Retry #1 ───────────────────────────────────────────────────────────────────────────────────────

    Error: expect(received).toEqual(expected) // deep equality

    - Expected  - 1
    + Received  + 3

    - Array []
    + Array [
    +   "Minified React error #418; visit https://react.dev/errors/418?args[]=text&args[]= for the full message or use the non-minified dev environment for full errors and additional helpful warnings.",
    + ]

      55 |
      56 |         await page.waitForTimeout(500);
    > 57 |         expect(hydrationErrors).toEqual([]);
         |                                 ^
      58 |       });
      59 |     }
      60 |   });
        at /private/tmp/project-repo-audit/clean-install/e2e/project-routes.spec.ts:57:33

    attachment #1: screenshot (image/png) ──────────────────────────────────────────────────────────
    ../../../../var/folders/f0/7ryz8txs2bq0hnjzmzz34wr80000gn/T/website-playwright-test-results/project-routes-project-rou-9026d-s-hero-and-hydrates-cleanly-webkit-retry1/test-failed-1.png
    ────────────────────────────────────────────────────────────────────────────────────────────────

    Error Context: ../../../../var/folders/f0/7ryz8txs2bq0hnjzmzz34wr80000gn/T/website-playwright-test-results/project-routes-project-rou-9026d-s-hero-and-hydrates-cleanly-webkit-retry1/error-context.md

    attachment #3: trace (application/zip) ─────────────────────────────────────────────────────────
    ../../../../var/folders/f0/7ryz8txs2bq0hnjzmzz34wr80000gn/T/website-playwright-test-results/project-routes-project-rou-9026d-s-hero-and-hydrates-cleanly-webkit-retry1/trace.zip
    Usage:

        npx playwright show-trace ../../../../var/folders/f0/7ryz8txs2bq0hnjzmzz34wr80000gn/T/website-playwright-test-results/project-routes-project-rou-9026d-s-hero-and-hydrates-cleanly-webkit-retry1/trace.zip

    ────────────────────────────────────────────────────────────────────────────────────────────────


(node:39026) Warning: The 'NO_COLOR' env is ignored due to the 'FORCE_COLOR' env being set.
(Use `node --trace-warnings ...` to show where the warning was created)


[798/1400] [webkit] › e2e/project-routes.spec.ts:41:11 › project routes in Asia/Tokyo › /wine-cellar renders its hero and hydrates cleanly
(node:39067) Warning: The 'NO_COLOR' env is ignored due to the 'FORCE_COLOR' env being set.
(Use `node --trace-warnings ...` to show where the warning was created)


[799/1400] (retries) [webkit] › e2e/project-routes.spec.ts:41:11 › project routes in Asia/Tokyo › /nfl renders its hero and hydrates cleanly (retry #1)
(node:39793) Warning: The 'NO_COLOR' env is ignored due to the 'FORCE_COLOR' env being set.
(Use `node --trace-warnings ...` to show where the warning was created)


[800/1400] (retries) [webkit] › e2e/project-routes.spec.ts:41:11 › project routes in Asia/Tokyo › /museum-log renders its hero and hydrates cleanly (retry #1)
[801/1400] [webkit] › e2e/project-routes.spec.ts:41:11 › project routes in Asia/Tokyo › /recipe-finder renders its hero and hydrates cleanly
  29) [webkit] › e2e/project-routes.spec.ts:41:11 › project routes in Asia/Tokyo › /nfl renders its hero and hydrates cleanly 

    Error: expect(received).toEqual(expected) // deep equality

    - Expected  - 1
    + Received  + 3

    - Array []
    + Array [
    +   "Minified React error #418; visit https://react.dev/errors/418?args[]=text&args[]= for the full message or use the non-minified dev environment for full errors and additional helpful warnings.",
    + ]

      55 |
      56 |         await page.waitForTimeout(500);
    > 57 |         expect(hydrationErrors).toEqual([]);
         |                                 ^
      58 |       });
      59 |     }
      60 |   });
        at /private/tmp/project-repo-audit/clean-install/e2e/project-routes.spec.ts:57:33

    attachment #1: screenshot (image/png) ──────────────────────────────────────────────────────────
    ../../../../var/folders/f0/7ryz8txs2bq0hnjzmzz34wr80000gn/T/website-playwright-test-results/project-routes-project-rou-5ff8e-s-hero-and-hydrates-cleanly-webkit/test-failed-1.png
    ────────────────────────────────────────────────────────────────────────────────────────────────

    Error Context: ../../../../var/folders/f0/7ryz8txs2bq0hnjzmzz34wr80000gn/T/website-playwright-test-results/project-routes-project-rou-5ff8e-s-hero-and-hydrates-cleanly-webkit/error-context.md

    Retry #1 ───────────────────────────────────────────────────────────────────────────────────────

    Error: expect(received).toEqual(expected) // deep equality

    - Expected  - 1
    + Received  + 3

    - Array []
    + Array [
    +   "Minified React error #418; visit https://react.dev/errors/418?args[]=text&args[]= for the full message or use the non-minified dev environment for full errors and additional helpful warnings.",
    + ]

      55 |
      56 |         await page.waitForTimeout(500);
    > 57 |         expect(hydrationErrors).toEqual([]);
         |                                 ^
      58 |       });
      59 |     }
      60 |   });
        at /private/tmp/project-repo-audit/clean-install/e2e/project-routes.spec.ts:57:33

    attachment #1: screenshot (image/png) ──────────────────────────────────────────────────────────
    ../../../../var/folders/f0/7ryz8txs2bq0hnjzmzz34wr80000gn/T/website-playwright-test-results/project-routes-project-rou-5ff8e-s-hero-and-hydrates-cleanly-webkit-retry1/test-failed-1.png
    ────────────────────────────────────────────────────────────────────────────────────────────────

    Error Context: ../../../../var/folders/f0/7ryz8txs2bq0hnjzmzz34wr80000gn/T/website-playwright-test-results/project-routes-project-rou-5ff8e-s-hero-and-hydrates-cleanly-webkit-retry1/error-context.md

    attachment #3: trace (application/zip) ─────────────────────────────────────────────────────────
    ../../../../var/folders/f0/7ryz8txs2bq0hnjzmzz34wr80000gn/T/website-playwright-test-results/project-routes-project-rou-5ff8e-s-hero-and-hydrates-cleanly-webkit-retry1/trace.zip
    Usage:

        npx playwright show-trace ../../../../var/folders/f0/7ryz8txs2bq0hnjzmzz34wr80000gn/T/website-playwright-test-results/project-routes-project-rou-5ff8e-s-hero-and-hydrates-cleanly-webkit-retry1/trace.zip

    ────────────────────────────────────────────────────────────────────────────────────────────────


(node:39847) Warning: The 'NO_COLOR' env is ignored due to the 'FORCE_COLOR' env being set.
(Use `node --trace-warnings ...` to show where the warning was created)


[802/1400] [webkit] › e2e/project-routes.spec.ts:41:11 › project routes in Asia/Tokyo › /travel renders its hero and hydrates cleanly
[803/1400] [webkit] › e2e/project-routes.spec.ts:41:11 › project routes in Asia/Tokyo › /travel-deals renders its hero and hydrates cleanly
  30) [webkit] › e2e/project-routes.spec.ts:41:11 › project routes in Asia/Tokyo › /museum-log renders its hero and hydrates cleanly 

    Error: expect(received).toEqual(expected) // deep equality

    - Expected  - 1
    + Received  + 3

    - Array []
    + Array [
    +   "Minified React error #418; visit https://react.dev/errors/418?args[]=text&args[]= for the full message or use the non-minified dev environment for full errors and additional helpful warnings.",
    + ]

      55 |
      56 |         await page.waitForTimeout(500);
    > 57 |         expect(hydrationErrors).toEqual([]);
         |                                 ^
      58 |       });
      59 |     }
      60 |   });
        at /private/tmp/project-repo-audit/clean-install/e2e/project-routes.spec.ts:57:33

    attachment #1: screenshot (image/png) ──────────────────────────────────────────────────────────
    ../../../../var/folders/f0/7ryz8txs2bq0hnjzmzz34wr80000gn/T/website-playwright-test-results/project-routes-project-rou-1e383-s-hero-and-hydrates-cleanly-webkit/test-failed-1.png
    ────────────────────────────────────────────────────────────────────────────────────────────────

    Error Context: ../../../../var/folders/f0/7ryz8txs2bq0hnjzmzz34wr80000gn/T/website-playwright-test-results/project-routes-project-rou-1e383-s-hero-and-hydrates-cleanly-webkit/error-context.md

    Retry #1 ───────────────────────────────────────────────────────────────────────────────────────

    Error: expect(received).toEqual(expected) // deep equality

    - Expected  - 1
    + Received  + 3

    - Array []
    + Array [
    +   "Minified React error #418; visit https://react.dev/errors/418?args[]=text&args[]= for the full message or use the non-minified dev environment for full errors and additional helpful warnings.",
    + ]

      55 |
      56 |         await page.waitForTimeout(500);
    > 57 |         expect(hydrationErrors).toEqual([]);
         |                                 ^
      58 |       });
      59 |     }
      60 |   });
        at /private/tmp/project-repo-audit/clean-install/e2e/project-routes.spec.ts:57:33

    attachment #1: screenshot (image/png) ──────────────────────────────────────────────────────────
    ../../../../var/folders/f0/7ryz8txs2bq0hnjzmzz34wr80000gn/T/website-playwright-test-results/project-routes-project-rou-1e383-s-hero-and-hydrates-cleanly-webkit-retry1/test-failed-1.png
    ────────────────────────────────────────────────────────────────────────────────────────────────

    Error Context: ../../../../var/folders/f0/7ryz8txs2bq0hnjzmzz34wr80000gn/T/website-playwright-test-results/project-routes-project-rou-1e383-s-hero-and-hydrates-cleanly-webkit-retry1/error-context.md

    attachment #3: trace (application/zip) ─────────────────────────────────────────────────────────
    ../../../../var/folders/f0/7ryz8txs2bq0hnjzmzz34wr80000gn/T/website-playwright-test-results/project-routes-project-rou-1e383-s-hero-and-hydrates-cleanly-webkit-retry1/trace.zip
    Usage:

        npx playwright show-trace ../../../../var/folders/f0/7ryz8txs2bq0hnjzmzz34wr80000gn/T/website-playwright-test-results/project-routes-project-rou-1e383-s-hero-and-hydrates-cleanly-webkit-retry1/trace.zip

    ────────────────────────────────────────────────────────────────────────────────────────────────


(node:39860) Warning: The 'NO_COLOR' env is ignored due to the 'FORCE_COLOR' env being set.
(Use `node --trace-warnings ...` to show where the warning was created)


[804/1400] [webkit] › e2e/project-routes.spec.ts:71:9 › designed routes › / hydrates cleanly
[805/1400] [webkit] › e2e/project-routes.spec.ts:71:9 › designed routes › /portfolio hydrates cleanly
[806/1400] [webkit] › e2e/project-routes.spec.ts:71:9 › designed routes › /writing hydrates cleanly
[807/1400] [webkit] › e2e/project-routes.spec.ts:71:9 › designed routes › /dashboards hydrates cleanly
[808/1400] [webkit] › e2e/project-routes.spec.ts:71:9 › designed routes › /about hydrates cleanly
[809/1400] [webkit] › e2e/project-routes.spec.ts:71:9 › designed routes › /resume hydrates cleanly
[810/1400] [webkit] › e2e/project-routes.spec.ts:71:9 › designed routes › /contact hydrates cleanly
[811/1400] [webkit] › e2e/project-routes.spec.ts:97:9 › project route layout › /earthquake-pulse lines up with the header at 390, 1440, and 1920
[812/1400] [webkit] › e2e/project-routes.spec.ts:97:9 › project route layout › /news-pulse lines up with the header at 390, 1440, and 1920
[813/1400] [webkit] › e2e/project-routes.spec.ts:97:9 › project route layout › /github-trending-pulse lines up with the header at 390, 1440, and 1920
[814/1400] [webkit] › e2e/project-routes.spec.ts:97:9 › project route layout › /frontier-models lines up with the header at 390, 1440, and 1920
[815/1400] [webkit] › e2e/project-routes.spec.ts:97:9 › project route layout › /ai-dev-tools lines up with the header at 390, 1440, and 1920
[816/1400] [webkit] › e2e/project-routes.spec.ts:97:9 › project route layout › /tech-startup-tracker lines up with the header at 390, 1440, and 1920
[817/1400] [webkit] › e2e/project-routes.spec.ts:97:9 › project route layout › /polling-aggregator lines up with the header at 390, 1440, and 1920
[818/1400] [webkit] › e2e/project-routes.spec.ts:97:9 › project route layout › /bay-area-transit lines up with the header at 390, 1440, and 1920
[819/1400] [webkit] › e2e/project-routes.spec.ts:97:9 › project route layout › /spacex-mission-control lines up with the header at 390, 1440, and 1920
[820/1400] [webkit] › e2e/project-routes.spec.ts:97:9 › project route layout › /wine-cellar lines up with the header at 390, 1440, and 1920
[821/1400] [webkit] › e2e/project-routes.spec.ts:97:9 › project route layout › /museum-log lines up with the header at 390, 1440, and 1920
[822/1400] [webkit] › e2e/project-routes.spec.ts:97:9 › project route layout › /recipe-finder lines up with the header at 390, 1440, and 1920
[823/1400] [webkit] › e2e/project-routes.spec.ts:97:9 › project route layout › /travel lines up with the header at 390, 1440, and 1920
[824/1400] [webkit] › e2e/project-routes.spec.ts:97:9 › project route layout › /food-map lines up with the header at 390, 1440, and 1920
[825/1400] [webkit] › e2e/project-routes.spec.ts:97:9 › project route layout › /travel-deals lines up with the header at 390, 1440, and 1920
[826/1400] [webkit] › e2e/project-routes.spec.ts:97:9 › project route layout › /la-liga lines up with the header at 390, 1440, and 1920
[827/1400] [webkit] › e2e/project-routes.spec.ts:97:9 › project route layout › /premier-league lines up with the header at 390, 1440, and 1920
[828/1400] [webkit] › e2e/project-routes.spec.ts:97:9 › project route layout › /mlb lines up with the header at 390, 1440, and 1920
[829/1400] [webkit] › e2e/project-routes.spec.ts:97:9 › project route layout › /nba lines up with the header at 390, 1440, and 1920
[830/1400] [webkit] › e2e/project-routes.spec.ts:97:9 › project route layout › /world-cup-2026 lines up with the header at 390, 1440, and 1920
[831/1400] [webkit] › e2e/project-routes.spec.ts:97:9 › project route layout › /nfl lines up with the header at 390, 1440, and 1920
[832/1400] [webkit] › e2e/project-routes.spec.ts:97:9 › project route layout › /golf lines up with the header at 390, 1440, and 1920
[833/1400] [webkit] › e2e/project-routes.spec.ts:97:9 › project route layout › /formula-1 lines up with the header at 390, 1440, and 1920
[834/1400] [webkit] › e2e/project-routes.spec.ts:97:9 › project route layout › /fantasy-formula-1 lines up with the header at 390, 1440, and 1920
[835/1400] [webkit] › e2e/project-routes.spec.ts:97:9 › project route layout › /march-madness-2026 lines up with the header at 390, 1440, and 1920
[836/1400] [webkit] › e2e/project-routes.spec.ts:97:9 › project route layout › /fintech-tools/budget-planner lines up with the header at 390, 1440, and 1920
[837/1400] [webkit] › e2e/project-routes.spec.ts:97:9 › project route layout › /fintech-tools/interchange-iq lines up with the header at 390, 1440, and 1920
[838/1400] [webkit] › e2e/project-routes.spec.ts:97:9 › project route layout › /fintech-tools/rent-vs-buy lines up with the header at 390, 1440, and 1920
[839/1400] [webkit] › e2e/project-routes.spec.ts:97:9 › project route layout › /investments lines up with the header at 390, 1440, and 1920
[840/1400] [webkit] › e2e/project-routes.spec.ts:97:9 › project route layout › /decision-lab lines up with the header at 390, 1440, and 1920
[841/1400] [webkit] › e2e/project-routes.spec.ts:97:9 › project route layout › /enablement-assistant lines up with the header at 390, 1440, and 1920
[842/1400] [webkit] › e2e/project-routes.spec.ts:97:9 › project route layout › /mba-internship-notifications lines up with the header at 390, 1440, and 1920
[843/1400] [webkit] › e2e/project-routes.spec.ts:97:9 › project route layout › /fantasy-football lines up with the header at 390, 1440, and 1920
[844/1400] [webkit] › e2e/project-routes.spec.ts:97:9 › project route layout › /fantasy-football/draft-tracker lines up with the header at 390, 1440, and 1920
[845/1400] [webkit] › e2e/project-routes.spec.ts:97:9 › project route layout › /fantasy-football/best-ball lines up with the header at 390, 1440, and 1920
[846/1400] [webkit] › e2e/project-routes.spec.ts:97:9 › project route layout › /fantasy-football/best-ball/draft-tracker lines up with the header at 390, 1440, and 1920
[847/1400] [webkit] › e2e/project-routes.spec.ts:97:9 › project route layout › /fantasy-football/mock-draft lines up with the header at 390, 1440, and 1920
[848/1400] [webkit] › e2e/project-routes.spec.ts:97:9 › project route layout › /fantasy-football/trade-calculator lines up with the header at 390, 1440, and 1920
[849/1400] [webkit] › e2e/project-routes.spec.ts:97:9 › project route layout › /fantasy-football/weekly lines up with the header at 390, 1440, and 1920
[850/1400] [webkit] › e2e/project-routes.spec.ts:97:9 › project route layout › /fantasy-football/waivers lines up with the header at 390, 1440, and 1920
[851/1400] [webkit] › e2e/project-routes.spec.ts:97:9 › project route layout › /score-pools lines up with the header at 390, 1440, and 1920
[852/1400] [webkit] › e2e/project-routes.spec.ts:97:9 › project route layout › /writing/topics/sports-fantasy lines up with the header at 390, 1440, and 1920
[853/1400] [webkit] › e2e/project-routes.spec.ts:97:9 › project route layout › /writing/complete-guide-qa-engineering lines up with the header at 390, 1440, and 1920
[854/1400] [webkit] › e2e/resume.spec.ts:4:7 › Resume › renders the résumé and exposes a working PDF download
[855/1400] [webkit] › e2e/resume.spec.ts:22:7 › Resume › starts the contact link on its column when the page prints
[856/1400] [webkit] › e2e/search.spec.ts:4:7 › Search › hydrates deep-linked search state and clears back to the canonical URL
[857/1400] [webkit] › e2e/writing.spec.ts:4:7 › Writing / Blog › /blog redirects to /writing
[858/1400] [webkit] › e2e/writing.spec.ts:9:7 › Writing / Blog › /writing page loads without error
[859/1400] [webkit] › e2e/writing.spec.ts:14:7 › Writing / Blog › /writing page has a visible heading
[860/1400] [webkit] › e2e/writing.spec.ts:21:7 › Writing / Blog › /writing page has a meaningful title
[861/1400] [webkit] › e2e/writing.spec.ts:29:7 › Dark mode toggle › theme toggle button exists on homepage
[862/1400] [webkit] › e2e/writing.spec.ts:45:7 › Dark mode toggle › dark class can be toggled on the html element
[863/1400] [webkit] › e2e/writing.spec.ts:67:7 › Search page › /search page loads without error and preserves a seeded query
[864/1400] [webkit] › e2e/writing.spec.ts:77:7 › Search page › /search page has a visible input
[865/1400] [webkit] › e2e/writing.spec.ts:92:7 › Static pages › /resume page loads without error
[866/1400] [webkit] › e2e/writing.spec.ts:97:7 › Static pages › /contact page loads without error
[867/1400] [webkit] › e2e/writing.spec.ts:102:7 › Static pages › /accessibility page loads without error
[868/1400] [webkit] › e2e/writing.spec.ts:107:7 › Static pages › /about page has a visible h1
[869/1400] [webkit] › e2e/writing.spec.ts:115:7 › Legacy URL redirects › /cv redirects to /resume
[870/1400] [webkit] › e2e/writing.spec.ts:120:7 › Legacy URL redirects › /work redirects to /portfolio
(node:40819) Warning: The 'NO_COLOR' env is ignored due to the 'FORCE_COLOR' env being set.
(Use `node --trace-warnings ...` to show where the warning was created)


[871/1400] [Mobile Chrome] › e2e/accessibility.spec.ts:4:7 › Accessibility › should have proper heading hierarchy on homepage
(node:40820) Warning: The 'NO_COLOR' env is ignored due to the 'FORCE_COLOR' env being set.
(Use `node --trace-warnings ...` to show where the warning was created)


[872/1400] [Mobile Chrome] › e2e/accessibility.spec.ts:13:7 › Accessibility › should support keyboard navigation
(node:40822) Warning: The 'NO_COLOR' env is ignored due to the 'FORCE_COLOR' env being set.
(Use `node --trace-warnings ...` to show where the warning was created)


[873/1400] [Mobile Chrome] › e2e/accessibility.spec.ts:29:7 › Accessibility › should have alt text on images
[874/1400] [Mobile Chrome] › e2e/accessibility.spec.ts:46:7 › Accessibility › should have proper ARIA labels on interactive elements
[875/1400] [Mobile Chrome] › e2e/accessibility.spec.ts:63:7 › Accessibility › should have sufficient color contrast
[876/1400] [Mobile Chrome] › e2e/catalog97-canvas.spec.ts:14:7 › Catalog 97 layouts canvas › loads every same-origin route preview inside its frame
[877/1400] [Mobile Chrome] › e2e/fantasy-football.spec.ts:153:7 › Fantasy football rankings › publishes every position in PPR, Half PPR, and Standard
[878/1400] [Mobile Chrome] › e2e/fantasy-football.spec.ts:192:7 › Fantasy football rankings › loads the canonical rankings board and supports PPR position switching
[879/1400] [Mobile Chrome] › e2e/fantasy-football.spec.ts:213:7 › Fantasy football rankings › supports deep-linked position and scoring params
[880/1400] [Mobile Chrome] › e2e/fantasy-football.spec.ts:222:7 › Fantasy football rankings › keeps normal scoring-position boards available across formats, including K and DST
[881/1400] [Mobile Chrome] › e2e/fantasy-football.spec.ts:246:7 › Fantasy football rankings › repeated switching uses stable static data without rate-limit failures
[882/1400] [Mobile Chrome] › e2e/fantasy-football.spec.ts:267:7 › Fantasy football rankings › keeps the board controls sticky on every viewport
[883/1400] [Mobile Chrome] › e2e/fantasy-football.spec.ts:281:7 › Fantasy football rankings › searches the board and clears it from the empty state
[884/1400] [Mobile Chrome] › e2e/fantasy-football.spec.ts:317:7 › Fantasy football rankings › queues a player from the drawer and keeps it after a reload
[885/1400] [Mobile Chrome] › e2e/fantasy-football.spec.ts:341:7 › Fantasy football rankings › shows prior-season points per game in the drawer, with its season and sample
[886/1400] [Mobile Chrome] › e2e/fantasy-football.spec.ts:369:7 › Fantasy football rankings › persists a private note from the drawer
[887/1400] [Mobile Chrome] › e2e/fantasy-football.spec.ts:388:7 › Fantasy football rankings › renders without horizontal overflow at 360px
[888/1400] [Mobile Chrome] › e2e/fantasy-football.spec.ts:400:7 › Fantasy football rankings › supports the fantasy rankings in dark mode
[889/1400] [Mobile Chrome] › e2e/fantasy-football.spec.ts:421:7 › Fantasy football draft tracker › loads the correct board for every scoring format
[890/1400] [Mobile Chrome] › e2e/fantasy-football.spec.ts:478:7 › Fantasy football draft tracker › loads, records picks, and persists after reload
[891/1400] [Mobile Chrome] › e2e/fantasy-football.spec.ts:516:7 › Fantasy football draft tracker › applies a saved preset without changing the parked room
[892/1400] [Mobile Chrome] › e2e/fantasy-football.spec.ts:563:7 › Fantasy football best ball › publishes all six ranking presets
[893/1400] [Mobile Chrome] › e2e/fantasy-football.spec.ts:594:7 › Fantasy football best ball › opens setup for all six tracker presets
[894/1400] [Mobile Chrome] › e2e/fantasy-football.spec.ts:620:7 › Fantasy football best ball › persists a BBM room and undo/redo state after reload
[895/1400] [Mobile Chrome] › e2e/fantasy-football.spec.ts:675:7 › Fantasy football best ball › keeps later tracker contests reachable without page overflow at 360px
[896/1400] [Mobile Chrome] › e2e/fantasy-football.spec.ts:716:7 › Fantasy redirects › /fantasy-football/rb-tiers redirects to the canonical board
[897/1400] [Mobile Chrome] › e2e/fantasy-football.spec.ts:722:7 › Fantasy redirects › /fantasy-football/tiers/qb redirects to the canonical board
[898/1400] [Mobile Chrome] › e2e/fantasy-football.spec.ts:728:7 › Fantasy redirects › /qb shortcut redirects to the canonical board
[899/1400] [Mobile Chrome] › e2e/fantasy-football.spec.ts:736:7 › server-rendered rankings › ships the first page of the board in the HTML for clients that do not run JavaScript
[900/1400] [Mobile Chrome] › e2e/fantasy-football.spec.ts:755:7 › server-rendered fantasy tools › ships the trade calculator's heading and structured data in the HTML
[901/1400] [Mobile Chrome] › e2e/fantasy-football.spec.ts:762:7 › server-rendered fantasy tools › ships the weekly board's first rows in the HTML
[902/1400] [Mobile Chrome] › e2e/fantasy-trade-calculator.spec.ts:23:7 › Fantasy football trade calculator › builds, saves, and isolates a keyboard-entered trade by scoring format
[903/1400] [Mobile Chrome] › e2e/fantasy-trade-calculator.spec.ts:58:7 › Fantasy football trade calculator › keeps the task readable and operable on a narrow screen
[904/1400] [Mobile Chrome] › e2e/footer-cta.spec.ts:4:7 › Footer CTA cleanup › uses the Catalog 97 footer after the homepage closing statement
[905/1400] [Mobile Chrome] › e2e/footer-cta.spec.ts:17:7 › Footer CTA cleanup › uses the Catalog 97 footer on the contact page
[906/1400] [Mobile Chrome] › e2e/footer-cta.spec.ts:30:7 › Footer CTA cleanup › keeps the portfolio CTA separate from the Catalog 97 footer
[907/1400] [Mobile Chrome] › e2e/footer-cta.spec.ts:41:7 › Footer CTA cleanup › uses the Catalog 97 footer on writing detail pages
[908/1400] [Mobile Chrome] › e2e/homepage.spec.ts:16:7 › Homepage › should load successfully
[909/1400] [Mobile Chrome] › e2e/homepage.spec.ts:21:7 › Homepage › should display hero section
[910/1400] [Mobile Chrome] › e2e/homepage.spec.ts:33:7 › Homepage › should have functional desktop navigation
[911/1400] [Mobile Chrome] › e2e/homepage.spec.ts:41:7 › Homepage › should have functional mobile navigation
[912/1400] [Mobile Chrome] › e2e/homepage.spec.ts:50:7 › Homepage › shows the Catalog 97 hero and primary CTAs
[913/1400] [Mobile Chrome] › e2e/homepage.spec.ts:68:7 › Homepage › should be responsive on mobile
[914/1400] [Mobile Chrome] › e2e/homepage.spec.ts:75:7 › Homepage › should have accessible skip link
[915/1400] [Mobile Chrome] › e2e/homepage.spec.ts:85:7 › Homepage › keeps the hero heading in the initial mobile viewport
[916/1400] [Mobile Chrome] › e2e/homepage.spec.ts:106:7 › Homepage › keeps the header utilities and primary action usable at 320px
[917/1400] [Mobile Chrome] › e2e/homepage.spec.ts:154:7 › Homepage › shows the Catalog 97 sections and their links
[918/1400] [Mobile Chrome] › e2e/homepage.spec.ts:174:7 › Homepage › supports dark theme on the homepage
[919/1400] [Mobile Chrome] › e2e/homepage.spec.ts:186:7 › Homepage › keeps homepage content visible when reduced motion is requested
[920/1400] [Mobile Chrome] › e2e/investments.spec.ts:236:7 › Investments › is discoverable from the Catalog 97 navigation through the dashboards index
[921/1400] [Mobile Chrome] › e2e/investments.spec.ts:252:7 › Investments › supports deep-linked research and uses live price separately from history
[922/1400] [Mobile Chrome] › e2e/investments.spec.ts:268:7 › Investments › finds Visa by company name and preserves selected research context after reload
[923/1400] [Mobile Chrome] › e2e/investments.spec.ts:298:7 › Investments › blocks non-curated symbols without fetching an unknown snapshot
[924/1400] [Mobile Chrome] › e2e/investments.spec.ts:327:7 › Investments › handles direct links to non-curated symbols without requesting an unknown snapshot
[925/1400] [Mobile Chrome] › e2e/investments.spec.ts:348:7 › Investments › falls back to the latest historical close when live pricing is unavailable
[926/1400] [Mobile Chrome] › e2e/investments.spec.ts:381:7 › Investments › keeps the shell stable across section navigation and avoids horizontal overflow
[927/1400] [Mobile Chrome] › e2e/investments.spec.ts:413:7 › Investments › prints the retirement projection when the planner was never scrolled to
[928/1400] [Mobile Chrome] › e2e/investments.spec.ts:441:7 › Investments › prints in its narrow layout from a desktop window
[929/1400] [Mobile Chrome] › e2e/investments.spec.ts:499:7 › Investments › keeps the disclaimers and the assumptions on the printed page
[930/1400] [Mobile Chrome] › e2e/investments.spec.ts:519:7 › Investments › homepage prioritizes the fintech project in projects
[931/1400] [Mobile Chrome] › e2e/investments.spec.ts:568:9 › Investments links that name a section › a fresh load of #hero lands on it
[932/1400] [Mobile Chrome] › e2e/investments.spec.ts:568:9 › Investments links that name a section › a fresh load of #performance lands on it
[933/1400] [Mobile Chrome] › e2e/investments.spec.ts:568:9 › Investments links that name a section › a fresh load of #portfolio-stats lands on it
[934/1400] [Mobile Chrome] › e2e/investments.spec.ts:568:9 › Investments links that name a section › a fresh load of #add-holding lands on it
[935/1400] [Mobile Chrome] › e2e/investments.spec.ts:568:9 › Investments links that name a section › a fresh load of #research-section lands on it
[936/1400] [Mobile Chrome] › e2e/investments.spec.ts:568:9 › Investments links that name a section › a fresh load of #retirement lands on it
[937/1400] [Mobile Chrome] › e2e/investments.spec.ts:586:9 › Investments links that name a section › a fresh load of #holdings-list lands on it once the saved holdings render
[938/1400] [Mobile Chrome] › e2e/investments.spec.ts:586:9 › Investments links that name a section › a fresh load of #allocation lands on it once the saved holdings render
[939/1400] [Mobile Chrome] › e2e/investments.spec.ts:599:7 › Investments links that name a section › holds the section in place when saved holdings render above it
[940/1400] [Mobile Chrome] › e2e/investments.spec.ts:614:7 › Investments links that name a section › keeps the fragment when it rewrites a legacy link
[941/1400] [Mobile Chrome] › e2e/investments.spec.ts:624:7 › Investments links that name a section › holds the section in place when the page grows above it
[942/1400] [Mobile Chrome] › e2e/investments.spec.ts:636:7 › Investments links that name a section › leaves the page where the visitor put it
[943/1400] [Mobile Chrome] › e2e/investments.spec.ts:771:13 › Retirement projection chart › label boxes › keeps every label inside the drawing at desktop type for the sample plan, 35 to 95
[944/1400] [Mobile Chrome] › e2e/investments.spec.ts:793:13 › Retirement projection chart › label boxes › keeps the age ticks clear of the other labels at desktop type for the sample plan, 35 to 95
[945/1400] [Mobile Chrome] › e2e/investments.spec.ts:771:13 › Retirement projection chart › label boxes › keeps every label inside the drawing at desktop type for a late retirement, 70 on a plan from 35 to 75
[946/1400] [Mobile Chrome] › e2e/investments.spec.ts:793:13 › Retirement projection chart › label boxes › keeps the age ticks clear of the other labels at desktop type for a late retirement, 70 on a plan from 35 to 75
[947/1400] [Mobile Chrome] › e2e/investments.spec.ts:771:13 › Retirement projection chart › label boxes › keeps every label inside the drawing at desktop type for a plan with a tick on both edges, 40 to 100
[948/1400] [Mobile Chrome] › e2e/investments.spec.ts:793:13 › Retirement projection chart › label boxes › keeps the age ticks clear of the other labels at desktop type for a plan with a tick on both edges, 40 to 100
[949/1400] [Mobile Chrome] › e2e/investments.spec.ts:771:13 › Retirement projection chart › label boxes › keeps every label inside the drawing at desktop type for the longest plan, 18 to 110
[950/1400] [Mobile Chrome] › e2e/investments.spec.ts:793:13 › Retirement projection chart › label boxes › keeps the age ticks clear of the other labels at desktop type for the longest plan, 18 to 110
[951/1400] [Mobile Chrome] › e2e/investments.spec.ts:771:13 › Retirement projection chart › label boxes › keeps every label inside the drawing at desktop type for the shortest plan, 89 to 91
[952/1400] [Mobile Chrome] › e2e/investments.spec.ts:793:13 › Retirement projection chart › label boxes › keeps the age ticks clear of the other labels at desktop type for the shortest plan, 89 to 91
[953/1400] [Mobile Chrome] › e2e/investments.spec.ts:771:13 › Retirement projection chart › label boxes › keeps every label inside the drawing at desktop type for a plan that ends past 100, 70 to 110
[954/1400] [Mobile Chrome] › e2e/investments.spec.ts:793:13 › Retirement projection chart › label boxes › keeps the age ticks clear of the other labels at desktop type for a plan that ends past 100, 70 to 110
[955/1400] [Mobile Chrome] › e2e/investments.spec.ts:819:11 › Retirement projection chart › label boxes › keeps the age ticks below the plot at desktop type
[956/1400] [Mobile Chrome] › e2e/investments.spec.ts:771:13 › Retirement projection chart › label boxes › keeps every label inside the drawing at phone type for the sample plan, 35 to 95
[957/1400] [Mobile Chrome] › e2e/investments.spec.ts:793:13 › Retirement projection chart › label boxes › keeps the age ticks clear of the other labels at phone type for the sample plan, 35 to 95
[958/1400] [Mobile Chrome] › e2e/investments.spec.ts:771:13 › Retirement projection chart › label boxes › keeps every label inside the drawing at phone type for a late retirement, 70 on a plan from 35 to 75
[959/1400] [Mobile Chrome] › e2e/investments.spec.ts:793:13 › Retirement projection chart › label boxes › keeps the age ticks clear of the other labels at phone type for a late retirement, 70 on a plan from 35 to 75
[960/1400] [Mobile Chrome] › e2e/investments.spec.ts:771:13 › Retirement projection chart › label boxes › keeps every label inside the drawing at phone type for a plan with a tick on both edges, 40 to 100
[961/1400] [Mobile Chrome] › e2e/investments.spec.ts:793:13 › Retirement projection chart › label boxes › keeps the age ticks clear of the other labels at phone type for a plan with a tick on both edges, 40 to 100
[962/1400] [Mobile Chrome] › e2e/investments.spec.ts:771:13 › Retirement projection chart › label boxes › keeps every label inside the drawing at phone type for the longest plan, 18 to 110
[963/1400] [Mobile Chrome] › e2e/investments.spec.ts:793:13 › Retirement projection chart › label boxes › keeps the age ticks clear of the other labels at phone type for the longest plan, 18 to 110
[964/1400] [Mobile Chrome] › e2e/investments.spec.ts:771:13 › Retirement projection chart › label boxes › keeps every label inside the drawing at phone type for the shortest plan, 89 to 91
[965/1400] [Mobile Chrome] › e2e/investments.spec.ts:793:13 › Retirement projection chart › label boxes › keeps the age ticks clear of the other labels at phone type for the shortest plan, 89 to 91
[966/1400] [Mobile Chrome] › e2e/investments.spec.ts:771:13 › Retirement projection chart › label boxes › keeps every label inside the drawing at phone type for a plan that ends past 100, 70 to 110
[967/1400] [Mobile Chrome] › e2e/investments.spec.ts:793:13 › Retirement projection chart › label boxes › keeps the age ticks clear of the other labels at phone type for a plan that ends past 100, 70 to 110
[968/1400] [Mobile Chrome] › e2e/investments.spec.ts:819:11 › Retirement projection chart › label boxes › keeps the age ticks below the plot at phone type
[969/1400] [Mobile Chrome] › e2e/investments.spec.ts:834:7 › Retirement projection chart › labels whole ages on a plan that runs two years
[970/1400] [Mobile Chrome] › e2e/investments.spec.ts:849:11 › Retirement projection chart › keeps the age label clear of the age ticks at desktop type for the sample plan, 35 to 95
[971/1400] [Mobile Chrome] › e2e/investments.spec.ts:849:11 › Retirement projection chart › keeps the age label clear of the age ticks at desktop type for a plan that ends on a tick, 35 to 90
[972/1400] [Mobile Chrome] › e2e/investments.spec.ts:849:11 › Retirement projection chart › keeps the age label clear of the age ticks at desktop type for the longest plan, 18 to 110
[973/1400] [Mobile Chrome] › e2e/investments.spec.ts:849:11 › Retirement projection chart › keeps the age label clear of the age ticks at desktop type for the shortest plan, 89 to 91
[974/1400] [Mobile Chrome] › e2e/investments.spec.ts:849:11 › Retirement projection chart › keeps the age label clear of the age ticks at phone type for the sample plan, 35 to 95
[975/1400] [Mobile Chrome] › e2e/investments.spec.ts:849:11 › Retirement projection chart › keeps the age label clear of the age ticks at phone type for a plan that ends on a tick, 35 to 90
[976/1400] [Mobile Chrome] › e2e/investments.spec.ts:849:11 › Retirement projection chart › keeps the age label clear of the age ticks at phone type for the longest plan, 18 to 110
[977/1400] [Mobile Chrome] › e2e/investments.spec.ts:849:11 › Retirement projection chart › keeps the age label clear of the age ticks at phone type for the shortest plan, 89 to 91
[978/1400] [Mobile Chrome] › e2e/investments.spec.ts:894:7 › Retirement projection chart › keeps the caption on the chart's page when the page prints
[979/1400] [Mobile Chrome] › e2e/march-madness.spec.ts:4:7 › March Madness › loads the default route with metadata and no horizontal overflow
[980/1400] [Mobile Chrome] › e2e/march-madness.spec.ts:37:7 › March Madness › supports hero CTAs and deep-link states
[981/1400] [Mobile Chrome] › e2e/march-madness.spec.ts:60:7 › March Madness › links to the companion article from the bracket tool
[982/1400] [Mobile Chrome] › e2e/navigation.spec.ts:11:7 › Navigation › should navigate through the Catalog 97 header destinations
[983/1400] [Mobile Chrome] › e2e/navigation.spec.ts:58:7 › Navigation › should keep the active destination marked in navigation
[984/1400] [Mobile Chrome] › e2e/navigation.spec.ts:66:7 › Navigation › should navigate using browser back button
[985/1400] [Mobile Chrome] › e2e/navigation.spec.ts:79:7 › Navigation › should keep wrapped mobile navigation tappable and avoid horizontal overflow
[986/1400] [Mobile Chrome] › e2e/persisted-tools.spec.ts:10:7 › Personal-interest tools persist state › museum log remembers a logged visit across a reload
[987/1400] [Mobile Chrome] › e2e/portfolio-shell.spec.ts:13:9 › Portfolio shell › / has a title, exactly one h1, and one main landmark
[988/1400] [Mobile Chrome] › e2e/portfolio-shell.spec.ts:13:9 › Portfolio shell › /portfolio has a title, exactly one h1, and one main landmark
[989/1400] [Mobile Chrome] › e2e/portfolio-shell.spec.ts:13:9 › Portfolio shell › /writing has a title, exactly one h1, and one main landmark
[990/1400] [Mobile Chrome] › e2e/portfolio-shell.spec.ts:13:9 › Portfolio shell › /dashboards has a title, exactly one h1, and one main landmark
[991/1400] [Mobile Chrome] › e2e/portfolio-shell.spec.ts:13:9 › Portfolio shell › /about has a title, exactly one h1, and one main landmark
[992/1400] [Mobile Chrome] › e2e/portfolio-shell.spec.ts:13:9 › Portfolio shell › /resume has a title, exactly one h1, and one main landmark
[993/1400] [Mobile Chrome] › e2e/portfolio-shell.spec.ts:13:9 › Portfolio shell › /contact has a title, exactly one h1, and one main landmark
[994/1400] [Mobile Chrome] › e2e/portfolio-shell.spec.ts:33:7 › Portfolio shell › /portfolio renders the masthead, lead projects, filter, and index
[995/1400] [Mobile Chrome] › e2e/print.spec.ts:137:9 › Print › repeats no vector image behind / on paper
[996/1400] [Mobile Chrome] › e2e/print.spec.ts:137:9 › Print › repeats no vector image behind /about on paper
[997/1400] [Mobile Chrome] › e2e/print.spec.ts:137:9 › Print › repeats no vector image behind /investments on paper
[998/1400] [Mobile Chrome] › e2e/print.spec.ts:148:9 › Print › filters and blends nothing on /about on paper in Firefox's engine
[999/1400] [Mobile Chrome] › e2e/print.spec.ts:148:9 › Print › filters and blends nothing on /resume on paper in Firefox's engine
[1000/1400] [Mobile Chrome] › e2e/print.spec.ts:148:9 › Print › filters and blends nothing on /writing/2026-march-madness-bracket-analysis on paper in Firefox's engine
[1001/1400] [Mobile Chrome] › e2e/print.spec.ts:163:7 › Print › keeps the portrait's treatment on paper outside Firefox's engine
[1002/1400] [Mobile Chrome] › e2e/print.spec.ts:178:9 › Print › prints the shared grids on /about narrow from a desktop window
[1003/1400] [Mobile Chrome] › e2e/print.spec.ts:178:9 › Print › prints the shared grids on /dashboards narrow from a desktop window
[1004/1400] [Mobile Chrome] › e2e/print.spec.ts:178:9 › Print › prints the shared grids on /accessibility narrow from a desktop window
[1005/1400] [Mobile Chrome] › e2e/print.spec.ts:192:9 › Print › keeps each grid's own gap when /about stacks it on paper
[1006/1400] [Mobile Chrome] › e2e/print.spec.ts:192:9 › Print › keeps each grid's own gap when /resume stacks it on paper
[1007/1400] [Mobile Chrome] › e2e/print.spec.ts:203:7 › Print › prints Home in its narrow layout from a desktop window
[1008/1400] [Mobile Chrome] › e2e/print.spec.ts:227:9 › Print › shows nothing through a mask on / on paper
[1009/1400] [Mobile Chrome] › e2e/print.spec.ts:227:9 › Print › shows nothing through a mask on /about on paper
[1010/1400] [Mobile Chrome] › e2e/print.spec.ts:227:9 › Print › shows nothing through a mask on /investments on paper
[1011/1400] [Mobile Chrome] › e2e/print.spec.ts:227:9 › Print › shows nothing through a mask on /writing on paper
[1012/1400] [Mobile Chrome] › e2e/print.spec.ts:237:7 › Print › tears the seams with a clip path on paper
[1013/1400] [Mobile Chrome] › e2e/product-surfaces.spec.ts:25:7 › Product surfaces › football dashboards render standings and selectable club detail panels
[1014/1400] [Mobile Chrome] › e2e/product-surfaces.spec.ts:53:7 › Product surfaces › snapshot dashboards preserve interactive filter state in the URL
[1015/1400] [Mobile Chrome] › e2e/product-surfaces.spec.ts:78:7 › Product surfaces › polling and SpaceX tools load deep-linked operational views
[1016/1400] [Mobile Chrome] › e2e/product-surfaces.spec.ts:113:7 › Product surfaces › fintech tools accept calculator and ledger input
[1017/1400] [Mobile Chrome] › e2e/product-surfaces.spec.ts:150:7 › Product surfaces › news pulse dashboard boots and switches editorial views
[1018/1400] [Mobile Chrome] › e2e/project-routes.spec.ts:41:11 › project routes in America/Los_Angeles › /investments renders its hero and hydrates cleanly
[1019/1400] [Mobile Chrome] › e2e/project-routes.spec.ts:41:11 › project routes in America/Los_Angeles › /fantasy-football renders its hero and hydrates cleanly
[1020/1400] [Mobile Chrome] › e2e/project-routes.spec.ts:41:11 › project routes in America/Los_Angeles › /fintech-tools/interchange-iq renders its hero and hydrates cleanly
[1021/1400] [Mobile Chrome] › e2e/project-routes.spec.ts:41:11 › project routes in America/Los_Angeles › /fintech-tools/budget-planner renders its hero and hydrates cleanly
[1022/1400] [Mobile Chrome] › e2e/project-routes.spec.ts:41:11 › project routes in America/Los_Angeles › /fintech-tools/rent-vs-buy renders its hero and hydrates cleanly
[1023/1400] [Mobile Chrome] › e2e/project-routes.spec.ts:41:11 › project routes in America/Los_Angeles › /news-pulse renders its hero and hydrates cleanly
[1024/1400] [Mobile Chrome] › e2e/project-routes.spec.ts:41:11 › project routes in America/Los_Angeles › /decision-lab renders its hero and hydrates cleanly
[1025/1400] [Mobile Chrome] › e2e/project-routes.spec.ts:41:11 › project routes in America/Los_Angeles › /enablement-assistant renders its hero and hydrates cleanly
[1026/1400] [Mobile Chrome] › e2e/project-routes.spec.ts:41:11 › project routes in America/Los_Angeles › /food-map renders its hero and hydrates cleanly
[1027/1400] [Mobile Chrome] › e2e/project-routes.spec.ts:41:11 › project routes in America/Los_Angeles › /march-madness-2026 renders its hero and hydrates cleanly
[1028/1400] [Mobile Chrome] › e2e/project-routes.spec.ts:41:11 › project routes in America/Los_Angeles › /la-liga renders its hero and hydrates cleanly
[1029/1400] [Mobile Chrome] › e2e/project-routes.spec.ts:41:11 › project routes in America/Los_Angeles › /mba-internship-notifications renders its hero and hydrates cleanly
[1030/1400] [Mobile Chrome] › e2e/project-routes.spec.ts:41:11 › project routes in America/Los_Angeles › /spacex-mission-control renders its hero and hydrates cleanly
[1031/1400] [Mobile Chrome] › e2e/project-routes.spec.ts:41:11 › project routes in America/Los_Angeles › /premier-league renders its hero and hydrates cleanly
[1032/1400] [Mobile Chrome] › e2e/project-routes.spec.ts:41:11 › project routes in America/Los_Angeles › /frontier-models renders its hero and hydrates cleanly
[1033/1400] [Mobile Chrome] › e2e/project-routes.spec.ts:41:11 › project routes in America/Los_Angeles › /ai-dev-tools renders its hero and hydrates cleanly
[1034/1400] [Mobile Chrome] › e2e/project-routes.spec.ts:41:11 › project routes in America/Los_Angeles › /github-trending-pulse renders its hero and hydrates cleanly
[1035/1400] [Mobile Chrome] › e2e/project-routes.spec.ts:41:11 › project routes in America/Los_Angeles › /tech-startup-tracker renders its hero and hydrates cleanly
[1036/1400] [Mobile Chrome] › e2e/project-routes.spec.ts:41:11 › project routes in America/Los_Angeles › /formula-1 renders its hero and hydrates cleanly
[1037/1400] [Mobile Chrome] › e2e/project-routes.spec.ts:41:11 › project routes in America/Los_Angeles › /fantasy-formula-1 renders its hero and hydrates cleanly
[1038/1400] [Mobile Chrome] › e2e/project-routes.spec.ts:41:11 › project routes in America/Los_Angeles › /golf renders its hero and hydrates cleanly
[1039/1400] [Mobile Chrome] › e2e/project-routes.spec.ts:41:11 › project routes in America/Los_Angeles › /earthquake-pulse renders its hero and hydrates cleanly
[1040/1400] [Mobile Chrome] › e2e/project-routes.spec.ts:41:11 › project routes in America/Los_Angeles › /world-cup-2026 renders its hero and hydrates cleanly
[1041/1400] [Mobile Chrome] › e2e/project-routes.spec.ts:41:11 › project routes in America/Los_Angeles › /bay-area-transit renders its hero and hydrates cleanly
[1042/1400] [Mobile Chrome] › e2e/project-routes.spec.ts:41:11 › project routes in America/Los_Angeles › /mlb renders its hero and hydrates cleanly
[1043/1400] [Mobile Chrome] › e2e/project-routes.spec.ts:41:11 › project routes in America/Los_Angeles › /nba renders its hero and hydrates cleanly
[1044/1400] [Mobile Chrome] › e2e/project-routes.spec.ts:41:11 › project routes in America/Los_Angeles › /nfl renders its hero and hydrates cleanly
[1045/1400] [Mobile Chrome] › e2e/project-routes.spec.ts:41:11 › project routes in America/Los_Angeles › /polling-aggregator renders its hero and hydrates cleanly
[1046/1400] [Mobile Chrome] › e2e/project-routes.spec.ts:41:11 › project routes in America/Los_Angeles › /museum-log renders its hero and hydrates cleanly
[1047/1400] [Mobile Chrome] › e2e/project-routes.spec.ts:41:11 › project routes in America/Los_Angeles › /wine-cellar renders its hero and hydrates cleanly
[1048/1400] [Mobile Chrome] › e2e/project-routes.spec.ts:41:11 › project routes in America/Los_Angeles › /recipe-finder renders its hero and hydrates cleanly
[1049/1400] [Mobile Chrome] › e2e/project-routes.spec.ts:41:11 › project routes in America/Los_Angeles › /travel renders its hero and hydrates cleanly
[1050/1400] [Mobile Chrome] › e2e/project-routes.spec.ts:41:11 › project routes in America/Los_Angeles › /travel-deals renders its hero and hydrates cleanly
[1051/1400] [Mobile Chrome] › e2e/project-routes.spec.ts:41:11 › project routes in Asia/Tokyo › /investments renders its hero and hydrates cleanly
[1052/1400] [Mobile Chrome] › e2e/project-routes.spec.ts:41:11 › project routes in Asia/Tokyo › /fantasy-football renders its hero and hydrates cleanly
[1053/1400] [Mobile Chrome] › e2e/project-routes.spec.ts:41:11 › project routes in Asia/Tokyo › /fintech-tools/interchange-iq renders its hero and hydrates cleanly
[1054/1400] [Mobile Chrome] › e2e/project-routes.spec.ts:41:11 › project routes in Asia/Tokyo › /fintech-tools/budget-planner renders its hero and hydrates cleanly
[1055/1400] [Mobile Chrome] › e2e/project-routes.spec.ts:41:11 › project routes in Asia/Tokyo › /fintech-tools/rent-vs-buy renders its hero and hydrates cleanly
[1056/1400] [Mobile Chrome] › e2e/project-routes.spec.ts:41:11 › project routes in Asia/Tokyo › /news-pulse renders its hero and hydrates cleanly
[1057/1400] [Mobile Chrome] › e2e/project-routes.spec.ts:41:11 › project routes in Asia/Tokyo › /decision-lab renders its hero and hydrates cleanly
[1058/1400] [Mobile Chrome] › e2e/project-routes.spec.ts:41:11 › project routes in Asia/Tokyo › /enablement-assistant renders its hero and hydrates cleanly
[1059/1400] [Mobile Chrome] › e2e/project-routes.spec.ts:41:11 › project routes in Asia/Tokyo › /food-map renders its hero and hydrates cleanly
[1060/1400] [Mobile Chrome] › e2e/project-routes.spec.ts:41:11 › project routes in Asia/Tokyo › /march-madness-2026 renders its hero and hydrates cleanly
[1061/1400] [Mobile Chrome] › e2e/project-routes.spec.ts:41:11 › project routes in Asia/Tokyo › /la-liga renders its hero and hydrates cleanly
[1062/1400] [Mobile Chrome] › e2e/project-routes.spec.ts:41:11 › project routes in Asia/Tokyo › /mba-internship-notifications renders its hero and hydrates cleanly
[1063/1400] [Mobile Chrome] › e2e/project-routes.spec.ts:41:11 › project routes in Asia/Tokyo › /spacex-mission-control renders its hero and hydrates cleanly
[1064/1400] [Mobile Chrome] › e2e/project-routes.spec.ts:41:11 › project routes in Asia/Tokyo › /premier-league renders its hero and hydrates cleanly
[1065/1400] [Mobile Chrome] › e2e/project-routes.spec.ts:41:11 › project routes in Asia/Tokyo › /frontier-models renders its hero and hydrates cleanly
[1066/1400] [Mobile Chrome] › e2e/project-routes.spec.ts:41:11 › project routes in Asia/Tokyo › /ai-dev-tools renders its hero and hydrates cleanly
[1067/1400] [Mobile Chrome] › e2e/project-routes.spec.ts:41:11 › project routes in Asia/Tokyo › /github-trending-pulse renders its hero and hydrates cleanly
[1068/1400] [Mobile Chrome] › e2e/project-routes.spec.ts:41:11 › project routes in Asia/Tokyo › /tech-startup-tracker renders its hero and hydrates cleanly
[1069/1400] [Mobile Chrome] › e2e/project-routes.spec.ts:41:11 › project routes in Asia/Tokyo › /formula-1 renders its hero and hydrates cleanly
[1070/1400] [Mobile Chrome] › e2e/project-routes.spec.ts:41:11 › project routes in Asia/Tokyo › /fantasy-formula-1 renders its hero and hydrates cleanly
[1071/1400] [Mobile Chrome] › e2e/project-routes.spec.ts:41:11 › project routes in Asia/Tokyo › /golf renders its hero and hydrates cleanly
[1072/1400] [Mobile Chrome] › e2e/project-routes.spec.ts:41:11 › project routes in Asia/Tokyo › /earthquake-pulse renders its hero and hydrates cleanly
[1073/1400] [Mobile Chrome] › e2e/project-routes.spec.ts:41:11 › project routes in Asia/Tokyo › /world-cup-2026 renders its hero and hydrates cleanly
[1074/1400] [Mobile Chrome] › e2e/project-routes.spec.ts:41:11 › project routes in Asia/Tokyo › /bay-area-transit renders its hero and hydrates cleanly
[1075/1400] [Mobile Chrome] › e2e/project-routes.spec.ts:41:11 › project routes in Asia/Tokyo › /mlb renders its hero and hydrates cleanly
[1076/1400] [Mobile Chrome] › e2e/project-routes.spec.ts:41:11 › project routes in Asia/Tokyo › /nba renders its hero and hydrates cleanly
[1077/1400] [Mobile Chrome] › e2e/project-routes.spec.ts:41:11 › project routes in Asia/Tokyo › /nfl renders its hero and hydrates cleanly
[1078/1400] [Mobile Chrome] › e2e/project-routes.spec.ts:41:11 › project routes in Asia/Tokyo › /polling-aggregator renders its hero and hydrates cleanly
[1079/1400] [Mobile Chrome] › e2e/project-routes.spec.ts:41:11 › project routes in Asia/Tokyo › /museum-log renders its hero and hydrates cleanly
[1080/1400] [Mobile Chrome] › e2e/project-routes.spec.ts:41:11 › project routes in Asia/Tokyo › /wine-cellar renders its hero and hydrates cleanly
[1081/1400] [Mobile Chrome] › e2e/project-routes.spec.ts:41:11 › project routes in Asia/Tokyo › /recipe-finder renders its hero and hydrates cleanly
[1082/1400] [Mobile Chrome] › e2e/project-routes.spec.ts:41:11 › project routes in Asia/Tokyo › /travel renders its hero and hydrates cleanly
[1083/1400] [Mobile Chrome] › e2e/project-routes.spec.ts:41:11 › project routes in Asia/Tokyo › /travel-deals renders its hero and hydrates cleanly
[1084/1400] [Mobile Chrome] › e2e/project-routes.spec.ts:71:9 › designed routes › / hydrates cleanly
[1085/1400] [Mobile Chrome] › e2e/project-routes.spec.ts:71:9 › designed routes › /portfolio hydrates cleanly
[1086/1400] [Mobile Chrome] › e2e/project-routes.spec.ts:71:9 › designed routes › /writing hydrates cleanly
[1087/1400] [Mobile Chrome] › e2e/project-routes.spec.ts:71:9 › designed routes › /dashboards hydrates cleanly
[1088/1400] [Mobile Chrome] › e2e/project-routes.spec.ts:71:9 › designed routes › /about hydrates cleanly
[1089/1400] [Mobile Chrome] › e2e/project-routes.spec.ts:71:9 › designed routes › /resume hydrates cleanly
[1090/1400] [Mobile Chrome] › e2e/project-routes.spec.ts:71:9 › designed routes › /contact hydrates cleanly
[1091/1400] [Mobile Chrome] › e2e/project-routes.spec.ts:97:9 › project route layout › /earthquake-pulse lines up with the header at 390, 1440, and 1920
[1092/1400] [Mobile Chrome] › e2e/project-routes.spec.ts:97:9 › project route layout › /news-pulse lines up with the header at 390, 1440, and 1920
[1093/1400] [Mobile Chrome] › e2e/project-routes.spec.ts:97:9 › project route layout › /github-trending-pulse lines up with the header at 390, 1440, and 1920
[1094/1400] [Mobile Chrome] › e2e/project-routes.spec.ts:97:9 › project route layout › /frontier-models lines up with the header at 390, 1440, and 1920
[1095/1400] [Mobile Chrome] › e2e/project-routes.spec.ts:97:9 › project route layout › /ai-dev-tools lines up with the header at 390, 1440, and 1920
[1096/1400] [Mobile Chrome] › e2e/project-routes.spec.ts:97:9 › project route layout › /tech-startup-tracker lines up with the header at 390, 1440, and 1920
[1097/1400] [Mobile Chrome] › e2e/project-routes.spec.ts:97:9 › project route layout › /polling-aggregator lines up with the header at 390, 1440, and 1920
[1098/1400] [Mobile Chrome] › e2e/project-routes.spec.ts:97:9 › project route layout › /bay-area-transit lines up with the header at 390, 1440, and 1920
[1099/1400] [Mobile Chrome] › e2e/project-routes.spec.ts:97:9 › project route layout › /spacex-mission-control lines up with the header at 390, 1440, and 1920
[1100/1400] [Mobile Chrome] › e2e/project-routes.spec.ts:97:9 › project route layout › /wine-cellar lines up with the header at 390, 1440, and 1920
[1101/1400] [Mobile Chrome] › e2e/project-routes.spec.ts:97:9 › project route layout › /museum-log lines up with the header at 390, 1440, and 1920
[1102/1400] [Mobile Chrome] › e2e/project-routes.spec.ts:97:9 › project route layout › /recipe-finder lines up with the header at 390, 1440, and 1920
[1103/1400] [Mobile Chrome] › e2e/project-routes.spec.ts:97:9 › project route layout › /travel lines up with the header at 390, 1440, and 1920
[1104/1400] [Mobile Chrome] › e2e/project-routes.spec.ts:97:9 › project route layout › /travel-deals lines up with the header at 390, 1440, and 1920
[1105/1400] [Mobile Chrome] › e2e/project-routes.spec.ts:97:9 › project route layout › /food-map lines up with the header at 390, 1440, and 1920
[1106/1400] [Mobile Chrome] › e2e/project-routes.spec.ts:97:9 › project route layout › /premier-league lines up with the header at 390, 1440, and 1920
[1107/1400] [Mobile Chrome] › e2e/project-routes.spec.ts:97:9 › project route layout › /la-liga lines up with the header at 390, 1440, and 1920
[1108/1400] [Mobile Chrome] › e2e/project-routes.spec.ts:97:9 › project route layout › /mlb lines up with the header at 390, 1440, and 1920
[1109/1400] [Mobile Chrome] › e2e/project-routes.spec.ts:97:9 › project route layout › /nba lines up with the header at 390, 1440, and 1920
[1110/1400] [Mobile Chrome] › e2e/project-routes.spec.ts:97:9 › project route layout › /nfl lines up with the header at 390, 1440, and 1920
[1111/1400] [Mobile Chrome] › e2e/project-routes.spec.ts:97:9 › project route layout › /world-cup-2026 lines up with the header at 390, 1440, and 1920
[1112/1400] [Mobile Chrome] › e2e/project-routes.spec.ts:97:9 › project route layout › /golf lines up with the header at 390, 1440, and 1920
[1113/1400] [Mobile Chrome] › e2e/project-routes.spec.ts:97:9 › project route layout › /formula-1 lines up with the header at 390, 1440, and 1920
[1114/1400] [Mobile Chrome] › e2e/project-routes.spec.ts:97:9 › project route layout › /fantasy-formula-1 lines up with the header at 390, 1440, and 1920
[1115/1400] [Mobile Chrome] › e2e/project-routes.spec.ts:97:9 › project route layout › /march-madness-2026 lines up with the header at 390, 1440, and 1920
[1116/1400] [Mobile Chrome] › e2e/project-routes.spec.ts:97:9 › project route layout › /fintech-tools/budget-planner lines up with the header at 390, 1440, and 1920
[1117/1400] [Mobile Chrome] › e2e/project-routes.spec.ts:97:9 › project route layout › /fintech-tools/interchange-iq lines up with the header at 390, 1440, and 1920
[1118/1400] [Mobile Chrome] › e2e/project-routes.spec.ts:97:9 › project route layout › /fintech-tools/rent-vs-buy lines up with the header at 390, 1440, and 1920
[1119/1400] [Mobile Chrome] › e2e/project-routes.spec.ts:97:9 › project route layout › /investments lines up with the header at 390, 1440, and 1920
[1120/1400] [Mobile Chrome] › e2e/project-routes.spec.ts:97:9 › project route layout › /decision-lab lines up with the header at 390, 1440, and 1920
[1121/1400] [Mobile Chrome] › e2e/project-routes.spec.ts:97:9 › project route layout › /enablement-assistant lines up with the header at 390, 1440, and 1920
[1122/1400] [Mobile Chrome] › e2e/project-routes.spec.ts:97:9 › project route layout › /mba-internship-notifications lines up with the header at 390, 1440, and 1920
[1123/1400] [Mobile Chrome] › e2e/project-routes.spec.ts:97:9 › project route layout › /fantasy-football lines up with the header at 390, 1440, and 1920
[1124/1400] [Mobile Chrome] › e2e/project-routes.spec.ts:97:9 › project route layout › /fantasy-football/draft-tracker lines up with the header at 390, 1440, and 1920
[1125/1400] [Mobile Chrome] › e2e/project-routes.spec.ts:97:9 › project route layout › /fantasy-football/best-ball lines up with the header at 390, 1440, and 1920
[1126/1400] [Mobile Chrome] › e2e/project-routes.spec.ts:97:9 › project route layout › /fantasy-football/best-ball/draft-tracker lines up with the header at 390, 1440, and 1920
[1127/1400] [Mobile Chrome] › e2e/project-routes.spec.ts:97:9 › project route layout › /fantasy-football/mock-draft lines up with the header at 390, 1440, and 1920
[1128/1400] [Mobile Chrome] › e2e/project-routes.spec.ts:97:9 › project route layout › /fantasy-football/trade-calculator lines up with the header at 390, 1440, and 1920
[1129/1400] [Mobile Chrome] › e2e/project-routes.spec.ts:97:9 › project route layout › /fantasy-football/weekly lines up with the header at 390, 1440, and 1920
[1130/1400] [Mobile Chrome] › e2e/project-routes.spec.ts:97:9 › project route layout › /fantasy-football/waivers lines up with the header at 390, 1440, and 1920
[1131/1400] [Mobile Chrome] › e2e/project-routes.spec.ts:97:9 › project route layout › /score-pools lines up with the header at 390, 1440, and 1920
[1132/1400] [Mobile Chrome] › e2e/project-routes.spec.ts:97:9 › project route layout › /writing/topics/sports-fantasy lines up with the header at 390, 1440, and 1920
[1133/1400] [Mobile Chrome] › e2e/project-routes.spec.ts:97:9 › project route layout › /writing/complete-guide-qa-engineering lines up with the header at 390, 1440, and 1920
[1134/1400] [Mobile Chrome] › e2e/resume.spec.ts:4:7 › Resume › renders the résumé and exposes a working PDF download
[1135/1400] [Mobile Chrome] › e2e/resume.spec.ts:22:7 › Resume › starts the contact link on its column when the page prints
[1136/1400] [Mobile Chrome] › e2e/search.spec.ts:4:7 › Search › hydrates deep-linked search state and clears back to the canonical URL
[1137/1400] [Mobile Chrome] › e2e/writing.spec.ts:4:7 › Writing / Blog › /blog redirects to /writing
[1138/1400] [Mobile Chrome] › e2e/writing.spec.ts:9:7 › Writing / Blog › /writing page loads without error
[1139/1400] [Mobile Chrome] › e2e/writing.spec.ts:14:7 › Writing / Blog › /writing page has a visible heading
[1140/1400] [Mobile Chrome] › e2e/writing.spec.ts:21:7 › Writing / Blog › /writing page has a meaningful title
[1141/1400] [Mobile Chrome] › e2e/writing.spec.ts:29:7 › Dark mode toggle › theme toggle button exists on homepage
[1142/1400] [Mobile Chrome] › e2e/writing.spec.ts:45:7 › Dark mode toggle › dark class can be toggled on the html element
[1143/1400] [Mobile Chrome] › e2e/writing.spec.ts:67:7 › Search page › /search page loads without error and preserves a seeded query
[1144/1400] [Mobile Chrome] › e2e/writing.spec.ts:77:7 › Search page › /search page has a visible input
[1145/1400] [Mobile Chrome] › e2e/writing.spec.ts:92:7 › Static pages › /resume page loads without error
[1146/1400] [Mobile Chrome] › e2e/writing.spec.ts:97:7 › Static pages › /contact page loads without error
[1147/1400] [Mobile Chrome] › e2e/writing.spec.ts:102:7 › Static pages › /accessibility page loads without error
[1148/1400] [Mobile Chrome] › e2e/writing.spec.ts:107:7 › Static pages › /about page has a visible h1
[1149/1400] [Mobile Chrome] › e2e/writing.spec.ts:115:7 › Legacy URL redirects › /cv redirects to /resume
[1150/1400] [Mobile Chrome] › e2e/writing.spec.ts:120:7 › Legacy URL redirects › /work redirects to /portfolio
(node:49208) Warning: The 'NO_COLOR' env is ignored due to the 'FORCE_COLOR' env being set.
(Use `node --trace-warnings ...` to show where the warning was created)


[1151/1400] [Mobile Safari] › e2e/accessibility.spec.ts:4:7 › Accessibility › should have proper heading hierarchy on homepage
(node:49209) Warning: The 'NO_COLOR' env is ignored due to the 'FORCE_COLOR' env being set.
(Use `node --trace-warnings ...` to show where the warning was created)


[1152/1400] [Mobile Safari] › e2e/accessibility.spec.ts:13:7 › Accessibility › should support keyboard navigation
(node:49215) Warning: The 'NO_COLOR' env is ignored due to the 'FORCE_COLOR' env being set.
(Use `node --trace-warnings ...` to show where the warning was created)


[1153/1400] [Mobile Safari] › e2e/accessibility.spec.ts:29:7 › Accessibility › should have alt text on images
[1154/1400] [Mobile Safari] › e2e/accessibility.spec.ts:63:7 › Accessibility › should have sufficient color contrast
[1155/1400] [Mobile Safari] › e2e/accessibility.spec.ts:46:7 › Accessibility › should have proper ARIA labels on interactive elements
[1156/1400] [Mobile Safari] › e2e/catalog97-canvas.spec.ts:14:7 › Catalog 97 layouts canvas › loads every same-origin route preview inside its frame
[1157/1400] [Mobile Safari] › e2e/fantasy-football.spec.ts:153:7 › Fantasy football rankings › publishes every position in PPR, Half PPR, and Standard
[1158/1400] [Mobile Safari] › e2e/fantasy-football.spec.ts:192:7 › Fantasy football rankings › loads the canonical rankings board and supports PPR position switching
[1159/1400] [Mobile Safari] › e2e/fantasy-football.spec.ts:213:7 › Fantasy football rankings › supports deep-linked position and scoring params
[1160/1400] [Mobile Safari] › e2e/fantasy-football.spec.ts:222:7 › Fantasy football rankings › keeps normal scoring-position boards available across formats, including K and DST
[1161/1400] [Mobile Safari] › e2e/fantasy-football.spec.ts:246:7 › Fantasy football rankings › repeated switching uses stable static data without rate-limit failures
[1162/1400] [Mobile Safari] › e2e/fantasy-football.spec.ts:267:7 › Fantasy football rankings › keeps the board controls sticky on every viewport
[1163/1400] [Mobile Safari] › e2e/fantasy-football.spec.ts:281:7 › Fantasy football rankings › searches the board and clears it from the empty state
[1164/1400] [Mobile Safari] › e2e/fantasy-football.spec.ts:317:7 › Fantasy football rankings › queues a player from the drawer and keeps it after a reload
[1165/1400] [Mobile Safari] › e2e/fantasy-football.spec.ts:341:7 › Fantasy football rankings › shows prior-season points per game in the drawer, with its season and sample
[1166/1400] [Mobile Safari] › e2e/fantasy-football.spec.ts:369:7 › Fantasy football rankings › persists a private note from the drawer
[1167/1400] [Mobile Safari] › e2e/fantasy-football.spec.ts:388:7 › Fantasy football rankings › renders without horizontal overflow at 360px
[1168/1400] [Mobile Safari] › e2e/fantasy-football.spec.ts:400:7 › Fantasy football rankings › supports the fantasy rankings in dark mode
[1169/1400] [Mobile Safari] › e2e/fantasy-football.spec.ts:421:7 › Fantasy football draft tracker › loads the correct board for every scoring format
[1170/1400] [Mobile Safari] › e2e/fantasy-football.spec.ts:478:7 › Fantasy football draft tracker › loads, records picks, and persists after reload
[1171/1400] [Mobile Safari] › e2e/fantasy-football.spec.ts:516:7 › Fantasy football draft tracker › applies a saved preset without changing the parked room
[1172/1400] [Mobile Safari] › e2e/fantasy-football.spec.ts:563:7 › Fantasy football best ball › publishes all six ranking presets
[1173/1400] [Mobile Safari] › e2e/fantasy-football.spec.ts:594:7 › Fantasy football best ball › opens setup for all six tracker presets
[1174/1400] [Mobile Safari] › e2e/fantasy-football.spec.ts:620:7 › Fantasy football best ball › persists a BBM room and undo/redo state after reload
[1175/1400] [Mobile Safari] › e2e/fantasy-football.spec.ts:675:7 › Fantasy football best ball › keeps later tracker contests reachable without page overflow at 360px
[1176/1400] [Mobile Safari] › e2e/fantasy-football.spec.ts:716:7 › Fantasy redirects › /fantasy-football/rb-tiers redirects to the canonical board
[1177/1400] [Mobile Safari] › e2e/fantasy-football.spec.ts:722:7 › Fantasy redirects › /fantasy-football/tiers/qb redirects to the canonical board
[1178/1400] [Mobile Safari] › e2e/fantasy-football.spec.ts:728:7 › Fantasy redirects › /qb shortcut redirects to the canonical board
[1179/1400] [Mobile Safari] › e2e/fantasy-football.spec.ts:736:7 › server-rendered rankings › ships the first page of the board in the HTML for clients that do not run JavaScript
[1180/1400] [Mobile Safari] › e2e/fantasy-football.spec.ts:755:7 › server-rendered fantasy tools › ships the trade calculator's heading and structured data in the HTML
[1181/1400] [Mobile Safari] › e2e/fantasy-football.spec.ts:762:7 › server-rendered fantasy tools › ships the weekly board's first rows in the HTML
[1182/1400] [Mobile Safari] › e2e/fantasy-trade-calculator.spec.ts:23:7 › Fantasy football trade calculator › builds, saves, and isolates a keyboard-entered trade by scoring format
[1183/1400] [Mobile Safari] › e2e/fantasy-trade-calculator.spec.ts:58:7 › Fantasy football trade calculator › keeps the task readable and operable on a narrow screen
[1184/1400] [Mobile Safari] › e2e/footer-cta.spec.ts:4:7 › Footer CTA cleanup › uses the Catalog 97 footer after the homepage closing statement
(node:50439) Warning: The 'NO_COLOR' env is ignored due to the 'FORCE_COLOR' env being set.
(Use `node --trace-warnings ...` to show where the warning was created)


[1185/1400] (retries) [Mobile Safari] › e2e/fantasy-trade-calculator.spec.ts:58:7 › Fantasy football trade calculator › keeps the task readable and operable on a narrow screen (retry #1)
[1186/1400] [Mobile Safari] › e2e/footer-cta.spec.ts:17:7 › Footer CTA cleanup › uses the Catalog 97 footer on the contact page
[1187/1400] [Mobile Safari] › e2e/footer-cta.spec.ts:30:7 › Footer CTA cleanup › keeps the portfolio CTA separate from the Catalog 97 footer
[1188/1400] [Mobile Safari] › e2e/footer-cta.spec.ts:41:7 › Footer CTA cleanup › uses the Catalog 97 footer on writing detail pages
[1189/1400] [Mobile Safari] › e2e/homepage.spec.ts:16:7 › Homepage › should load successfully
[1190/1400] [Mobile Safari] › e2e/homepage.spec.ts:21:7 › Homepage › should display hero section
[1191/1400] [Mobile Safari] › e2e/homepage.spec.ts:33:7 › Homepage › should have functional desktop navigation
  31) [Mobile Safari] › e2e/fantasy-trade-calculator.spec.ts:58:7 › Fantasy football trade calculator › keeps the task readable and operable on a narrow screen 

    Error: expect(received).toBeGreaterThanOrEqual(expected)

    Expected: >= 43.5
    Received:    22

      75 |       // allow half a pixel of rounding under the 44px touch-target floor.
      76 |       expect(box.width).toBeGreaterThanOrEqual(43.5);
    > 77 |       expect(box.height).toBeGreaterThanOrEqual(43.5);
         |                          ^
      78 |     }
      79 |   });
      80 | });
        at /private/tmp/project-repo-audit/clean-install/e2e/fantasy-trade-calculator.spec.ts:77:26

    attachment #1: screenshot (image/png) ──────────────────────────────────────────────────────────
    ../../../../var/folders/f0/7ryz8txs2bq0hnjzmzz34wr80000gn/T/website-playwright-test-results/fantasy-trade-calculator-F-7da00-operable-on-a-narrow-screen-Mobile-Safari/test-failed-1.png
    ────────────────────────────────────────────────────────────────────────────────────────────────

    Error Context: ../../../../var/folders/f0/7ryz8txs2bq0hnjzmzz34wr80000gn/T/website-playwright-test-results/fantasy-trade-calculator-F-7da00-operable-on-a-narrow-screen-Mobile-Safari/error-context.md

    Retry #1 ───────────────────────────────────────────────────────────────────────────────────────

    Error: expect(received).toBeGreaterThanOrEqual(expected)

    Expected: >= 43.5
    Received:    22

      75 |       // allow half a pixel of rounding under the 44px touch-target floor.
      76 |       expect(box.width).toBeGreaterThanOrEqual(43.5);
    > 77 |       expect(box.height).toBeGreaterThanOrEqual(43.5);
         |                          ^
      78 |     }
      79 |   });
      80 | });
        at /private/tmp/project-repo-audit/clean-install/e2e/fantasy-trade-calculator.spec.ts:77:26

    attachment #1: screenshot (image/png) ──────────────────────────────────────────────────────────
    ../../../../var/folders/f0/7ryz8txs2bq0hnjzmzz34wr80000gn/T/website-playwright-test-results/fantasy-trade-calculator-F-7da00-operable-on-a-narrow-screen-Mobile-Safari-retry1/test-failed-1.png
    ────────────────────────────────────────────────────────────────────────────────────────────────

    Error Context: ../../../../var/folders/f0/7ryz8txs2bq0hnjzmzz34wr80000gn/T/website-playwright-test-results/fantasy-trade-calculator-F-7da00-operable-on-a-narrow-screen-Mobile-Safari-retry1/error-context.md

    attachment #3: trace (application/zip) ─────────────────────────────────────────────────────────
    ../../../../var/folders/f0/7ryz8txs2bq0hnjzmzz34wr80000gn/T/website-playwright-test-results/fantasy-trade-calculator-F-7da00-operable-on-a-narrow-screen-Mobile-Safari-retry1/trace.zip
    Usage:

        npx playwright show-trace ../../../../var/folders/f0/7ryz8txs2bq0hnjzmzz34wr80000gn/T/website-playwright-test-results/fantasy-trade-calculator-F-7da00-operable-on-a-narrow-screen-Mobile-Safari-retry1/trace.zip

    ────────────────────────────────────────────────────────────────────────────────────────────────


[1192/1400] [Mobile Safari] › e2e/homepage.spec.ts:50:7 › Homepage › shows the Catalog 97 hero and primary CTAs
[1193/1400] [Mobile Safari] › e2e/homepage.spec.ts:68:7 › Homepage › should be responsive on mobile
(node:50459) Warning: The 'NO_COLOR' env is ignored due to the 'FORCE_COLOR' env being set.
(Use `node --trace-warnings ...` to show where the warning was created)


[1194/1400] [Mobile Safari] › e2e/homepage.spec.ts:41:7 › Homepage › should have functional mobile navigation
[1195/1400] [Mobile Safari] › e2e/homepage.spec.ts:75:7 › Homepage › should have accessible skip link
[1196/1400] [Mobile Safari] › e2e/homepage.spec.ts:85:7 › Homepage › keeps the hero heading in the initial mobile viewport
[1197/1400] [Mobile Safari] › e2e/homepage.spec.ts:106:7 › Homepage › keeps the header utilities and primary action usable at 320px
[1198/1400] [Mobile Safari] › e2e/homepage.spec.ts:154:7 › Homepage › shows the Catalog 97 sections and their links
[1199/1400] [Mobile Safari] › e2e/homepage.spec.ts:174:7 › Homepage › supports dark theme on the homepage
[1200/1400] [Mobile Safari] › e2e/homepage.spec.ts:186:7 › Homepage › keeps homepage content visible when reduced motion is requested
[1201/1400] [Mobile Safari] › e2e/investments.spec.ts:236:7 › Investments › is discoverable from the Catalog 97 navigation through the dashboards index
[1202/1400] [Mobile Safari] › e2e/investments.spec.ts:252:7 › Investments › supports deep-linked research and uses live price separately from history
[1203/1400] [Mobile Safari] › e2e/investments.spec.ts:268:7 › Investments › finds Visa by company name and preserves selected research context after reload
[1204/1400] [Mobile Safari] › e2e/investments.spec.ts:298:7 › Investments › blocks non-curated symbols without fetching an unknown snapshot
[1205/1400] [Mobile Safari] › e2e/investments.spec.ts:327:7 › Investments › handles direct links to non-curated symbols without requesting an unknown snapshot
[1206/1400] [Mobile Safari] › e2e/investments.spec.ts:348:7 › Investments › falls back to the latest historical close when live pricing is unavailable
[1207/1400] [Mobile Safari] › e2e/investments.spec.ts:381:7 › Investments › keeps the shell stable across section navigation and avoids horizontal overflow
[1208/1400] [Mobile Safari] › e2e/investments.spec.ts:413:7 › Investments › prints the retirement projection when the planner was never scrolled to
[1209/1400] [Mobile Safari] › e2e/investments.spec.ts:441:7 › Investments › prints in its narrow layout from a desktop window
[1210/1400] [Mobile Safari] › e2e/investments.spec.ts:499:7 › Investments › keeps the disclaimers and the assumptions on the printed page
[1211/1400] [Mobile Safari] › e2e/investments.spec.ts:519:7 › Investments › homepage prioritizes the fintech project in projects
[1212/1400] [Mobile Safari] › e2e/investments.spec.ts:568:9 › Investments links that name a section › a fresh load of #hero lands on it
[1213/1400] [Mobile Safari] › e2e/investments.spec.ts:568:9 › Investments links that name a section › a fresh load of #performance lands on it
[1214/1400] [Mobile Safari] › e2e/investments.spec.ts:568:9 › Investments links that name a section › a fresh load of #portfolio-stats lands on it
[1215/1400] [Mobile Safari] › e2e/investments.spec.ts:568:9 › Investments links that name a section › a fresh load of #add-holding lands on it
[1216/1400] [Mobile Safari] › e2e/investments.spec.ts:568:9 › Investments links that name a section › a fresh load of #research-section lands on it
[1217/1400] [Mobile Safari] › e2e/investments.spec.ts:568:9 › Investments links that name a section › a fresh load of #retirement lands on it
[1218/1400] [Mobile Safari] › e2e/investments.spec.ts:586:9 › Investments links that name a section › a fresh load of #holdings-list lands on it once the saved holdings render
[1219/1400] [Mobile Safari] › e2e/investments.spec.ts:586:9 › Investments links that name a section › a fresh load of #allocation lands on it once the saved holdings render
[1220/1400] [Mobile Safari] › e2e/investments.spec.ts:599:7 › Investments links that name a section › holds the section in place when saved holdings render above it
[1221/1400] [Mobile Safari] › e2e/investments.spec.ts:614:7 › Investments links that name a section › keeps the fragment when it rewrites a legacy link
[1222/1400] [Mobile Safari] › e2e/investments.spec.ts:624:7 › Investments links that name a section › holds the section in place when the page grows above it
[1223/1400] [Mobile Safari] › e2e/investments.spec.ts:636:7 › Investments links that name a section › leaves the page where the visitor put it
[1224/1400] [Mobile Safari] › e2e/investments.spec.ts:771:13 › Retirement projection chart › label boxes › keeps every label inside the drawing at desktop type for the sample plan, 35 to 95
[1225/1400] [Mobile Safari] › e2e/investments.spec.ts:793:13 › Retirement projection chart › label boxes › keeps the age ticks clear of the other labels at desktop type for the sample plan, 35 to 95
[1226/1400] [Mobile Safari] › e2e/investments.spec.ts:771:13 › Retirement projection chart › label boxes › keeps every label inside the drawing at desktop type for a late retirement, 70 on a plan from 35 to 75
[1227/1400] [Mobile Safari] › e2e/investments.spec.ts:793:13 › Retirement projection chart › label boxes › keeps the age ticks clear of the other labels at desktop type for a late retirement, 70 on a plan from 35 to 75
[1228/1400] [Mobile Safari] › e2e/investments.spec.ts:771:13 › Retirement projection chart › label boxes › keeps every label inside the drawing at desktop type for a plan with a tick on both edges, 40 to 100
[1229/1400] [Mobile Safari] › e2e/investments.spec.ts:793:13 › Retirement projection chart › label boxes › keeps the age ticks clear of the other labels at desktop type for a plan with a tick on both edges, 40 to 100
[1230/1400] [Mobile Safari] › e2e/investments.spec.ts:771:13 › Retirement projection chart › label boxes › keeps every label inside the drawing at desktop type for the longest plan, 18 to 110
[1231/1400] [Mobile Safari] › e2e/investments.spec.ts:793:13 › Retirement projection chart › label boxes › keeps the age ticks clear of the other labels at desktop type for the longest plan, 18 to 110
[1232/1400] [Mobile Safari] › e2e/investments.spec.ts:771:13 › Retirement projection chart › label boxes › keeps every label inside the drawing at desktop type for the shortest plan, 89 to 91
[1233/1400] [Mobile Safari] › e2e/investments.spec.ts:793:13 › Retirement projection chart › label boxes › keeps the age ticks clear of the other labels at desktop type for the shortest plan, 89 to 91
[1234/1400] [Mobile Safari] › e2e/investments.spec.ts:771:13 › Retirement projection chart › label boxes › keeps every label inside the drawing at desktop type for a plan that ends past 100, 70 to 110
[1235/1400] [Mobile Safari] › e2e/investments.spec.ts:793:13 › Retirement projection chart › label boxes › keeps the age ticks clear of the other labels at desktop type for a plan that ends past 100, 70 to 110
[1236/1400] [Mobile Safari] › e2e/investments.spec.ts:819:11 › Retirement projection chart › label boxes › keeps the age ticks below the plot at desktop type
[1237/1400] [Mobile Safari] › e2e/investments.spec.ts:771:13 › Retirement projection chart › label boxes › keeps every label inside the drawing at phone type for the sample plan, 35 to 95
[1238/1400] [Mobile Safari] › e2e/investments.spec.ts:793:13 › Retirement projection chart › label boxes › keeps the age ticks clear of the other labels at phone type for the sample plan, 35 to 95
[1239/1400] [Mobile Safari] › e2e/investments.spec.ts:771:13 › Retirement projection chart › label boxes › keeps every label inside the drawing at phone type for a late retirement, 70 on a plan from 35 to 75
[1240/1400] [Mobile Safari] › e2e/investments.spec.ts:793:13 › Retirement projection chart › label boxes › keeps the age ticks clear of the other labels at phone type for a late retirement, 70 on a plan from 35 to 75
[1241/1400] [Mobile Safari] › e2e/investments.spec.ts:771:13 › Retirement projection chart › label boxes › keeps every label inside the drawing at phone type for a plan with a tick on both edges, 40 to 100
[1242/1400] [Mobile Safari] › e2e/investments.spec.ts:793:13 › Retirement projection chart › label boxes › keeps the age ticks clear of the other labels at phone type for a plan with a tick on both edges, 40 to 100
[1243/1400] [Mobile Safari] › e2e/investments.spec.ts:771:13 › Retirement projection chart › label boxes › keeps every label inside the drawing at phone type for the longest plan, 18 to 110
[1244/1400] [Mobile Safari] › e2e/investments.spec.ts:793:13 › Retirement projection chart › label boxes › keeps the age ticks clear of the other labels at phone type for the longest plan, 18 to 110
[1245/1400] [Mobile Safari] › e2e/investments.spec.ts:771:13 › Retirement projection chart › label boxes › keeps every label inside the drawing at phone type for the shortest plan, 89 to 91
[1246/1400] [Mobile Safari] › e2e/investments.spec.ts:793:13 › Retirement projection chart › label boxes › keeps the age ticks clear of the other labels at phone type for the shortest plan, 89 to 91
[1247/1400] [Mobile Safari] › e2e/investments.spec.ts:771:13 › Retirement projection chart › label boxes › keeps every label inside the drawing at phone type for a plan that ends past 100, 70 to 110
[1248/1400] [Mobile Safari] › e2e/investments.spec.ts:793:13 › Retirement projection chart › label boxes › keeps the age ticks clear of the other labels at phone type for a plan that ends past 100, 70 to 110
[1249/1400] [Mobile Safari] › e2e/investments.spec.ts:819:11 › Retirement projection chart › label boxes › keeps the age ticks below the plot at phone type
[1250/1400] [Mobile Safari] › e2e/investments.spec.ts:834:7 › Retirement projection chart › labels whole ages on a plan that runs two years
[1251/1400] [Mobile Safari] › e2e/investments.spec.ts:849:11 › Retirement projection chart › keeps the age label clear of the age ticks at desktop type for the sample plan, 35 to 95
[1252/1400] [Mobile Safari] › e2e/investments.spec.ts:849:11 › Retirement projection chart › keeps the age label clear of the age ticks at desktop type for a plan that ends on a tick, 35 to 90
[1253/1400] [Mobile Safari] › e2e/investments.spec.ts:849:11 › Retirement projection chart › keeps the age label clear of the age ticks at desktop type for the longest plan, 18 to 110
[1254/1400] [Mobile Safari] › e2e/investments.spec.ts:849:11 › Retirement projection chart › keeps the age label clear of the age ticks at desktop type for the shortest plan, 89 to 91
[1255/1400] [Mobile Safari] › e2e/investments.spec.ts:849:11 › Retirement projection chart › keeps the age label clear of the age ticks at phone type for the sample plan, 35 to 95
[1256/1400] [Mobile Safari] › e2e/investments.spec.ts:849:11 › Retirement projection chart › keeps the age label clear of the age ticks at phone type for a plan that ends on a tick, 35 to 90
[1257/1400] [Mobile Safari] › e2e/investments.spec.ts:849:11 › Retirement projection chart › keeps the age label clear of the age ticks at phone type for the longest plan, 18 to 110
[1258/1400] [Mobile Safari] › e2e/investments.spec.ts:849:11 › Retirement projection chart › keeps the age label clear of the age ticks at phone type for the shortest plan, 89 to 91
[1259/1400] [Mobile Safari] › e2e/investments.spec.ts:894:7 › Retirement projection chart › keeps the caption on the chart's page when the page prints
[1260/1400] [Mobile Safari] › e2e/march-madness.spec.ts:4:7 › March Madness › loads the default route with metadata and no horizontal overflow
[1261/1400] [Mobile Safari] › e2e/march-madness.spec.ts:37:7 › March Madness › supports hero CTAs and deep-link states
[1262/1400] [Mobile Safari] › e2e/march-madness.spec.ts:60:7 › March Madness › links to the companion article from the bracket tool
[1263/1400] [Mobile Safari] › e2e/navigation.spec.ts:11:7 › Navigation › should navigate through the Catalog 97 header destinations
[1264/1400] [Mobile Safari] › e2e/navigation.spec.ts:58:7 › Navigation › should keep the active destination marked in navigation
[1265/1400] [Mobile Safari] › e2e/navigation.spec.ts:66:7 › Navigation › should navigate using browser back button
[1266/1400] [Mobile Safari] › e2e/navigation.spec.ts:79:7 › Navigation › should keep wrapped mobile navigation tappable and avoid horizontal overflow
[1267/1400] [Mobile Safari] › e2e/persisted-tools.spec.ts:10:7 › Personal-interest tools persist state › museum log remembers a logged visit across a reload
[1268/1400] [Mobile Safari] › e2e/portfolio-shell.spec.ts:13:9 › Portfolio shell › / has a title, exactly one h1, and one main landmark
[1269/1400] [Mobile Safari] › e2e/portfolio-shell.spec.ts:13:9 › Portfolio shell › /portfolio has a title, exactly one h1, and one main landmark
[1270/1400] [Mobile Safari] › e2e/portfolio-shell.spec.ts:13:9 › Portfolio shell › /writing has a title, exactly one h1, and one main landmark
[1271/1400] [Mobile Safari] › e2e/portfolio-shell.spec.ts:13:9 › Portfolio shell › /dashboards has a title, exactly one h1, and one main landmark
[1272/1400] [Mobile Safari] › e2e/portfolio-shell.spec.ts:13:9 › Portfolio shell › /about has a title, exactly one h1, and one main landmark
[1273/1400] [Mobile Safari] › e2e/portfolio-shell.spec.ts:13:9 › Portfolio shell › /resume has a title, exactly one h1, and one main landmark
[1274/1400] [Mobile Safari] › e2e/portfolio-shell.spec.ts:13:9 › Portfolio shell › /contact has a title, exactly one h1, and one main landmark
[1275/1400] [Mobile Safari] › e2e/portfolio-shell.spec.ts:33:7 › Portfolio shell › /portfolio renders the masthead, lead projects, filter, and index
[1276/1400] [Mobile Safari] › e2e/print.spec.ts:137:9 › Print › repeats no vector image behind / on paper
[1277/1400] [Mobile Safari] › e2e/print.spec.ts:137:9 › Print › repeats no vector image behind /about on paper
[1278/1400] [Mobile Safari] › e2e/print.spec.ts:137:9 › Print › repeats no vector image behind /investments on paper
[1279/1400] [Mobile Safari] › e2e/print.spec.ts:148:9 › Print › filters and blends nothing on /about on paper in Firefox's engine
[1280/1400] [Mobile Safari] › e2e/print.spec.ts:148:9 › Print › filters and blends nothing on /resume on paper in Firefox's engine
[1281/1400] [Mobile Safari] › e2e/print.spec.ts:148:9 › Print › filters and blends nothing on /writing/2026-march-madness-bracket-analysis on paper in Firefox's engine
[1282/1400] [Mobile Safari] › e2e/print.spec.ts:163:7 › Print › keeps the portrait's treatment on paper outside Firefox's engine
[1283/1400] [Mobile Safari] › e2e/print.spec.ts:178:9 › Print › prints the shared grids on /about narrow from a desktop window
[1284/1400] [Mobile Safari] › e2e/print.spec.ts:178:9 › Print › prints the shared grids on /dashboards narrow from a desktop window
[1285/1400] [Mobile Safari] › e2e/print.spec.ts:178:9 › Print › prints the shared grids on /accessibility narrow from a desktop window
[1286/1400] [Mobile Safari] › e2e/print.spec.ts:192:9 › Print › keeps each grid's own gap when /about stacks it on paper
[1287/1400] [Mobile Safari] › e2e/print.spec.ts:192:9 › Print › keeps each grid's own gap when /resume stacks it on paper
[1288/1400] [Mobile Safari] › e2e/print.spec.ts:203:7 › Print › prints Home in its narrow layout from a desktop window
[1289/1400] [Mobile Safari] › e2e/print.spec.ts:227:9 › Print › shows nothing through a mask on / on paper
[1290/1400] [Mobile Safari] › e2e/print.spec.ts:227:9 › Print › shows nothing through a mask on /about on paper
[1291/1400] [Mobile Safari] › e2e/print.spec.ts:227:9 › Print › shows nothing through a mask on /investments on paper
[1292/1400] [Mobile Safari] › e2e/print.spec.ts:227:9 › Print › shows nothing through a mask on /writing on paper
[1293/1400] [Mobile Safari] › e2e/print.spec.ts:237:7 › Print › tears the seams with a clip path on paper
[1294/1400] [Mobile Safari] › e2e/product-surfaces.spec.ts:25:7 › Product surfaces › football dashboards render standings and selectable club detail panels
[1295/1400] [Mobile Safari] › e2e/product-surfaces.spec.ts:53:7 › Product surfaces › snapshot dashboards preserve interactive filter state in the URL
[1296/1400] [Mobile Safari] › e2e/product-surfaces.spec.ts:78:7 › Product surfaces › polling and SpaceX tools load deep-linked operational views
[1297/1400] [Mobile Safari] › e2e/product-surfaces.spec.ts:113:7 › Product surfaces › fintech tools accept calculator and ledger input
[1298/1400] [Mobile Safari] › e2e/product-surfaces.spec.ts:150:7 › Product surfaces › news pulse dashboard boots and switches editorial views
[1299/1400] [Mobile Safari] › e2e/project-routes.spec.ts:41:11 › project routes in America/Los_Angeles › /investments renders its hero and hydrates cleanly
[1300/1400] [Mobile Safari] › e2e/project-routes.spec.ts:41:11 › project routes in America/Los_Angeles › /fantasy-football renders its hero and hydrates cleanly
[1301/1400] [Mobile Safari] › e2e/project-routes.spec.ts:41:11 › project routes in America/Los_Angeles › /fintech-tools/interchange-iq renders its hero and hydrates cleanly
[1302/1400] [Mobile Safari] › e2e/project-routes.spec.ts:41:11 › project routes in America/Los_Angeles › /fintech-tools/budget-planner renders its hero and hydrates cleanly
[1303/1400] [Mobile Safari] › e2e/project-routes.spec.ts:41:11 › project routes in America/Los_Angeles › /fintech-tools/rent-vs-buy renders its hero and hydrates cleanly
[1304/1400] [Mobile Safari] › e2e/project-routes.spec.ts:41:11 › project routes in America/Los_Angeles › /news-pulse renders its hero and hydrates cleanly
[1305/1400] [Mobile Safari] › e2e/project-routes.spec.ts:41:11 › project routes in America/Los_Angeles › /decision-lab renders its hero and hydrates cleanly
[1306/1400] [Mobile Safari] › e2e/project-routes.spec.ts:41:11 › project routes in America/Los_Angeles › /enablement-assistant renders its hero and hydrates cleanly
(node:52274) Warning: The 'NO_COLOR' env is ignored due to the 'FORCE_COLOR' env being set.
(Use `node --trace-warnings ...` to show where the warning was created)


[1307/1400] (retries) [Mobile Safari] › e2e/project-routes.spec.ts:41:11 › project routes in America/Los_Angeles › /news-pulse renders its hero and hydrates cleanly (retry #1)
[1308/1400] [Mobile Safari] › e2e/project-routes.spec.ts:41:11 › project routes in America/Los_Angeles › /food-map renders its hero and hydrates cleanly
[1309/1400] [Mobile Safari] › e2e/project-routes.spec.ts:41:11 › project routes in America/Los_Angeles › /march-madness-2026 renders its hero and hydrates cleanly
[1310/1400] [Mobile Safari] › e2e/project-routes.spec.ts:41:11 › project routes in America/Los_Angeles › /la-liga renders its hero and hydrates cleanly
[1311/1400] [Mobile Safari] › e2e/project-routes.spec.ts:41:11 › project routes in America/Los_Angeles › /mba-internship-notifications renders its hero and hydrates cleanly
  32) [Mobile Safari] › e2e/project-routes.spec.ts:41:11 › project routes in America/Los_Angeles › /news-pulse renders its hero and hydrates cleanly 

    Error: expect(received).toEqual(expected) // deep equality

    - Expected  - 1
    + Received  + 3

    - Array []
    + Array [
    +   "Minified React error #418; visit https://react.dev/errors/418?args[]=text&args[]= for the full message or use the non-minified dev environment for full errors and additional helpful warnings.",
    + ]

      55 |
      56 |         await page.waitForTimeout(500);
    > 57 |         expect(hydrationErrors).toEqual([]);
         |                                 ^
      58 |       });
      59 |     }
      60 |   });
        at /private/tmp/project-repo-audit/clean-install/e2e/project-routes.spec.ts:57:33

    attachment #1: screenshot (image/png) ──────────────────────────────────────────────────────────
    ../../../../var/folders/f0/7ryz8txs2bq0hnjzmzz34wr80000gn/T/website-playwright-test-results/project-routes-project-rou-24180-s-hero-and-hydrates-cleanly-Mobile-Safari/test-failed-1.png
    ────────────────────────────────────────────────────────────────────────────────────────────────

    Error Context: ../../../../var/folders/f0/7ryz8txs2bq0hnjzmzz34wr80000gn/T/website-playwright-test-results/project-routes-project-rou-24180-s-hero-and-hydrates-cleanly-Mobile-Safari/error-context.md

    Retry #1 ───────────────────────────────────────────────────────────────────────────────────────

    Error: expect(received).toEqual(expected) // deep equality

    - Expected  - 1
    + Received  + 3

    - Array []
    + Array [
    +   "Minified React error #418; visit https://react.dev/errors/418?args[]=text&args[]= for the full message or use the non-minified dev environment for full errors and additional helpful warnings.",
    + ]

      55 |
      56 |         await page.waitForTimeout(500);
    > 57 |         expect(hydrationErrors).toEqual([]);
         |                                 ^
      58 |       });
      59 |     }
      60 |   });
        at /private/tmp/project-repo-audit/clean-install/e2e/project-routes.spec.ts:57:33

    attachment #1: screenshot (image/png) ──────────────────────────────────────────────────────────
    ../../../../var/folders/f0/7ryz8txs2bq0hnjzmzz34wr80000gn/T/website-playwright-test-results/project-routes-project-rou-24180-s-hero-and-hydrates-cleanly-Mobile-Safari-retry1/test-failed-1.png
    ────────────────────────────────────────────────────────────────────────────────────────────────

    Error Context: ../../../../var/folders/f0/7ryz8txs2bq0hnjzmzz34wr80000gn/T/website-playwright-test-results/project-routes-project-rou-24180-s-hero-and-hydrates-cleanly-Mobile-Safari-retry1/error-context.md

    attachment #3: trace (application/zip) ─────────────────────────────────────────────────────────
    ../../../../var/folders/f0/7ryz8txs2bq0hnjzmzz34wr80000gn/T/website-playwright-test-results/project-routes-project-rou-24180-s-hero-and-hydrates-cleanly-Mobile-Safari-retry1/trace.zip
    Usage:

        npx playwright show-trace ../../../../var/folders/f0/7ryz8txs2bq0hnjzmzz34wr80000gn/T/website-playwright-test-results/project-routes-project-rou-24180-s-hero-and-hydrates-cleanly-Mobile-Safari-retry1/trace.zip

    ────────────────────────────────────────────────────────────────────────────────────────────────


(node:52290) Warning: The 'NO_COLOR' env is ignored due to the 'FORCE_COLOR' env being set.
(Use `node --trace-warnings ...` to show where the warning was created)


[1312/1400] [Mobile Safari] › e2e/project-routes.spec.ts:41:11 › project routes in America/Los_Angeles › /spacex-mission-control renders its hero and hydrates cleanly
(node:52355) Warning: The 'NO_COLOR' env is ignored due to the 'FORCE_COLOR' env being set.
(Use `node --trace-warnings ...` to show where the warning was created)


[1313/1400] (retries) [Mobile Safari] › e2e/project-routes.spec.ts:41:11 › project routes in America/Los_Angeles › /la-liga renders its hero and hydrates cleanly (retry #1)
(node:52401) Warning: The 'NO_COLOR' env is ignored due to the 'FORCE_COLOR' env being set.
(Use `node --trace-warnings ...` to show where the warning was created)


[1314/1400] (retries) [Mobile Safari] › e2e/project-routes.spec.ts:41:11 › project routes in America/Los_Angeles › /mba-internship-notifications renders its hero and hydrates cleanly (retry #1)
(node:52420) Warning: The 'NO_COLOR' env is ignored due to the 'FORCE_COLOR' env being set.
(Use `node --trace-warnings ...` to show where the warning was created)


[1315/1400] (retries) [Mobile Safari] › e2e/project-routes.spec.ts:41:11 › project routes in America/Los_Angeles › /spacex-mission-control renders its hero and hydrates cleanly (retry #1)
  33) [Mobile Safari] › e2e/project-routes.spec.ts:41:11 › project routes in America/Los_Angeles › /la-liga renders its hero and hydrates cleanly 

    Error: expect(received).toEqual(expected) // deep equality

    - Expected  - 1
    + Received  + 3

    - Array []
    + Array [
    +   "Minified React error #418; visit https://react.dev/errors/418?args[]=text&args[]= for the full message or use the non-minified dev environment for full errors and additional helpful warnings.",
    + ]

      55 |
      56 |         await page.waitForTimeout(500);
    > 57 |         expect(hydrationErrors).toEqual([]);
         |                                 ^
      58 |       });
      59 |     }
      60 |   });
        at /private/tmp/project-repo-audit/clean-install/e2e/project-routes.spec.ts:57:33

    attachment #1: screenshot (image/png) ──────────────────────────────────────────────────────────
    ../../../../var/folders/f0/7ryz8txs2bq0hnjzmzz34wr80000gn/T/website-playwright-test-results/project-routes-project-rou-85591-s-hero-and-hydrates-cleanly-Mobile-Safari/test-failed-1.png
    ────────────────────────────────────────────────────────────────────────────────────────────────

    Error Context: ../../../../var/folders/f0/7ryz8txs2bq0hnjzmzz34wr80000gn/T/website-playwright-test-results/project-routes-project-rou-85591-s-hero-and-hydrates-cleanly-Mobile-Safari/error-context.md

    Retry #1 ───────────────────────────────────────────────────────────────────────────────────────

    Error: expect(received).toEqual(expected) // deep equality

    - Expected  - 1
    + Received  + 3

    - Array []
    + Array [
    +   "Minified React error #418; visit https://react.dev/errors/418?args[]=text&args[]= for the full message or use the non-minified dev environment for full errors and additional helpful warnings.",
    + ]

      55 |
      56 |         await page.waitForTimeout(500);
    > 57 |         expect(hydrationErrors).toEqual([]);
         |                                 ^
      58 |       });
      59 |     }
      60 |   });
        at /private/tmp/project-repo-audit/clean-install/e2e/project-routes.spec.ts:57:33

    attachment #1: screenshot (image/png) ──────────────────────────────────────────────────────────
    ../../../../var/folders/f0/7ryz8txs2bq0hnjzmzz34wr80000gn/T/website-playwright-test-results/project-routes-project-rou-85591-s-hero-and-hydrates-cleanly-Mobile-Safari-retry1/test-failed-1.png
    ────────────────────────────────────────────────────────────────────────────────────────────────

    Error Context: ../../../../var/folders/f0/7ryz8txs2bq0hnjzmzz34wr80000gn/T/website-playwright-test-results/project-routes-project-rou-85591-s-hero-and-hydrates-cleanly-Mobile-Safari-retry1/error-context.md

    attachment #3: trace (application/zip) ─────────────────────────────────────────────────────────
    ../../../../var/folders/f0/7ryz8txs2bq0hnjzmzz34wr80000gn/T/website-playwright-test-results/project-routes-project-rou-85591-s-hero-and-hydrates-cleanly-Mobile-Safari-retry1/trace.zip
    Usage:

        npx playwright show-trace ../../../../var/folders/f0/7ryz8txs2bq0hnjzmzz34wr80000gn/T/website-playwright-test-results/project-routes-project-rou-85591-s-hero-and-hydrates-cleanly-Mobile-Safari-retry1/trace.zip

    ────────────────────────────────────────────────────────────────────────────────────────────────


(node:52434) Warning: The 'NO_COLOR' env is ignored due to the 'FORCE_COLOR' env being set.
(Use `node --trace-warnings ...` to show where the warning was created)


[1316/1400] [Mobile Safari] › e2e/project-routes.spec.ts:41:11 › project routes in America/Los_Angeles › /premier-league renders its hero and hydrates cleanly
  34) [Mobile Safari] › e2e/project-routes.spec.ts:41:11 › project routes in America/Los_Angeles › /mba-internship-notifications renders its hero and hydrates cleanly 

    Error: expect(received).toEqual(expected) // deep equality

    - Expected  - 1
    + Received  + 3

    - Array []
    + Array [
    +   "Minified React error #418; visit https://react.dev/errors/418?args[]=text&args[]= for the full message or use the non-minified dev environment for full errors and additional helpful warnings.",
    + ]

      55 |
      56 |         await page.waitForTimeout(500);
    > 57 |         expect(hydrationErrors).toEqual([]);
         |                                 ^
      58 |       });
      59 |     }
      60 |   });
        at /private/tmp/project-repo-audit/clean-install/e2e/project-routes.spec.ts:57:33

    attachment #1: screenshot (image/png) ──────────────────────────────────────────────────────────
    ../../../../var/folders/f0/7ryz8txs2bq0hnjzmzz34wr80000gn/T/website-playwright-test-results/project-routes-project-rou-1f19d-s-hero-and-hydrates-cleanly-Mobile-Safari/test-failed-1.png
    ────────────────────────────────────────────────────────────────────────────────────────────────

    Error Context: ../../../../var/folders/f0/7ryz8txs2bq0hnjzmzz34wr80000gn/T/website-playwright-test-results/project-routes-project-rou-1f19d-s-hero-and-hydrates-cleanly-Mobile-Safari/error-context.md

    Retry #1 ───────────────────────────────────────────────────────────────────────────────────────

    Error: expect(received).toEqual(expected) // deep equality

    - Expected  - 1
    + Received  + 3

    - Array []
    + Array [
    +   "Minified React error #418; visit https://react.dev/errors/418?args[]=text&args[]= for the full message or use the non-minified dev environment for full errors and additional helpful warnings.",
    + ]

      55 |
      56 |         await page.waitForTimeout(500);
    > 57 |         expect(hydrationErrors).toEqual([]);
         |                                 ^
      58 |       });
      59 |     }
      60 |   });
        at /private/tmp/project-repo-audit/clean-install/e2e/project-routes.spec.ts:57:33

    attachment #1: screenshot (image/png) ──────────────────────────────────────────────────────────
    ../../../../var/folders/f0/7ryz8txs2bq0hnjzmzz34wr80000gn/T/website-playwright-test-results/project-routes-project-rou-1f19d-s-hero-and-hydrates-cleanly-Mobile-Safari-retry1/test-failed-1.png
    ────────────────────────────────────────────────────────────────────────────────────────────────

    Error Context: ../../../../var/folders/f0/7ryz8txs2bq0hnjzmzz34wr80000gn/T/website-playwright-test-results/project-routes-project-rou-1f19d-s-hero-and-hydrates-cleanly-Mobile-Safari-retry1/error-context.md

    attachment #3: trace (application/zip) ─────────────────────────────────────────────────────────
    ../../../../var/folders/f0/7ryz8txs2bq0hnjzmzz34wr80000gn/T/website-playwright-test-results/project-routes-project-rou-1f19d-s-hero-and-hydrates-cleanly-Mobile-Safari-retry1/trace.zip
    Usage:

        npx playwright show-trace ../../../../var/folders/f0/7ryz8txs2bq0hnjzmzz34wr80000gn/T/website-playwright-test-results/project-routes-project-rou-1f19d-s-hero-and-hydrates-cleanly-Mobile-Safari-retry1/trace.zip

    ────────────────────────────────────────────────────────────────────────────────────────────────


(node:52445) Warning: The 'NO_COLOR' env is ignored due to the 'FORCE_COLOR' env being set.
(Use `node --trace-warnings ...` to show where the warning was created)


[1317/1400] [Mobile Safari] › e2e/project-routes.spec.ts:41:11 › project routes in America/Los_Angeles › /frontier-models renders its hero and hydrates cleanly
  35) [Mobile Safari] › e2e/project-routes.spec.ts:41:11 › project routes in America/Los_Angeles › /spacex-mission-control renders its hero and hydrates cleanly 

    Error: expect(received).toEqual(expected) // deep equality

    - Expected  - 1
    + Received  + 3

    - Array []
    + Array [
    +   "Minified React error #418; visit https://react.dev/errors/418?args[]=text&args[]= for the full message or use the non-minified dev environment for full errors and additional helpful warnings.",
    + ]

      55 |
      56 |         await page.waitForTimeout(500);
    > 57 |         expect(hydrationErrors).toEqual([]);
         |                                 ^
      58 |       });
      59 |     }
      60 |   });
        at /private/tmp/project-repo-audit/clean-install/e2e/project-routes.spec.ts:57:33

    attachment #1: screenshot (image/png) ──────────────────────────────────────────────────────────
    ../../../../var/folders/f0/7ryz8txs2bq0hnjzmzz34wr80000gn/T/website-playwright-test-results/project-routes-project-rou-245c4-s-hero-and-hydrates-cleanly-Mobile-Safari/test-failed-1.png
    ────────────────────────────────────────────────────────────────────────────────────────────────

    Error Context: ../../../../var/folders/f0/7ryz8txs2bq0hnjzmzz34wr80000gn/T/website-playwright-test-results/project-routes-project-rou-245c4-s-hero-and-hydrates-cleanly-Mobile-Safari/error-context.md

    Retry #1 ───────────────────────────────────────────────────────────────────────────────────────

    Error: expect(received).toEqual(expected) // deep equality

    - Expected  - 1
    + Received  + 3

    - Array []
    + Array [
    +   "Minified React error #418; visit https://react.dev/errors/418?args[]=text&args[]= for the full message or use the non-minified dev environment for full errors and additional helpful warnings.",
    + ]

      55 |
      56 |         await page.waitForTimeout(500);
    > 57 |         expect(hydrationErrors).toEqual([]);
         |                                 ^
      58 |       });
      59 |     }
      60 |   });
        at /private/tmp/project-repo-audit/clean-install/e2e/project-routes.spec.ts:57:33

    attachment #1: screenshot (image/png) ──────────────────────────────────────────────────────────
    ../../../../var/folders/f0/7ryz8txs2bq0hnjzmzz34wr80000gn/T/website-playwright-test-results/project-routes-project-rou-245c4-s-hero-and-hydrates-cleanly-Mobile-Safari-retry1/test-failed-1.png
    ────────────────────────────────────────────────────────────────────────────────────────────────

    Error Context: ../../../../var/folders/f0/7ryz8txs2bq0hnjzmzz34wr80000gn/T/website-playwright-test-results/project-routes-project-rou-245c4-s-hero-and-hydrates-cleanly-Mobile-Safari-retry1/error-context.md

    attachment #3: trace (application/zip) ─────────────────────────────────────────────────────────
    ../../../../var/folders/f0/7ryz8txs2bq0hnjzmzz34wr80000gn/T/website-playwright-test-results/project-routes-project-rou-245c4-s-hero-and-hydrates-cleanly-Mobile-Safari-retry1/trace.zip
    Usage:

        npx playwright show-trace ../../../../var/folders/f0/7ryz8txs2bq0hnjzmzz34wr80000gn/T/website-playwright-test-results/project-routes-project-rou-245c4-s-hero-and-hydrates-cleanly-Mobile-Safari-retry1/trace.zip

    ────────────────────────────────────────────────────────────────────────────────────────────────


(node:52453) Warning: The 'NO_COLOR' env is ignored due to the 'FORCE_COLOR' env being set.
(Use `node --trace-warnings ...` to show where the warning was created)


[1318/1400] [Mobile Safari] › e2e/project-routes.spec.ts:41:11 › project routes in America/Los_Angeles › /ai-dev-tools renders its hero and hydrates cleanly
(node:52470) Warning: The 'NO_COLOR' env is ignored due to the 'FORCE_COLOR' env being set.
(Use `node --trace-warnings ...` to show where the warning was created)


[1319/1400] (retries) [Mobile Safari] › e2e/project-routes.spec.ts:41:11 › project routes in America/Los_Angeles › /premier-league renders its hero and hydrates cleanly (retry #1)
[1320/1400] [Mobile Safari] › e2e/project-routes.spec.ts:41:11 › project routes in America/Los_Angeles › /github-trending-pulse renders its hero and hydrates cleanly
[1321/1400] [Mobile Safari] › e2e/project-routes.spec.ts:41:11 › project routes in America/Los_Angeles › /tech-startup-tracker renders its hero and hydrates cleanly
[1322/1400] [Mobile Safari] › e2e/project-routes.spec.ts:41:11 › project routes in America/Los_Angeles › /formula-1 renders its hero and hydrates cleanly
(node:52534) Warning: The 'NO_COLOR' env is ignored due to the 'FORCE_COLOR' env being set.
(Use `node --trace-warnings ...` to show where the warning was created)


[1323/1400] (retries) [Mobile Safari] › e2e/project-routes.spec.ts:41:11 › project routes in America/Los_Angeles › /github-trending-pulse renders its hero and hydrates cleanly (retry #1)
  36) [Mobile Safari] › e2e/project-routes.spec.ts:41:11 › project routes in America/Los_Angeles › /premier-league renders its hero and hydrates cleanly 

    Error: expect(received).toEqual(expected) // deep equality

    - Expected  - 1
    + Received  + 3

    - Array []
    + Array [
    +   "Minified React error #418; visit https://react.dev/errors/418?args[]=text&args[]= for the full message or use the non-minified dev environment for full errors and additional helpful warnings.",
    + ]

      55 |
      56 |         await page.waitForTimeout(500);
    > 57 |         expect(hydrationErrors).toEqual([]);
         |                                 ^
      58 |       });
      59 |     }
      60 |   });
        at /private/tmp/project-repo-audit/clean-install/e2e/project-routes.spec.ts:57:33

    attachment #1: screenshot (image/png) ──────────────────────────────────────────────────────────
    ../../../../var/folders/f0/7ryz8txs2bq0hnjzmzz34wr80000gn/T/website-playwright-test-results/project-routes-project-rou-c735c-s-hero-and-hydrates-cleanly-Mobile-Safari/test-failed-1.png
    ────────────────────────────────────────────────────────────────────────────────────────────────

    Error Context: ../../../../var/folders/f0/7ryz8txs2bq0hnjzmzz34wr80000gn/T/website-playwright-test-results/project-routes-project-rou-c735c-s-hero-and-hydrates-cleanly-Mobile-Safari/error-context.md

    Retry #1 ───────────────────────────────────────────────────────────────────────────────────────

    Error: expect(received).toEqual(expected) // deep equality

    - Expected  - 1
    + Received  + 3

    - Array []
    + Array [
    +   "Minified React error #418; visit https://react.dev/errors/418?args[]=text&args[]= for the full message or use the non-minified dev environment for full errors and additional helpful warnings.",
    + ]

      55 |
      56 |         await page.waitForTimeout(500);
    > 57 |         expect(hydrationErrors).toEqual([]);
         |                                 ^
      58 |       });
      59 |     }
      60 |   });
        at /private/tmp/project-repo-audit/clean-install/e2e/project-routes.spec.ts:57:33

    attachment #1: screenshot (image/png) ──────────────────────────────────────────────────────────
    ../../../../var/folders/f0/7ryz8txs2bq0hnjzmzz34wr80000gn/T/website-playwright-test-results/project-routes-project-rou-c735c-s-hero-and-hydrates-cleanly-Mobile-Safari-retry1/test-failed-1.png
    ────────────────────────────────────────────────────────────────────────────────────────────────

    Error Context: ../../../../var/folders/f0/7ryz8txs2bq0hnjzmzz34wr80000gn/T/website-playwright-test-results/project-routes-project-rou-c735c-s-hero-and-hydrates-cleanly-Mobile-Safari-retry1/error-context.md

    attachment #3: trace (application/zip) ─────────────────────────────────────────────────────────
    ../../../../var/folders/f0/7ryz8txs2bq0hnjzmzz34wr80000gn/T/website-playwright-test-results/project-routes-project-rou-c735c-s-hero-and-hydrates-cleanly-Mobile-Safari-retry1/trace.zip
    Usage:

        npx playwright show-trace ../../../../var/folders/f0/7ryz8txs2bq0hnjzmzz34wr80000gn/T/website-playwright-test-results/project-routes-project-rou-c735c-s-hero-and-hydrates-cleanly-Mobile-Safari-retry1/trace.zip

    ────────────────────────────────────────────────────────────────────────────────────────────────


(node:52536) Warning: The 'NO_COLOR' env is ignored due to the 'FORCE_COLOR' env being set.
(Use `node --trace-warnings ...` to show where the warning was created)


[1324/1400] [Mobile Safari] › e2e/project-routes.spec.ts:41:11 › project routes in America/Los_Angeles › /fantasy-formula-1 renders its hero and hydrates cleanly
(node:52559) Warning: The 'NO_COLOR' env is ignored due to the 'FORCE_COLOR' env being set.
(Use `node --trace-warnings ...` to show where the warning was created)


[1325/1400] (retries) [Mobile Safari] › e2e/project-routes.spec.ts:41:11 › project routes in America/Los_Angeles › /formula-1 renders its hero and hydrates cleanly (retry #1)
(node:52571) Warning: The 'NO_COLOR' env is ignored due to the 'FORCE_COLOR' env being set.
(Use `node --trace-warnings ...` to show where the warning was created)


[1326/1400] (retries) [Mobile Safari] › e2e/project-routes.spec.ts:41:11 › project routes in America/Los_Angeles › /fantasy-formula-1 renders its hero and hydrates cleanly (retry #1)
  37) [Mobile Safari] › e2e/project-routes.spec.ts:41:11 › project routes in America/Los_Angeles › /github-trending-pulse renders its hero and hydrates cleanly 

    Error: expect(received).toEqual(expected) // deep equality

    - Expected  - 1
    + Received  + 3

    - Array []
    + Array [
    +   "Minified React error #418; visit https://react.dev/errors/418?args[]=text&args[]= for the full message or use the non-minified dev environment for full errors and additional helpful warnings.",
    + ]

      55 |
      56 |         await page.waitForTimeout(500);
    > 57 |         expect(hydrationErrors).toEqual([]);
         |                                 ^
      58 |       });
      59 |     }
      60 |   });
        at /private/tmp/project-repo-audit/clean-install/e2e/project-routes.spec.ts:57:33

    attachment #1: screenshot (image/png) ──────────────────────────────────────────────────────────
    ../../../../var/folders/f0/7ryz8txs2bq0hnjzmzz34wr80000gn/T/website-playwright-test-results/project-routes-project-rou-399d8-s-hero-and-hydrates-cleanly-Mobile-Safari/test-failed-1.png
    ────────────────────────────────────────────────────────────────────────────────────────────────

    Error Context: ../../../../var/folders/f0/7ryz8txs2bq0hnjzmzz34wr80000gn/T/website-playwright-test-results/project-routes-project-rou-399d8-s-hero-and-hydrates-cleanly-Mobile-Safari/error-context.md

    Retry #1 ───────────────────────────────────────────────────────────────────────────────────────

    Error: expect(received).toEqual(expected) // deep equality

    - Expected  - 1
    + Received  + 3

    - Array []
    + Array [
    +   "Minified React error #418; visit https://react.dev/errors/418?args[]=text&args[]= for the full message or use the non-minified dev environment for full errors and additional helpful warnings.",
    + ]

      55 |
      56 |         await page.waitForTimeout(500);
    > 57 |         expect(hydrationErrors).toEqual([]);
         |                                 ^
      58 |       });
      59 |     }
      60 |   });
        at /private/tmp/project-repo-audit/clean-install/e2e/project-routes.spec.ts:57:33

    attachment #1: screenshot (image/png) ──────────────────────────────────────────────────────────
    ../../../../var/folders/f0/7ryz8txs2bq0hnjzmzz34wr80000gn/T/website-playwright-test-results/project-routes-project-rou-399d8-s-hero-and-hydrates-cleanly-Mobile-Safari-retry1/test-failed-1.png
    ────────────────────────────────────────────────────────────────────────────────────────────────

    Error Context: ../../../../var/folders/f0/7ryz8txs2bq0hnjzmzz34wr80000gn/T/website-playwright-test-results/project-routes-project-rou-399d8-s-hero-and-hydrates-cleanly-Mobile-Safari-retry1/error-context.md

    attachment #3: trace (application/zip) ─────────────────────────────────────────────────────────
    ../../../../var/folders/f0/7ryz8txs2bq0hnjzmzz34wr80000gn/T/website-playwright-test-results/project-routes-project-rou-399d8-s-hero-and-hydrates-cleanly-Mobile-Safari-retry1/trace.zip
    Usage:

        npx playwright show-trace ../../../../var/folders/f0/7ryz8txs2bq0hnjzmzz34wr80000gn/T/website-playwright-test-results/project-routes-project-rou-399d8-s-hero-and-hydrates-cleanly-Mobile-Safari-retry1/trace.zip

    ────────────────────────────────────────────────────────────────────────────────────────────────


(node:52580) Warning: The 'NO_COLOR' env is ignored due to the 'FORCE_COLOR' env being set.
(Use `node --trace-warnings ...` to show where the warning was created)


[1327/1400] [Mobile Safari] › e2e/project-routes.spec.ts:41:11 › project routes in America/Los_Angeles › /golf renders its hero and hydrates cleanly
  38) [Mobile Safari] › e2e/project-routes.spec.ts:41:11 › project routes in America/Los_Angeles › /formula-1 renders its hero and hydrates cleanly 

    Error: expect(received).toEqual(expected) // deep equality

    - Expected  - 1
    + Received  + 3

    - Array []
    + Array [
    +   "Minified React error #418; visit https://react.dev/errors/418?args[]=text&args[]= for the full message or use the non-minified dev environment for full errors and additional helpful warnings.",
    + ]

      55 |
      56 |         await page.waitForTimeout(500);
    > 57 |         expect(hydrationErrors).toEqual([]);
         |                                 ^
      58 |       });
      59 |     }
      60 |   });
        at /private/tmp/project-repo-audit/clean-install/e2e/project-routes.spec.ts:57:33

    attachment #1: screenshot (image/png) ──────────────────────────────────────────────────────────
    ../../../../var/folders/f0/7ryz8txs2bq0hnjzmzz34wr80000gn/T/website-playwright-test-results/project-routes-project-rou-e6504-s-hero-and-hydrates-cleanly-Mobile-Safari/test-failed-1.png
    ────────────────────────────────────────────────────────────────────────────────────────────────

    Error Context: ../../../../var/folders/f0/7ryz8txs2bq0hnjzmzz34wr80000gn/T/website-playwright-test-results/project-routes-project-rou-e6504-s-hero-and-hydrates-cleanly-Mobile-Safari/error-context.md

    Retry #1 ───────────────────────────────────────────────────────────────────────────────────────

    Error: expect(received).toEqual(expected) // deep equality

    - Expected  - 1
    + Received  + 3

    - Array []
    + Array [
    +   "Minified React error #418; visit https://react.dev/errors/418?args[]=text&args[]= for the full message or use the non-minified dev environment for full errors and additional helpful warnings.",
    + ]

      55 |
      56 |         await page.waitForTimeout(500);
    > 57 |         expect(hydrationErrors).toEqual([]);
         |                                 ^
      58 |       });
      59 |     }
      60 |   });
        at /private/tmp/project-repo-audit/clean-install/e2e/project-routes.spec.ts:57:33

    attachment #1: screenshot (image/png) ──────────────────────────────────────────────────────────
    ../../../../var/folders/f0/7ryz8txs2bq0hnjzmzz34wr80000gn/T/website-playwright-test-results/project-routes-project-rou-e6504-s-hero-and-hydrates-cleanly-Mobile-Safari-retry1/test-failed-1.png
    ────────────────────────────────────────────────────────────────────────────────────────────────

    Error Context: ../../../../var/folders/f0/7ryz8txs2bq0hnjzmzz34wr80000gn/T/website-playwright-test-results/project-routes-project-rou-e6504-s-hero-and-hydrates-cleanly-Mobile-Safari-retry1/error-context.md

    attachment #3: trace (application/zip) ─────────────────────────────────────────────────────────
    ../../../../var/folders/f0/7ryz8txs2bq0hnjzmzz34wr80000gn/T/website-playwright-test-results/project-routes-project-rou-e6504-s-hero-and-hydrates-cleanly-Mobile-Safari-retry1/trace.zip
    Usage:

        npx playwright show-trace ../../../../var/folders/f0/7ryz8txs2bq0hnjzmzz34wr80000gn/T/website-playwright-test-results/project-routes-project-rou-e6504-s-hero-and-hydrates-cleanly-Mobile-Safari-retry1/trace.zip

    ────────────────────────────────────────────────────────────────────────────────────────────────


(node:52795) Warning: The 'NO_COLOR' env is ignored due to the 'FORCE_COLOR' env being set.
(Use `node --trace-warnings ...` to show where the warning was created)


[1328/1400] [Mobile Safari] › e2e/project-routes.spec.ts:41:11 › project routes in America/Los_Angeles › /earthquake-pulse renders its hero and hydrates cleanly
  39) [Mobile Safari] › e2e/project-routes.spec.ts:41:11 › project routes in America/Los_Angeles › /fantasy-formula-1 renders its hero and hydrates cleanly 

    Error: expect(received).toEqual(expected) // deep equality

    - Expected  - 1
    + Received  + 3

    - Array []
    + Array [
    +   "Minified React error #418; visit https://react.dev/errors/418?args[]=text&args[]= for the full message or use the non-minified dev environment for full errors and additional helpful warnings.",
    + ]

      55 |
      56 |         await page.waitForTimeout(500);
    > 57 |         expect(hydrationErrors).toEqual([]);
         |                                 ^
      58 |       });
      59 |     }
      60 |   });
        at /private/tmp/project-repo-audit/clean-install/e2e/project-routes.spec.ts:57:33

    attachment #1: screenshot (image/png) ──────────────────────────────────────────────────────────
    ../../../../var/folders/f0/7ryz8txs2bq0hnjzmzz34wr80000gn/T/website-playwright-test-results/project-routes-project-rou-69b98-s-hero-and-hydrates-cleanly-Mobile-Safari/test-failed-1.png
    ────────────────────────────────────────────────────────────────────────────────────────────────

    Error Context: ../../../../var/folders/f0/7ryz8txs2bq0hnjzmzz34wr80000gn/T/website-playwright-test-results/project-routes-project-rou-69b98-s-hero-and-hydrates-cleanly-Mobile-Safari/error-context.md

    Retry #1 ───────────────────────────────────────────────────────────────────────────────────────

    Error: expect(received).toEqual(expected) // deep equality

    - Expected  - 1
    + Received  + 3

    - Array []
    + Array [
    +   "Minified React error #418; visit https://react.dev/errors/418?args[]=text&args[]= for the full message or use the non-minified dev environment for full errors and additional helpful warnings.",
    + ]

      55 |
      56 |         await page.waitForTimeout(500);
    > 57 |         expect(hydrationErrors).toEqual([]);
         |                                 ^
      58 |       });
      59 |     }
      60 |   });
        at /private/tmp/project-repo-audit/clean-install/e2e/project-routes.spec.ts:57:33

    attachment #1: screenshot (image/png) ──────────────────────────────────────────────────────────
    ../../../../var/folders/f0/7ryz8txs2bq0hnjzmzz34wr80000gn/T/website-playwright-test-results/project-routes-project-rou-69b98-s-hero-and-hydrates-cleanly-Mobile-Safari-retry1/test-failed-1.png
    ────────────────────────────────────────────────────────────────────────────────────────────────

    Error Context: ../../../../var/folders/f0/7ryz8txs2bq0hnjzmzz34wr80000gn/T/website-playwright-test-results/project-routes-project-rou-69b98-s-hero-and-hydrates-cleanly-Mobile-Safari-retry1/error-context.md

    attachment #3: trace (application/zip) ─────────────────────────────────────────────────────────
    ../../../../var/folders/f0/7ryz8txs2bq0hnjzmzz34wr80000gn/T/website-playwright-test-results/project-routes-project-rou-69b98-s-hero-and-hydrates-cleanly-Mobile-Safari-retry1/trace.zip
    Usage:

        npx playwright show-trace ../../../../var/folders/f0/7ryz8txs2bq0hnjzmzz34wr80000gn/T/website-playwright-test-results/project-routes-project-rou-69b98-s-hero-and-hydrates-cleanly-Mobile-Safari-retry1/trace.zip

    ────────────────────────────────────────────────────────────────────────────────────────────────


(node:53118) Warning: The 'NO_COLOR' env is ignored due to the 'FORCE_COLOR' env being set.
(Use `node --trace-warnings ...` to show where the warning was created)


[1329/1400] [Mobile Safari] › e2e/project-routes.spec.ts:41:11 › project routes in America/Los_Angeles › /world-cup-2026 renders its hero and hydrates cleanly
(node:53227) Warning: The 'NO_COLOR' env is ignored due to the 'FORCE_COLOR' env being set.
(Use `node --trace-warnings ...` to show where the warning was created)


[1330/1400] (retries) [Mobile Safari] › e2e/project-routes.spec.ts:41:11 › project routes in America/Los_Angeles › /golf renders its hero and hydrates cleanly (retry #1)
(node:53231) Warning: The 'NO_COLOR' env is ignored due to the 'FORCE_COLOR' env being set.
(Use `node --trace-warnings ...` to show where the warning was created)


[1331/1400] (retries) [Mobile Safari] › e2e/project-routes.spec.ts:41:11 › project routes in America/Los_Angeles › /earthquake-pulse renders its hero and hydrates cleanly (retry #1)
[1332/1400] [Mobile Safari] › e2e/project-routes.spec.ts:41:11 › project routes in America/Los_Angeles › /bay-area-transit renders its hero and hydrates cleanly
(node:53324) Warning: The 'NO_COLOR' env is ignored due to the 'FORCE_COLOR' env being set.
(Use `node --trace-warnings ...` to show where the warning was created)


[1333/1400] (retries) [Mobile Safari] › e2e/project-routes.spec.ts:41:11 › project routes in America/Los_Angeles › /bay-area-transit renders its hero and hydrates cleanly (retry #1)
  40) [Mobile Safari] › e2e/project-routes.spec.ts:41:11 › project routes in America/Los_Angeles › /earthquake-pulse renders its hero and hydrates cleanly 

    Error: expect(received).toEqual(expected) // deep equality

    - Expected  - 1
    + Received  + 3

    - Array []
    + Array [
    +   "Minified React error #418; visit https://react.dev/errors/418?args[]=text&args[]= for the full message or use the non-minified dev environment for full errors and additional helpful warnings.",
    + ]

      55 |
      56 |         await page.waitForTimeout(500);
    > 57 |         expect(hydrationErrors).toEqual([]);
         |                                 ^
      58 |       });
      59 |     }
      60 |   });
        at /private/tmp/project-repo-audit/clean-install/e2e/project-routes.spec.ts:57:33

    attachment #1: screenshot (image/png) ──────────────────────────────────────────────────────────
    ../../../../var/folders/f0/7ryz8txs2bq0hnjzmzz34wr80000gn/T/website-playwright-test-results/project-routes-project-rou-49caf-s-hero-and-hydrates-cleanly-Mobile-Safari/test-failed-1.png
    ────────────────────────────────────────────────────────────────────────────────────────────────

    Error Context: ../../../../var/folders/f0/7ryz8txs2bq0hnjzmzz34wr80000gn/T/website-playwright-test-results/project-routes-project-rou-49caf-s-hero-and-hydrates-cleanly-Mobile-Safari/error-context.md

    Retry #1 ───────────────────────────────────────────────────────────────────────────────────────

    Error: expect(received).toEqual(expected) // deep equality

    - Expected  - 1
    + Received  + 3

    - Array []
    + Array [
    +   "Minified React error #418; visit https://react.dev/errors/418?args[]=text&args[]= for the full message or use the non-minified dev environment for full errors and additional helpful warnings.",
    + ]

      55 |
      56 |         await page.waitForTimeout(500);
    > 57 |         expect(hydrationErrors).toEqual([]);
         |                                 ^
      58 |       });
      59 |     }
      60 |   });
        at /private/tmp/project-repo-audit/clean-install/e2e/project-routes.spec.ts:57:33

    attachment #1: screenshot (image/png) ──────────────────────────────────────────────────────────
    ../../../../var/folders/f0/7ryz8txs2bq0hnjzmzz34wr80000gn/T/website-playwright-test-results/project-routes-project-rou-49caf-s-hero-and-hydrates-cleanly-Mobile-Safari-retry1/test-failed-1.png
    ────────────────────────────────────────────────────────────────────────────────────────────────

    Error Context: ../../../../var/folders/f0/7ryz8txs2bq0hnjzmzz34wr80000gn/T/website-playwright-test-results/project-routes-project-rou-49caf-s-hero-and-hydrates-cleanly-Mobile-Safari-retry1/error-context.md

    attachment #3: trace (application/zip) ─────────────────────────────────────────────────────────
    ../../../../var/folders/f0/7ryz8txs2bq0hnjzmzz34wr80000gn/T/website-playwright-test-results/project-routes-project-rou-49caf-s-hero-and-hydrates-cleanly-Mobile-Safari-retry1/trace.zip
    Usage:

        npx playwright show-trace ../../../../var/folders/f0/7ryz8txs2bq0hnjzmzz34wr80000gn/T/website-playwright-test-results/project-routes-project-rou-49caf-s-hero-and-hydrates-cleanly-Mobile-Safari-retry1/trace.zip

    ────────────────────────────────────────────────────────────────────────────────────────────────


(node:53332) Warning: The 'NO_COLOR' env is ignored due to the 'FORCE_COLOR' env being set.
(Use `node --trace-warnings ...` to show where the warning was created)


[1334/1400] [Mobile Safari] › e2e/project-routes.spec.ts:41:11 › project routes in America/Los_Angeles › /mlb renders its hero and hydrates cleanly
  41) [Mobile Safari] › e2e/project-routes.spec.ts:41:11 › project routes in America/Los_Angeles › /golf renders its hero and hydrates cleanly 

    Error: expect(received).toEqual(expected) // deep equality

    - Expected  - 1
    + Received  + 3

    - Array []
    + Array [
    +   "Minified React error #418; visit https://react.dev/errors/418?args[]=text&args[]= for the full message or use the non-minified dev environment for full errors and additional helpful warnings.",
    + ]

      55 |
      56 |         await page.waitForTimeout(500);
    > 57 |         expect(hydrationErrors).toEqual([]);
         |                                 ^
      58 |       });
      59 |     }
      60 |   });
        at /private/tmp/project-repo-audit/clean-install/e2e/project-routes.spec.ts:57:33

    attachment #1: screenshot (image/png) ──────────────────────────────────────────────────────────
    ../../../../var/folders/f0/7ryz8txs2bq0hnjzmzz34wr80000gn/T/website-playwright-test-results/project-routes-project-rou-bcc1e-s-hero-and-hydrates-cleanly-Mobile-Safari/test-failed-1.png
    ────────────────────────────────────────────────────────────────────────────────────────────────

    Error Context: ../../../../var/folders/f0/7ryz8txs2bq0hnjzmzz34wr80000gn/T/website-playwright-test-results/project-routes-project-rou-bcc1e-s-hero-and-hydrates-cleanly-Mobile-Safari/error-context.md

    Retry #1 ───────────────────────────────────────────────────────────────────────────────────────

    Error: expect(received).toEqual(expected) // deep equality

    - Expected  - 1
    + Received  + 3

    - Array []
    + Array [
    +   "Minified React error #418; visit https://react.dev/errors/418?args[]=text&args[]= for the full message or use the non-minified dev environment for full errors and additional helpful warnings.",
    + ]

      55 |
      56 |         await page.waitForTimeout(500);
    > 57 |         expect(hydrationErrors).toEqual([]);
         |                                 ^
      58 |       });
      59 |     }
      60 |   });
        at /private/tmp/project-repo-audit/clean-install/e2e/project-routes.spec.ts:57:33

    attachment #1: screenshot (image/png) ──────────────────────────────────────────────────────────
    ../../../../var/folders/f0/7ryz8txs2bq0hnjzmzz34wr80000gn/T/website-playwright-test-results/project-routes-project-rou-bcc1e-s-hero-and-hydrates-cleanly-Mobile-Safari-retry1/test-failed-1.png
    ────────────────────────────────────────────────────────────────────────────────────────────────

    Error Context: ../../../../var/folders/f0/7ryz8txs2bq0hnjzmzz34wr80000gn/T/website-playwright-test-results/project-routes-project-rou-bcc1e-s-hero-and-hydrates-cleanly-Mobile-Safari-retry1/error-context.md

    attachment #3: trace (application/zip) ─────────────────────────────────────────────────────────
    ../../../../var/folders/f0/7ryz8txs2bq0hnjzmzz34wr80000gn/T/website-playwright-test-results/project-routes-project-rou-bcc1e-s-hero-and-hydrates-cleanly-Mobile-Safari-retry1/trace.zip
    Usage:

        npx playwright show-trace ../../../../var/folders/f0/7ryz8txs2bq0hnjzmzz34wr80000gn/T/website-playwright-test-results/project-routes-project-rou-bcc1e-s-hero-and-hydrates-cleanly-Mobile-Safari-retry1/trace.zip

    ────────────────────────────────────────────────────────────────────────────────────────────────


(node:53343) Warning: The 'NO_COLOR' env is ignored due to the 'FORCE_COLOR' env being set.
(Use `node --trace-warnings ...` to show where the warning was created)


[1335/1400] [Mobile Safari] › e2e/project-routes.spec.ts:41:11 › project routes in America/Los_Angeles › /nba renders its hero and hydrates cleanly
  42) [Mobile Safari] › e2e/project-routes.spec.ts:41:11 › project routes in America/Los_Angeles › /bay-area-transit renders its hero and hydrates cleanly 

    Error: expect(received).toEqual(expected) // deep equality

    - Expected  - 1
    + Received  + 3

    - Array []
    + Array [
    +   "Minified React error #418; visit https://react.dev/errors/418?args[]=text&args[]= for the full message or use the non-minified dev environment for full errors and additional helpful warnings.",
    + ]

      55 |
      56 |         await page.waitForTimeout(500);
    > 57 |         expect(hydrationErrors).toEqual([]);
         |                                 ^
      58 |       });
      59 |     }
      60 |   });
        at /private/tmp/project-repo-audit/clean-install/e2e/project-routes.spec.ts:57:33

    attachment #1: screenshot (image/png) ──────────────────────────────────────────────────────────
    ../../../../var/folders/f0/7ryz8txs2bq0hnjzmzz34wr80000gn/T/website-playwright-test-results/project-routes-project-rou-f51e5-s-hero-and-hydrates-cleanly-Mobile-Safari/test-failed-1.png
    ────────────────────────────────────────────────────────────────────────────────────────────────

    Error Context: ../../../../var/folders/f0/7ryz8txs2bq0hnjzmzz34wr80000gn/T/website-playwright-test-results/project-routes-project-rou-f51e5-s-hero-and-hydrates-cleanly-Mobile-Safari/error-context.md

    Retry #1 ───────────────────────────────────────────────────────────────────────────────────────

    Error: expect(received).toEqual(expected) // deep equality

    - Expected  - 1
    + Received  + 3

    - Array []
    + Array [
    +   "Minified React error #418; visit https://react.dev/errors/418?args[]=text&args[]= for the full message or use the non-minified dev environment for full errors and additional helpful warnings.",
    + ]

      55 |
      56 |         await page.waitForTimeout(500);
    > 57 |         expect(hydrationErrors).toEqual([]);
         |                                 ^
      58 |       });
      59 |     }
      60 |   });
        at /private/tmp/project-repo-audit/clean-install/e2e/project-routes.spec.ts:57:33

    attachment #1: screenshot (image/png) ──────────────────────────────────────────────────────────
    ../../../../var/folders/f0/7ryz8txs2bq0hnjzmzz34wr80000gn/T/website-playwright-test-results/project-routes-project-rou-f51e5-s-hero-and-hydrates-cleanly-Mobile-Safari-retry1/test-failed-1.png
    ────────────────────────────────────────────────────────────────────────────────────────────────

    Error Context: ../../../../var/folders/f0/7ryz8txs2bq0hnjzmzz34wr80000gn/T/website-playwright-test-results/project-routes-project-rou-f51e5-s-hero-and-hydrates-cleanly-Mobile-Safari-retry1/error-context.md

    attachment #3: trace (application/zip) ─────────────────────────────────────────────────────────
    ../../../../var/folders/f0/7ryz8txs2bq0hnjzmzz34wr80000gn/T/website-playwright-test-results/project-routes-project-rou-f51e5-s-hero-and-hydrates-cleanly-Mobile-Safari-retry1/trace.zip
    Usage:

        npx playwright show-trace ../../../../var/folders/f0/7ryz8txs2bq0hnjzmzz34wr80000gn/T/website-playwright-test-results/project-routes-project-rou-f51e5-s-hero-and-hydrates-cleanly-Mobile-Safari-retry1/trace.zip

    ────────────────────────────────────────────────────────────────────────────────────────────────


(node:53360) Warning: The 'NO_COLOR' env is ignored due to the 'FORCE_COLOR' env being set.
(Use `node --trace-warnings ...` to show where the warning was created)


[1336/1400] [Mobile Safari] › e2e/project-routes.spec.ts:41:11 › project routes in America/Los_Angeles › /nfl renders its hero and hydrates cleanly
(node:53361) Warning: The 'NO_COLOR' env is ignored due to the 'FORCE_COLOR' env being set.
(Use `node --trace-warnings ...` to show where the warning was created)


[1337/1400] (retries) [Mobile Safari] › e2e/project-routes.spec.ts:41:11 › project routes in America/Los_Angeles › /mlb renders its hero and hydrates cleanly (retry #1)
[1338/1400] [Mobile Safari] › e2e/project-routes.spec.ts:41:11 › project routes in America/Los_Angeles › /polling-aggregator renders its hero and hydrates cleanly
[1339/1400] [Mobile Safari] › e2e/project-routes.spec.ts:41:11 › project routes in America/Los_Angeles › /museum-log renders its hero and hydrates cleanly
(node:53387) Warning: The 'NO_COLOR' env is ignored due to the 'FORCE_COLOR' env being set.
(Use `node --trace-warnings ...` to show where the warning was created)


[1340/1400] (retries) [Mobile Safari] › e2e/project-routes.spec.ts:41:11 › project routes in America/Los_Angeles › /nfl renders its hero and hydrates cleanly (retry #1)
  43) [Mobile Safari] › e2e/project-routes.spec.ts:41:11 › project routes in America/Los_Angeles › /mlb renders its hero and hydrates cleanly 

    Error: expect(received).toEqual(expected) // deep equality

    - Expected  - 1
    + Received  + 3

    - Array []
    + Array [
    +   "Minified React error #418; visit https://react.dev/errors/418?args[]=text&args[]= for the full message or use the non-minified dev environment for full errors and additional helpful warnings.",
    + ]

      55 |
      56 |         await page.waitForTimeout(500);
    > 57 |         expect(hydrationErrors).toEqual([]);
         |                                 ^
      58 |       });
      59 |     }
      60 |   });
        at /private/tmp/project-repo-audit/clean-install/e2e/project-routes.spec.ts:57:33

    attachment #1: screenshot (image/png) ──────────────────────────────────────────────────────────
    ../../../../var/folders/f0/7ryz8txs2bq0hnjzmzz34wr80000gn/T/website-playwright-test-results/project-routes-project-rou-4cb89-s-hero-and-hydrates-cleanly-Mobile-Safari/test-failed-1.png
    ────────────────────────────────────────────────────────────────────────────────────────────────

    Error Context: ../../../../var/folders/f0/7ryz8txs2bq0hnjzmzz34wr80000gn/T/website-playwright-test-results/project-routes-project-rou-4cb89-s-hero-and-hydrates-cleanly-Mobile-Safari/error-context.md

    Retry #1 ───────────────────────────────────────────────────────────────────────────────────────

    Error: expect(received).toEqual(expected) // deep equality

    - Expected  - 1
    + Received  + 3

    - Array []
    + Array [
    +   "Minified React error #418; visit https://react.dev/errors/418?args[]=text&args[]= for the full message or use the non-minified dev environment for full errors and additional helpful warnings.",
    + ]

      55 |
      56 |         await page.waitForTimeout(500);
    > 57 |         expect(hydrationErrors).toEqual([]);
         |                                 ^
      58 |       });
      59 |     }
      60 |   });
        at /private/tmp/project-repo-audit/clean-install/e2e/project-routes.spec.ts:57:33

    attachment #1: screenshot (image/png) ──────────────────────────────────────────────────────────
    ../../../../var/folders/f0/7ryz8txs2bq0hnjzmzz34wr80000gn/T/website-playwright-test-results/project-routes-project-rou-4cb89-s-hero-and-hydrates-cleanly-Mobile-Safari-retry1/test-failed-1.png
    ────────────────────────────────────────────────────────────────────────────────────────────────

    Error Context: ../../../../var/folders/f0/7ryz8txs2bq0hnjzmzz34wr80000gn/T/website-playwright-test-results/project-routes-project-rou-4cb89-s-hero-and-hydrates-cleanly-Mobile-Safari-retry1/error-context.md

    attachment #3: trace (application/zip) ─────────────────────────────────────────────────────────
    ../../../../var/folders/f0/7ryz8txs2bq0hnjzmzz34wr80000gn/T/website-playwright-test-results/project-routes-project-rou-4cb89-s-hero-and-hydrates-cleanly-Mobile-Safari-retry1/trace.zip
    Usage:

        npx playwright show-trace ../../../../var/folders/f0/7ryz8txs2bq0hnjzmzz34wr80000gn/T/website-playwright-test-results/project-routes-project-rou-4cb89-s-hero-and-hydrates-cleanly-Mobile-Safari-retry1/trace.zip

    ────────────────────────────────────────────────────────────────────────────────────────────────


(node:53395) Warning: The 'NO_COLOR' env is ignored due to the 'FORCE_COLOR' env being set.
(Use `node --trace-warnings ...` to show where the warning was created)


[1341/1400] [Mobile Safari] › e2e/project-routes.spec.ts:41:11 › project routes in America/Los_Angeles › /wine-cellar renders its hero and hydrates cleanly
(node:53411) Warning: The 'NO_COLOR' env is ignored due to the 'FORCE_COLOR' env being set.
(Use `node --trace-warnings ...` to show where the warning was created)


[1342/1400] (retries) [Mobile Safari] › e2e/project-routes.spec.ts:41:11 › project routes in America/Los_Angeles › /museum-log renders its hero and hydrates cleanly (retry #1)
[1343/1400] [Mobile Safari] › e2e/project-routes.spec.ts:41:11 › project routes in America/Los_Angeles › /recipe-finder renders its hero and hydrates cleanly
  44) [Mobile Safari] › e2e/project-routes.spec.ts:41:11 › project routes in America/Los_Angeles › /nfl renders its hero and hydrates cleanly 

    Error: expect(received).toEqual(expected) // deep equality

    - Expected  - 1
    + Received  + 3

    - Array []
    + Array [
    +   "Minified React error #418; visit https://react.dev/errors/418?args[]=text&args[]= for the full message or use the non-minified dev environment for full errors and additional helpful warnings.",
    + ]

      55 |
      56 |         await page.waitForTimeout(500);
    > 57 |         expect(hydrationErrors).toEqual([]);
         |                                 ^
      58 |       });
      59 |     }
      60 |   });
        at /private/tmp/project-repo-audit/clean-install/e2e/project-routes.spec.ts:57:33

    attachment #1: screenshot (image/png) ──────────────────────────────────────────────────────────
    ../../../../var/folders/f0/7ryz8txs2bq0hnjzmzz34wr80000gn/T/website-playwright-test-results/project-routes-project-rou-3e8df-s-hero-and-hydrates-cleanly-Mobile-Safari/test-failed-1.png
    ────────────────────────────────────────────────────────────────────────────────────────────────

    Error Context: ../../../../var/folders/f0/7ryz8txs2bq0hnjzmzz34wr80000gn/T/website-playwright-test-results/project-routes-project-rou-3e8df-s-hero-and-hydrates-cleanly-Mobile-Safari/error-context.md

    Retry #1 ───────────────────────────────────────────────────────────────────────────────────────

    Error: expect(received).toEqual(expected) // deep equality

    - Expected  - 1
    + Received  + 3

    - Array []
    + Array [
    +   "Minified React error #418; visit https://react.dev/errors/418?args[]=text&args[]= for the full message or use the non-minified dev environment for full errors and additional helpful warnings.",
    + ]

      55 |
      56 |         await page.waitForTimeout(500);
    > 57 |         expect(hydrationErrors).toEqual([]);
         |                                 ^
      58 |       });
      59 |     }
      60 |   });
        at /private/tmp/project-repo-audit/clean-install/e2e/project-routes.spec.ts:57:33

    attachment #1: screenshot (image/png) ──────────────────────────────────────────────────────────
    ../../../../var/folders/f0/7ryz8txs2bq0hnjzmzz34wr80000gn/T/website-playwright-test-results/project-routes-project-rou-3e8df-s-hero-and-hydrates-cleanly-Mobile-Safari-retry1/test-failed-1.png
    ────────────────────────────────────────────────────────────────────────────────────────────────

    Error Context: ../../../../var/folders/f0/7ryz8txs2bq0hnjzmzz34wr80000gn/T/website-playwright-test-results/project-routes-project-rou-3e8df-s-hero-and-hydrates-cleanly-Mobile-Safari-retry1/error-context.md

    attachment #3: trace (application/zip) ─────────────────────────────────────────────────────────
    ../../../../var/folders/f0/7ryz8txs2bq0hnjzmzz34wr80000gn/T/website-playwright-test-results/project-routes-project-rou-3e8df-s-hero-and-hydrates-cleanly-Mobile-Safari-retry1/trace.zip
    Usage:

        npx playwright show-trace ../../../../var/folders/f0/7ryz8txs2bq0hnjzmzz34wr80000gn/T/website-playwright-test-results/project-routes-project-rou-3e8df-s-hero-and-hydrates-cleanly-Mobile-Safari-retry1/trace.zip

    ────────────────────────────────────────────────────────────────────────────────────────────────


(node:53551) Warning: The 'NO_COLOR' env is ignored due to the 'FORCE_COLOR' env being set.
(Use `node --trace-warnings ...` to show where the warning was created)


[1344/1400] [Mobile Safari] › e2e/project-routes.spec.ts:41:11 › project routes in America/Los_Angeles › /travel renders its hero and hydrates cleanly
[1345/1400] [Mobile Safari] › e2e/project-routes.spec.ts:41:11 › project routes in America/Los_Angeles › /travel-deals renders its hero and hydrates cleanly
  45) [Mobile Safari] › e2e/project-routes.spec.ts:41:11 › project routes in America/Los_Angeles › /museum-log renders its hero and hydrates cleanly 

    Error: expect(received).toEqual(expected) // deep equality

    - Expected  - 1
    + Received  + 3

    - Array []
    + Array [
    +   "Minified React error #418; visit https://react.dev/errors/418?args[]=text&args[]= for the full message or use the non-minified dev environment for full errors and additional helpful warnings.",
    + ]

      55 |
      56 |         await page.waitForTimeout(500);
    > 57 |         expect(hydrationErrors).toEqual([]);
         |                                 ^
      58 |       });
      59 |     }
      60 |   });
        at /private/tmp/project-repo-audit/clean-install/e2e/project-routes.spec.ts:57:33

    attachment #1: screenshot (image/png) ──────────────────────────────────────────────────────────
    ../../../../var/folders/f0/7ryz8txs2bq0hnjzmzz34wr80000gn/T/website-playwright-test-results/project-routes-project-rou-4a889-s-hero-and-hydrates-cleanly-Mobile-Safari/test-failed-1.png
    ────────────────────────────────────────────────────────────────────────────────────────────────

    Error Context: ../../../../var/folders/f0/7ryz8txs2bq0hnjzmzz34wr80000gn/T/website-playwright-test-results/project-routes-project-rou-4a889-s-hero-and-hydrates-cleanly-Mobile-Safari/error-context.md

    Retry #1 ───────────────────────────────────────────────────────────────────────────────────────

    Error: expect(received).toEqual(expected) // deep equality

    - Expected  - 1
    + Received  + 3

    - Array []
    + Array [
    +   "Minified React error #418; visit https://react.dev/errors/418?args[]=text&args[]= for the full message or use the non-minified dev environment for full errors and additional helpful warnings.",
    + ]

      55 |
      56 |         await page.waitForTimeout(500);
    > 57 |         expect(hydrationErrors).toEqual([]);
         |                                 ^
      58 |       });
      59 |     }
      60 |   });
        at /private/tmp/project-repo-audit/clean-install/e2e/project-routes.spec.ts:57:33

    attachment #1: screenshot (image/png) ──────────────────────────────────────────────────────────
    ../../../../var/folders/f0/7ryz8txs2bq0hnjzmzz34wr80000gn/T/website-playwright-test-results/project-routes-project-rou-4a889-s-hero-and-hydrates-cleanly-Mobile-Safari-retry1/test-failed-1.png
    ────────────────────────────────────────────────────────────────────────────────────────────────

    Error Context: ../../../../var/folders/f0/7ryz8txs2bq0hnjzmzz34wr80000gn/T/website-playwright-test-results/project-routes-project-rou-4a889-s-hero-and-hydrates-cleanly-Mobile-Safari-retry1/error-context.md

    attachment #3: trace (application/zip) ─────────────────────────────────────────────────────────
    ../../../../var/folders/f0/7ryz8txs2bq0hnjzmzz34wr80000gn/T/website-playwright-test-results/project-routes-project-rou-4a889-s-hero-and-hydrates-cleanly-Mobile-Safari-retry1/trace.zip
    Usage:

        npx playwright show-trace ../../../../var/folders/f0/7ryz8txs2bq0hnjzmzz34wr80000gn/T/website-playwright-test-results/project-routes-project-rou-4a889-s-hero-and-hydrates-cleanly-Mobile-Safari-retry1/trace.zip

    ────────────────────────────────────────────────────────────────────────────────────────────────


(node:53618) Warning: The 'NO_COLOR' env is ignored due to the 'FORCE_COLOR' env being set.
(Use `node --trace-warnings ...` to show where the warning was created)


[1346/1400] [Mobile Safari] › e2e/project-routes.spec.ts:41:11 › project routes in Asia/Tokyo › /investments renders its hero and hydrates cleanly
[1347/1400] [Mobile Safari] › e2e/project-routes.spec.ts:41:11 › project routes in Asia/Tokyo › /fantasy-football renders its hero and hydrates cleanly
[1348/1400] [Mobile Safari] › e2e/project-routes.spec.ts:41:11 › project routes in Asia/Tokyo › /fintech-tools/interchange-iq renders its hero and hydrates cleanly
[1349/1400] [Mobile Safari] › e2e/project-routes.spec.ts:41:11 › project routes in Asia/Tokyo › /fintech-tools/budget-planner renders its hero and hydrates cleanly
[1350/1400] [Mobile Safari] › e2e/project-routes.spec.ts:41:11 › project routes in Asia/Tokyo › /fintech-tools/rent-vs-buy renders its hero and hydrates cleanly
[1351/1400] [Mobile Safari] › e2e/project-routes.spec.ts:41:11 › project routes in Asia/Tokyo › /news-pulse renders its hero and hydrates cleanly
[1352/1400] [Mobile Safari] › e2e/project-routes.spec.ts:41:11 › project routes in Asia/Tokyo › /decision-lab renders its hero and hydrates cleanly
[1353/1400] [Mobile Safari] › e2e/project-routes.spec.ts:41:11 › project routes in Asia/Tokyo › /enablement-assistant renders its hero and hydrates cleanly
(node:53642) Warning: The 'NO_COLOR' env is ignored due to the 'FORCE_COLOR' env being set.
(Use `node --trace-warnings ...` to show where the warning was created)


[1354/1400] (retries) [Mobile Safari] › e2e/project-routes.spec.ts:41:11 › project routes in Asia/Tokyo › /news-pulse renders its hero and hydrates cleanly (retry #1)
[1355/1400] [Mobile Safari] › e2e/project-routes.spec.ts:41:11 › project routes in Asia/Tokyo › /food-map renders its hero and hydrates cleanly
[1356/1400] [Mobile Safari] › e2e/project-routes.spec.ts:41:11 › project routes in Asia/Tokyo › /march-madness-2026 renders its hero and hydrates cleanly
[1357/1400] [Mobile Safari] › e2e/project-routes.spec.ts:41:11 › project routes in Asia/Tokyo › /la-liga renders its hero and hydrates cleanly
[1358/1400] [Mobile Safari] › e2e/project-routes.spec.ts:41:11 › project routes in Asia/Tokyo › /mba-internship-notifications renders its hero and hydrates cleanly
  46) [Mobile Safari] › e2e/project-routes.spec.ts:41:11 › project routes in Asia/Tokyo › /news-pulse renders its hero and hydrates cleanly 

    Error: expect(received).toEqual(expected) // deep equality

    - Expected  - 1
    + Received  + 3

    - Array []
    + Array [
    +   "Minified React error #418; visit https://react.dev/errors/418?args[]=text&args[]= for the full message or use the non-minified dev environment for full errors and additional helpful warnings.",
    + ]

      55 |
      56 |         await page.waitForTimeout(500);
    > 57 |         expect(hydrationErrors).toEqual([]);
         |                                 ^
      58 |       });
      59 |     }
      60 |   });
        at /private/tmp/project-repo-audit/clean-install/e2e/project-routes.spec.ts:57:33

    attachment #1: screenshot (image/png) ──────────────────────────────────────────────────────────
    ../../../../var/folders/f0/7ryz8txs2bq0hnjzmzz34wr80000gn/T/website-playwright-test-results/project-routes-project-rou-c9618-s-hero-and-hydrates-cleanly-Mobile-Safari/test-failed-1.png
    ────────────────────────────────────────────────────────────────────────────────────────────────

    Error Context: ../../../../var/folders/f0/7ryz8txs2bq0hnjzmzz34wr80000gn/T/website-playwright-test-results/project-routes-project-rou-c9618-s-hero-and-hydrates-cleanly-Mobile-Safari/error-context.md

    Retry #1 ───────────────────────────────────────────────────────────────────────────────────────

    Error: expect(received).toEqual(expected) // deep equality

    - Expected  - 1
    + Received  + 3

    - Array []
    + Array [
    +   "Minified React error #418; visit https://react.dev/errors/418?args[]=text&args[]= for the full message or use the non-minified dev environment for full errors and additional helpful warnings.",
    + ]

      55 |
      56 |         await page.waitForTimeout(500);
    > 57 |         expect(hydrationErrors).toEqual([]);
         |                                 ^
      58 |       });
      59 |     }
      60 |   });
        at /private/tmp/project-repo-audit/clean-install/e2e/project-routes.spec.ts:57:33

    attachment #1: screenshot (image/png) ──────────────────────────────────────────────────────────
    ../../../../var/folders/f0/7ryz8txs2bq0hnjzmzz34wr80000gn/T/website-playwright-test-results/project-routes-project-rou-c9618-s-hero-and-hydrates-cleanly-Mobile-Safari-retry1/test-failed-1.png
    ────────────────────────────────────────────────────────────────────────────────────────────────

    Error Context: ../../../../var/folders/f0/7ryz8txs2bq0hnjzmzz34wr80000gn/T/website-playwright-test-results/project-routes-project-rou-c9618-s-hero-and-hydrates-cleanly-Mobile-Safari-retry1/error-context.md

    attachment #3: trace (application/zip) ─────────────────────────────────────────────────────────
    ../../../../var/folders/f0/7ryz8txs2bq0hnjzmzz34wr80000gn/T/website-playwright-test-results/project-routes-project-rou-c9618-s-hero-and-hydrates-cleanly-Mobile-Safari-retry1/trace.zip
    Usage:

        npx playwright show-trace ../../../../var/folders/f0/7ryz8txs2bq0hnjzmzz34wr80000gn/T/website-playwright-test-results/project-routes-project-rou-c9618-s-hero-and-hydrates-cleanly-Mobile-Safari-retry1/trace.zip

    ────────────────────────────────────────────────────────────────────────────────────────────────


(node:53658) Warning: The 'NO_COLOR' env is ignored due to the 'FORCE_COLOR' env being set.
(Use `node --trace-warnings ...` to show where the warning was created)


[1359/1400] [Mobile Safari] › e2e/project-routes.spec.ts:41:11 › project routes in Asia/Tokyo › /spacex-mission-control renders its hero and hydrates cleanly
(node:53670) Warning: The 'NO_COLOR' env is ignored due to the 'FORCE_COLOR' env being set.
(Use `node --trace-warnings ...` to show where the warning was created)


[1360/1400] (retries) [Mobile Safari] › e2e/project-routes.spec.ts:41:11 › project routes in Asia/Tokyo › /la-liga renders its hero and hydrates cleanly (retry #1)
(node:53678) Warning: The 'NO_COLOR' env is ignored due to the 'FORCE_COLOR' env being set.
(Use `node --trace-warnings ...` to show where the warning was created)


[1361/1400] (retries) [Mobile Safari] › e2e/project-routes.spec.ts:41:11 › project routes in Asia/Tokyo › /mba-internship-notifications renders its hero and hydrates cleanly (retry #1)
(node:53689) Warning: The 'NO_COLOR' env is ignored due to the 'FORCE_COLOR' env being set.
(Use `node --trace-warnings ...` to show where the warning was created)


[1362/1400] (retries) [Mobile Safari] › e2e/project-routes.spec.ts:41:11 › project routes in Asia/Tokyo › /spacex-mission-control renders its hero and hydrates cleanly (retry #1)
  47) [Mobile Safari] › e2e/project-routes.spec.ts:41:11 › project routes in Asia/Tokyo › /la-liga renders its hero and hydrates cleanly 

    Error: expect(received).toEqual(expected) // deep equality

    - Expected  - 1
    + Received  + 3

    - Array []
    + Array [
    +   "Minified React error #418; visit https://react.dev/errors/418?args[]=text&args[]= for the full message or use the non-minified dev environment for full errors and additional helpful warnings.",
    + ]

      55 |
      56 |         await page.waitForTimeout(500);
    > 57 |         expect(hydrationErrors).toEqual([]);
         |                                 ^
      58 |       });
      59 |     }
      60 |   });
        at /private/tmp/project-repo-audit/clean-install/e2e/project-routes.spec.ts:57:33

    attachment #1: screenshot (image/png) ──────────────────────────────────────────────────────────
    ../../../../var/folders/f0/7ryz8txs2bq0hnjzmzz34wr80000gn/T/website-playwright-test-results/project-routes-project-rou-d13d4-s-hero-and-hydrates-cleanly-Mobile-Safari/test-failed-1.png
    ────────────────────────────────────────────────────────────────────────────────────────────────

    Error Context: ../../../../var/folders/f0/7ryz8txs2bq0hnjzmzz34wr80000gn/T/website-playwright-test-results/project-routes-project-rou-d13d4-s-hero-and-hydrates-cleanly-Mobile-Safari/error-context.md

    Retry #1 ───────────────────────────────────────────────────────────────────────────────────────

    Error: expect(received).toEqual(expected) // deep equality

    - Expected  - 1
    + Received  + 3

    - Array []
    + Array [
    +   "Minified React error #418; visit https://react.dev/errors/418?args[]=text&args[]= for the full message or use the non-minified dev environment for full errors and additional helpful warnings.",
    + ]

      55 |
      56 |         await page.waitForTimeout(500);
    > 57 |         expect(hydrationErrors).toEqual([]);
         |                                 ^
      58 |       });
      59 |     }
      60 |   });
        at /private/tmp/project-repo-audit/clean-install/e2e/project-routes.spec.ts:57:33

    attachment #1: screenshot (image/png) ──────────────────────────────────────────────────────────
    ../../../../var/folders/f0/7ryz8txs2bq0hnjzmzz34wr80000gn/T/website-playwright-test-results/project-routes-project-rou-d13d4-s-hero-and-hydrates-cleanly-Mobile-Safari-retry1/test-failed-1.png
    ────────────────────────────────────────────────────────────────────────────────────────────────

    Error Context: ../../../../var/folders/f0/7ryz8txs2bq0hnjzmzz34wr80000gn/T/website-playwright-test-results/project-routes-project-rou-d13d4-s-hero-and-hydrates-cleanly-Mobile-Safari-retry1/error-context.md

    attachment #3: trace (application/zip) ─────────────────────────────────────────────────────────
    ../../../../var/folders/f0/7ryz8txs2bq0hnjzmzz34wr80000gn/T/website-playwright-test-results/project-routes-project-rou-d13d4-s-hero-and-hydrates-cleanly-Mobile-Safari-retry1/trace.zip
    Usage:

        npx playwright show-trace ../../../../var/folders/f0/7ryz8txs2bq0hnjzmzz34wr80000gn/T/website-playwright-test-results/project-routes-project-rou-d13d4-s-hero-and-hydrates-cleanly-Mobile-Safari-retry1/trace.zip

    ────────────────────────────────────────────────────────────────────────────────────────────────


(node:53708) Warning: The 'NO_COLOR' env is ignored due to the 'FORCE_COLOR' env being set.
(Use `node --trace-warnings ...` to show where the warning was created)


[1363/1400] [Mobile Safari] › e2e/project-routes.spec.ts:41:11 › project routes in Asia/Tokyo › /premier-league renders its hero and hydrates cleanly
  48) [Mobile Safari] › e2e/project-routes.spec.ts:41:11 › project routes in Asia/Tokyo › /mba-internship-notifications renders its hero and hydrates cleanly 

    Error: expect(received).toEqual(expected) // deep equality

    - Expected  - 1
    + Received  + 3

    - Array []
    + Array [
    +   "Minified React error #418; visit https://react.dev/errors/418?args[]=text&args[]= for the full message or use the non-minified dev environment for full errors and additional helpful warnings.",
    + ]

      55 |
      56 |         await page.waitForTimeout(500);
    > 57 |         expect(hydrationErrors).toEqual([]);
         |                                 ^
      58 |       });
      59 |     }
      60 |   });
        at /private/tmp/project-repo-audit/clean-install/e2e/project-routes.spec.ts:57:33

    attachment #1: screenshot (image/png) ──────────────────────────────────────────────────────────
    ../../../../var/folders/f0/7ryz8txs2bq0hnjzmzz34wr80000gn/T/website-playwright-test-results/project-routes-project-rou-891e9-s-hero-and-hydrates-cleanly-Mobile-Safari/test-failed-1.png
    ────────────────────────────────────────────────────────────────────────────────────────────────

    Error Context: ../../../../var/folders/f0/7ryz8txs2bq0hnjzmzz34wr80000gn/T/website-playwright-test-results/project-routes-project-rou-891e9-s-hero-and-hydrates-cleanly-Mobile-Safari/error-context.md

    Retry #1 ───────────────────────────────────────────────────────────────────────────────────────

    Error: expect(received).toEqual(expected) // deep equality

    - Expected  - 1
    + Received  + 3

    - Array []
    + Array [
    +   "Minified React error #418; visit https://react.dev/errors/418?args[]=text&args[]= for the full message or use the non-minified dev environment for full errors and additional helpful warnings.",
    + ]

      55 |
      56 |         await page.waitForTimeout(500);
    > 57 |         expect(hydrationErrors).toEqual([]);
         |                                 ^
      58 |       });
      59 |     }
      60 |   });
        at /private/tmp/project-repo-audit/clean-install/e2e/project-routes.spec.ts:57:33

    attachment #1: screenshot (image/png) ──────────────────────────────────────────────────────────
    ../../../../var/folders/f0/7ryz8txs2bq0hnjzmzz34wr80000gn/T/website-playwright-test-results/project-routes-project-rou-891e9-s-hero-and-hydrates-cleanly-Mobile-Safari-retry1/test-failed-1.png
    ────────────────────────────────────────────────────────────────────────────────────────────────

    Error Context: ../../../../var/folders/f0/7ryz8txs2bq0hnjzmzz34wr80000gn/T/website-playwright-test-results/project-routes-project-rou-891e9-s-hero-and-hydrates-cleanly-Mobile-Safari-retry1/error-context.md

    attachment #3: trace (application/zip) ─────────────────────────────────────────────────────────
    ../../../../var/folders/f0/7ryz8txs2bq0hnjzmzz34wr80000gn/T/website-playwright-test-results/project-routes-project-rou-891e9-s-hero-and-hydrates-cleanly-Mobile-Safari-retry1/trace.zip
    Usage:

        npx playwright show-trace ../../../../var/folders/f0/7ryz8txs2bq0hnjzmzz34wr80000gn/T/website-playwright-test-results/project-routes-project-rou-891e9-s-hero-and-hydrates-cleanly-Mobile-Safari-retry1/trace.zip

    ────────────────────────────────────────────────────────────────────────────────────────────────


  49) [Mobile Safari] › e2e/project-routes.spec.ts:41:11 › project routes in Asia/Tokyo › /spacex-mission-control renders its hero and hydrates cleanly 

    Error: expect(received).toEqual(expected) // deep equality

    - Expected  - 1
    + Received  + 3

    - Array []
    + Array [
    +   "Minified React error #418; visit https://react.dev/errors/418?args[]=text&args[]= for the full message or use the non-minified dev environment for full errors and additional helpful warnings.",
    + ]

      55 |
      56 |         await page.waitForTimeout(500);
    > 57 |         expect(hydrationErrors).toEqual([]);
         |                                 ^
      58 |       });
      59 |     }
      60 |   });
        at /private/tmp/project-repo-audit/clean-install/e2e/project-routes.spec.ts:57:33

    attachment #1: screenshot (image/png) ──────────────────────────────────────────────────────────
    ../../../../var/folders/f0/7ryz8txs2bq0hnjzmzz34wr80000gn/T/website-playwright-test-results/project-routes-project-rou-fe068-s-hero-and-hydrates-cleanly-Mobile-Safari/test-failed-1.png
    ────────────────────────────────────────────────────────────────────────────────────────────────

    Error Context: ../../../../var/folders/f0/7ryz8txs2bq0hnjzmzz34wr80000gn/T/website-playwright-test-results/project-routes-project-rou-fe068-s-hero-and-hydrates-cleanly-Mobile-Safari/error-context.md

    Retry #1 ───────────────────────────────────────────────────────────────────────────────────────

    Error: expect(received).toEqual(expected) // deep equality

    - Expected  - 1
    + Received  + 3

    - Array []
    + Array [
    +   "Minified React error #418; visit https://react.dev/errors/418?args[]=text&args[]= for the full message or use the non-minified dev environment for full errors and additional helpful warnings.",
    + ]

      55 |
      56 |         await page.waitForTimeout(500);
    > 57 |         expect(hydrationErrors).toEqual([]);
         |                                 ^
      58 |       });
      59 |     }
      60 |   });
        at /private/tmp/project-repo-audit/clean-install/e2e/project-routes.spec.ts:57:33

    attachment #1: screenshot (image/png) ──────────────────────────────────────────────────────────
    ../../../../var/folders/f0/7ryz8txs2bq0hnjzmzz34wr80000gn/T/website-playwright-test-results/project-routes-project-rou-fe068-s-hero-and-hydrates-cleanly-Mobile-Safari-retry1/test-failed-1.png
    ────────────────────────────────────────────────────────────────────────────────────────────────

    Error Context: ../../../../var/folders/f0/7ryz8txs2bq0hnjzmzz34wr80000gn/T/website-playwright-test-results/project-routes-project-rou-fe068-s-hero-and-hydrates-cleanly-Mobile-Safari-retry1/error-context.md

    attachment #3: trace (application/zip) ─────────────────────────────────────────────────────────
    ../../../../var/folders/f0/7ryz8txs2bq0hnjzmzz34wr80000gn/T/website-playwright-test-results/project-routes-project-rou-fe068-s-hero-and-hydrates-cleanly-Mobile-Safari-retry1/trace.zip
    Usage:

        npx playwright show-trace ../../../../var/folders/f0/7ryz8txs2bq0hnjzmzz34wr80000gn/T/website-playwright-test-results/project-routes-project-rou-fe068-s-hero-and-hydrates-cleanly-Mobile-Safari-retry1/trace.zip

    ────────────────────────────────────────────────────────────────────────────────────────────────


(node:53720) Warning: The 'NO_COLOR' env is ignored due to the 'FORCE_COLOR' env being set.
(Use `node --trace-warnings ...` to show where the warning was created)


[1364/1400] [Mobile Safari] › e2e/project-routes.spec.ts:41:11 › project routes in Asia/Tokyo › /frontier-models renders its hero and hydrates cleanly
(node:53721) Warning: The 'NO_COLOR' env is ignored due to the 'FORCE_COLOR' env being set.
(Use `node --trace-warnings ...` to show where the warning was created)


[1365/1400] [Mobile Safari] › e2e/project-routes.spec.ts:41:11 › project routes in Asia/Tokyo › /ai-dev-tools renders its hero and hydrates cleanly
(node:53784) Warning: The 'NO_COLOR' env is ignored due to the 'FORCE_COLOR' env being set.
(Use `node --trace-warnings ...` to show where the warning was created)


[1366/1400] (retries) [Mobile Safari] › e2e/project-routes.spec.ts:41:11 › project routes in Asia/Tokyo › /premier-league renders its hero and hydrates cleanly (retry #1)
[1367/1400] [Mobile Safari] › e2e/project-routes.spec.ts:41:11 › project routes in Asia/Tokyo › /github-trending-pulse renders its hero and hydrates cleanly
[1368/1400] [Mobile Safari] › e2e/project-routes.spec.ts:41:11 › project routes in Asia/Tokyo › /tech-startup-tracker renders its hero and hydrates cleanly
[1369/1400] [Mobile Safari] › e2e/project-routes.spec.ts:41:11 › project routes in Asia/Tokyo › /formula-1 renders its hero and hydrates cleanly
  50) [Mobile Safari] › e2e/project-routes.spec.ts:41:11 › project routes in Asia/Tokyo › /premier-league renders its hero and hydrates cleanly 

    Error: expect(received).toEqual(expected) // deep equality

    - Expected  - 1
    + Received  + 3

    - Array []
    + Array [
    +   "Minified React error #418; visit https://react.dev/errors/418?args[]=text&args[]= for the full message or use the non-minified dev environment for full errors and additional helpful warnings.",
    + ]

      55 |
      56 |         await page.waitForTimeout(500);
    > 57 |         expect(hydrationErrors).toEqual([]);
         |                                 ^
      58 |       });
      59 |     }
      60 |   });
        at /private/tmp/project-repo-audit/clean-install/e2e/project-routes.spec.ts:57:33

    attachment #1: screenshot (image/png) ──────────────────────────────────────────────────────────
    ../../../../var/folders/f0/7ryz8txs2bq0hnjzmzz34wr80000gn/T/website-playwright-test-results/project-routes-project-rou-f8b39-s-hero-and-hydrates-cleanly-Mobile-Safari/test-failed-1.png
    ────────────────────────────────────────────────────────────────────────────────────────────────

    Error Context: ../../../../var/folders/f0/7ryz8txs2bq0hnjzmzz34wr80000gn/T/website-playwright-test-results/project-routes-project-rou-f8b39-s-hero-and-hydrates-cleanly-Mobile-Safari/error-context.md

    Retry #1 ───────────────────────────────────────────────────────────────────────────────────────

    Error: expect(received).toEqual(expected) // deep equality

    - Expected  - 1
    + Received  + 3

    - Array []
    + Array [
    +   "Minified React error #418; visit https://react.dev/errors/418?args[]=text&args[]= for the full message or use the non-minified dev environment for full errors and additional helpful warnings.",
    + ]

      55 |
      56 |         await page.waitForTimeout(500);
    > 57 |         expect(hydrationErrors).toEqual([]);
         |                                 ^
      58 |       });
      59 |     }
      60 |   });
        at /private/tmp/project-repo-audit/clean-install/e2e/project-routes.spec.ts:57:33

    attachment #1: screenshot (image/png) ──────────────────────────────────────────────────────────
    ../../../../var/folders/f0/7ryz8txs2bq0hnjzmzz34wr80000gn/T/website-playwright-test-results/project-routes-project-rou-f8b39-s-hero-and-hydrates-cleanly-Mobile-Safari-retry1/test-failed-1.png
    ────────────────────────────────────────────────────────────────────────────────────────────────

    Error Context: ../../../../var/folders/f0/7ryz8txs2bq0hnjzmzz34wr80000gn/T/website-playwright-test-results/project-routes-project-rou-f8b39-s-hero-and-hydrates-cleanly-Mobile-Safari-retry1/error-context.md

    attachment #3: trace (application/zip) ─────────────────────────────────────────────────────────
    ../../../../var/folders/f0/7ryz8txs2bq0hnjzmzz34wr80000gn/T/website-playwright-test-results/project-routes-project-rou-f8b39-s-hero-and-hydrates-cleanly-Mobile-Safari-retry1/trace.zip
    Usage:

        npx playwright show-trace ../../../../var/folders/f0/7ryz8txs2bq0hnjzmzz34wr80000gn/T/website-playwright-test-results/project-routes-project-rou-f8b39-s-hero-and-hydrates-cleanly-Mobile-Safari-retry1/trace.zip

    ────────────────────────────────────────────────────────────────────────────────────────────────


(node:53955) Warning: The 'NO_COLOR' env is ignored due to the 'FORCE_COLOR' env being set.
(Use `node --trace-warnings ...` to show where the warning was created)


[1370/1400] [Mobile Safari] › e2e/project-routes.spec.ts:41:11 › project routes in Asia/Tokyo › /fantasy-formula-1 renders its hero and hydrates cleanly
(node:53956) Warning: The 'NO_COLOR' env is ignored due to the 'FORCE_COLOR' env being set.
(Use `node --trace-warnings ...` to show where the warning was created)


[1371/1400] (retries) [Mobile Safari] › e2e/project-routes.spec.ts:41:11 › project routes in Asia/Tokyo › /github-trending-pulse renders its hero and hydrates cleanly (retry #1)
(node:53977) Warning: The 'NO_COLOR' env is ignored due to the 'FORCE_COLOR' env being set.
(Use `node --trace-warnings ...` to show where the warning was created)


[1372/1400] (retries) [Mobile Safari] › e2e/project-routes.spec.ts:41:11 › project routes in Asia/Tokyo › /formula-1 renders its hero and hydrates cleanly (retry #1)
(node:53993) Warning: The 'NO_COLOR' env is ignored due to the 'FORCE_COLOR' env being set.
(Use `node --trace-warnings ...` to show where the warning was created)


[1373/1400] (retries) [Mobile Safari] › e2e/project-routes.spec.ts:41:11 › project routes in Asia/Tokyo › /fantasy-formula-1 renders its hero and hydrates cleanly (retry #1)
  51) [Mobile Safari] › e2e/project-routes.spec.ts:41:11 › project routes in Asia/Tokyo › /github-trending-pulse renders its hero and hydrates cleanly 

    Error: expect(received).toEqual(expected) // deep equality

    - Expected  - 1
    + Received  + 3

    - Array []
    + Array [
    +   "Minified React error #418; visit https://react.dev/errors/418?args[]=text&args[]= for the full message or use the non-minified dev environment for full errors and additional helpful warnings.",
    + ]

      55 |
      56 |         await page.waitForTimeout(500);
    > 57 |         expect(hydrationErrors).toEqual([]);
         |                                 ^
      58 |       });
      59 |     }
      60 |   });
        at /private/tmp/project-repo-audit/clean-install/e2e/project-routes.spec.ts:57:33

    attachment #1: screenshot (image/png) ──────────────────────────────────────────────────────────
    ../../../../var/folders/f0/7ryz8txs2bq0hnjzmzz34wr80000gn/T/website-playwright-test-results/project-routes-project-rou-0d918-s-hero-and-hydrates-cleanly-Mobile-Safari/test-failed-1.png
    ────────────────────────────────────────────────────────────────────────────────────────────────

    Error Context: ../../../../var/folders/f0/7ryz8txs2bq0hnjzmzz34wr80000gn/T/website-playwright-test-results/project-routes-project-rou-0d918-s-hero-and-hydrates-cleanly-Mobile-Safari/error-context.md

    Retry #1 ───────────────────────────────────────────────────────────────────────────────────────

    Error: expect(received).toEqual(expected) // deep equality

    - Expected  - 1
    + Received  + 3

    - Array []
    + Array [
    +   "Minified React error #418; visit https://react.dev/errors/418?args[]=text&args[]= for the full message or use the non-minified dev environment for full errors and additional helpful warnings.",
    + ]

      55 |
      56 |         await page.waitForTimeout(500);
    > 57 |         expect(hydrationErrors).toEqual([]);
         |                                 ^
      58 |       });
      59 |     }
      60 |   });
        at /private/tmp/project-repo-audit/clean-install/e2e/project-routes.spec.ts:57:33

    attachment #1: screenshot (image/png) ──────────────────────────────────────────────────────────
    ../../../../var/folders/f0/7ryz8txs2bq0hnjzmzz34wr80000gn/T/website-playwright-test-results/project-routes-project-rou-0d918-s-hero-and-hydrates-cleanly-Mobile-Safari-retry1/test-failed-1.png
    ────────────────────────────────────────────────────────────────────────────────────────────────

    Error Context: ../../../../var/folders/f0/7ryz8txs2bq0hnjzmzz34wr80000gn/T/website-playwright-test-results/project-routes-project-rou-0d918-s-hero-and-hydrates-cleanly-Mobile-Safari-retry1/error-context.md

    attachment #3: trace (application/zip) ─────────────────────────────────────────────────────────
    ../../../../var/folders/f0/7ryz8txs2bq0hnjzmzz34wr80000gn/T/website-playwright-test-results/project-routes-project-rou-0d918-s-hero-and-hydrates-cleanly-Mobile-Safari-retry1/trace.zip
    Usage:

        npx playwright show-trace ../../../../var/folders/f0/7ryz8txs2bq0hnjzmzz34wr80000gn/T/website-playwright-test-results/project-routes-project-rou-0d918-s-hero-and-hydrates-cleanly-Mobile-Safari-retry1/trace.zip

    ────────────────────────────────────────────────────────────────────────────────────────────────


(node:54001) Warning: The 'NO_COLOR' env is ignored due to the 'FORCE_COLOR' env being set.
(Use `node --trace-warnings ...` to show where the warning was created)


[1374/1400] [Mobile Safari] › e2e/project-routes.spec.ts:41:11 › project routes in Asia/Tokyo › /golf renders its hero and hydrates cleanly
  52) [Mobile Safari] › e2e/project-routes.spec.ts:41:11 › project routes in Asia/Tokyo › /formula-1 renders its hero and hydrates cleanly 

    Error: expect(received).toEqual(expected) // deep equality

    - Expected  - 1
    + Received  + 3

    - Array []
    + Array [
    +   "Minified React error #418; visit https://react.dev/errors/418?args[]=text&args[]= for the full message or use the non-minified dev environment for full errors and additional helpful warnings.",
    + ]

      55 |
      56 |         await page.waitForTimeout(500);
    > 57 |         expect(hydrationErrors).toEqual([]);
         |                                 ^
      58 |       });
      59 |     }
      60 |   });
        at /private/tmp/project-repo-audit/clean-install/e2e/project-routes.spec.ts:57:33

    attachment #1: screenshot (image/png) ──────────────────────────────────────────────────────────
    ../../../../var/folders/f0/7ryz8txs2bq0hnjzmzz34wr80000gn/T/website-playwright-test-results/project-routes-project-rou-28eda-s-hero-and-hydrates-cleanly-Mobile-Safari/test-failed-1.png
    ────────────────────────────────────────────────────────────────────────────────────────────────

    Error Context: ../../../../var/folders/f0/7ryz8txs2bq0hnjzmzz34wr80000gn/T/website-playwright-test-results/project-routes-project-rou-28eda-s-hero-and-hydrates-cleanly-Mobile-Safari/error-context.md

    Retry #1 ───────────────────────────────────────────────────────────────────────────────────────

    Error: expect(received).toEqual(expected) // deep equality

    - Expected  - 1
    + Received  + 3

    - Array []
    + Array [
    +   "Minified React error #418; visit https://react.dev/errors/418?args[]=text&args[]= for the full message or use the non-minified dev environment for full errors and additional helpful warnings.",
    + ]

      55 |
      56 |         await page.waitForTimeout(500);
    > 57 |         expect(hydrationErrors).toEqual([]);
         |                                 ^
      58 |       });
      59 |     }
      60 |   });
        at /private/tmp/project-repo-audit/clean-install/e2e/project-routes.spec.ts:57:33

    attachment #1: screenshot (image/png) ──────────────────────────────────────────────────────────
    ../../../../var/folders/f0/7ryz8txs2bq0hnjzmzz34wr80000gn/T/website-playwright-test-results/project-routes-project-rou-28eda-s-hero-and-hydrates-cleanly-Mobile-Safari-retry1/test-failed-1.png
    ────────────────────────────────────────────────────────────────────────────────────────────────

    Error Context: ../../../../var/folders/f0/7ryz8txs2bq0hnjzmzz34wr80000gn/T/website-playwright-test-results/project-routes-project-rou-28eda-s-hero-and-hydrates-cleanly-Mobile-Safari-retry1/error-context.md

    attachment #3: trace (application/zip) ─────────────────────────────────────────────────────────
    ../../../../var/folders/f0/7ryz8txs2bq0hnjzmzz34wr80000gn/T/website-playwright-test-results/project-routes-project-rou-28eda-s-hero-and-hydrates-cleanly-Mobile-Safari-retry1/trace.zip
    Usage:

        npx playwright show-trace ../../../../var/folders/f0/7ryz8txs2bq0hnjzmzz34wr80000gn/T/website-playwright-test-results/project-routes-project-rou-28eda-s-hero-and-hydrates-cleanly-Mobile-Safari-retry1/trace.zip

    ────────────────────────────────────────────────────────────────────────────────────────────────


(node:54016) Warning: The 'NO_COLOR' env is ignored due to the 'FORCE_COLOR' env being set.
(Use `node --trace-warnings ...` to show where the warning was created)


[1375/1400] [Mobile Safari] › e2e/project-routes.spec.ts:41:11 › project routes in Asia/Tokyo › /earthquake-pulse renders its hero and hydrates cleanly
  53) [Mobile Safari] › e2e/project-routes.spec.ts:41:11 › project routes in Asia/Tokyo › /fantasy-formula-1 renders its hero and hydrates cleanly 

    Error: expect(received).toEqual(expected) // deep equality

    - Expected  - 1
    + Received  + 3

    - Array []
    + Array [
    +   "Minified React error #418; visit https://react.dev/errors/418?args[]=text&args[]= for the full message or use the non-minified dev environment for full errors and additional helpful warnings.",
    + ]

      55 |
      56 |         await page.waitForTimeout(500);
    > 57 |         expect(hydrationErrors).toEqual([]);
         |                                 ^
      58 |       });
      59 |     }
      60 |   });
        at /private/tmp/project-repo-audit/clean-install/e2e/project-routes.spec.ts:57:33

    attachment #1: screenshot (image/png) ──────────────────────────────────────────────────────────
    ../../../../var/folders/f0/7ryz8txs2bq0hnjzmzz34wr80000gn/T/website-playwright-test-results/project-routes-project-rou-73fee-s-hero-and-hydrates-cleanly-Mobile-Safari/test-failed-1.png
    ────────────────────────────────────────────────────────────────────────────────────────────────

    Error Context: ../../../../var/folders/f0/7ryz8txs2bq0hnjzmzz34wr80000gn/T/website-playwright-test-results/project-routes-project-rou-73fee-s-hero-and-hydrates-cleanly-Mobile-Safari/error-context.md

    Retry #1 ───────────────────────────────────────────────────────────────────────────────────────

    Error: expect(received).toEqual(expected) // deep equality

    - Expected  - 1
    + Received  + 3

    - Array []
    + Array [
    +   "Minified React error #418; visit https://react.dev/errors/418?args[]=text&args[]= for the full message or use the non-minified dev environment for full errors and additional helpful warnings.",
    + ]

      55 |
      56 |         await page.waitForTimeout(500);
    > 57 |         expect(hydrationErrors).toEqual([]);
         |                                 ^
      58 |       });
      59 |     }
      60 |   });
        at /private/tmp/project-repo-audit/clean-install/e2e/project-routes.spec.ts:57:33

    attachment #1: screenshot (image/png) ──────────────────────────────────────────────────────────
    ../../../../var/folders/f0/7ryz8txs2bq0hnjzmzz34wr80000gn/T/website-playwright-test-results/project-routes-project-rou-73fee-s-hero-and-hydrates-cleanly-Mobile-Safari-retry1/test-failed-1.png
    ────────────────────────────────────────────────────────────────────────────────────────────────

    Error Context: ../../../../var/folders/f0/7ryz8txs2bq0hnjzmzz34wr80000gn/T/website-playwright-test-results/project-routes-project-rou-73fee-s-hero-and-hydrates-cleanly-Mobile-Safari-retry1/error-context.md

    attachment #3: trace (application/zip) ─────────────────────────────────────────────────────────
    ../../../../var/folders/f0/7ryz8txs2bq0hnjzmzz34wr80000gn/T/website-playwright-test-results/project-routes-project-rou-73fee-s-hero-and-hydrates-cleanly-Mobile-Safari-retry1/trace.zip
    Usage:

        npx playwright show-trace ../../../../var/folders/f0/7ryz8txs2bq0hnjzmzz34wr80000gn/T/website-playwright-test-results/project-routes-project-rou-73fee-s-hero-and-hydrates-cleanly-Mobile-Safari-retry1/trace.zip

    ────────────────────────────────────────────────────────────────────────────────────────────────


(node:54207) Warning: The 'NO_COLOR' env is ignored due to the 'FORCE_COLOR' env being set.
(Use `node --trace-warnings ...` to show where the warning was created)


[1376/1400] [Mobile Safari] › e2e/project-routes.spec.ts:41:11 › project routes in Asia/Tokyo › /world-cup-2026 renders its hero and hydrates cleanly
(node:54218) Warning: The 'NO_COLOR' env is ignored due to the 'FORCE_COLOR' env being set.
(Use `node --trace-warnings ...` to show where the warning was created)


[1377/1400] (retries) [Mobile Safari] › e2e/project-routes.spec.ts:41:11 › project routes in Asia/Tokyo › /earthquake-pulse renders its hero and hydrates cleanly (retry #1)
(node:54219) Warning: The 'NO_COLOR' env is ignored due to the 'FORCE_COLOR' env being set.
(Use `node --trace-warnings ...` to show where the warning was created)


[1378/1400] (retries) [Mobile Safari] › e2e/project-routes.spec.ts:41:11 › project routes in Asia/Tokyo › /golf renders its hero and hydrates cleanly (retry #1)
[1379/1400] [Mobile Safari] › e2e/project-routes.spec.ts:41:11 › project routes in Asia/Tokyo › /bay-area-transit renders its hero and hydrates cleanly
  54) [Mobile Safari] › e2e/project-routes.spec.ts:41:11 › project routes in Asia/Tokyo › /earthquake-pulse renders its hero and hydrates cleanly 

    Error: expect(received).toEqual(expected) // deep equality

    - Expected  - 1
    + Received  + 3

    - Array []
    + Array [
    +   "Minified React error #418; visit https://react.dev/errors/418?args[]=text&args[]= for the full message or use the non-minified dev environment for full errors and additional helpful warnings.",
    + ]

      55 |
      56 |         await page.waitForTimeout(500);
    > 57 |         expect(hydrationErrors).toEqual([]);
         |                                 ^
      58 |       });
      59 |     }
      60 |   });
        at /private/tmp/project-repo-audit/clean-install/e2e/project-routes.spec.ts:57:33

    attachment #1: screenshot (image/png) ──────────────────────────────────────────────────────────
    ../../../../var/folders/f0/7ryz8txs2bq0hnjzmzz34wr80000gn/T/website-playwright-test-results/project-routes-project-rou-93b8b-s-hero-and-hydrates-cleanly-Mobile-Safari/test-failed-1.png
    ────────────────────────────────────────────────────────────────────────────────────────────────

    Error Context: ../../../../var/folders/f0/7ryz8txs2bq0hnjzmzz34wr80000gn/T/website-playwright-test-results/project-routes-project-rou-93b8b-s-hero-and-hydrates-cleanly-Mobile-Safari/error-context.md

    Retry #1 ───────────────────────────────────────────────────────────────────────────────────────

    Error: expect(received).toEqual(expected) // deep equality

    - Expected  - 1
    + Received  + 3

    - Array []
    + Array [
    +   "Minified React error #418; visit https://react.dev/errors/418?args[]=text&args[]= for the full message or use the non-minified dev environment for full errors and additional helpful warnings.",
    + ]

      55 |
      56 |         await page.waitForTimeout(500);
    > 57 |         expect(hydrationErrors).toEqual([]);
         |                                 ^
      58 |       });
      59 |     }
      60 |   });
        at /private/tmp/project-repo-audit/clean-install/e2e/project-routes.spec.ts:57:33

    attachment #1: screenshot (image/png) ──────────────────────────────────────────────────────────
    ../../../../var/folders/f0/7ryz8txs2bq0hnjzmzz34wr80000gn/T/website-playwright-test-results/project-routes-project-rou-93b8b-s-hero-and-hydrates-cleanly-Mobile-Safari-retry1/test-failed-1.png
    ────────────────────────────────────────────────────────────────────────────────────────────────

    Error Context: ../../../../var/folders/f0/7ryz8txs2bq0hnjzmzz34wr80000gn/T/website-playwright-test-results/project-routes-project-rou-93b8b-s-hero-and-hydrates-cleanly-Mobile-Safari-retry1/error-context.md

    attachment #3: trace (application/zip) ─────────────────────────────────────────────────────────
    ../../../../var/folders/f0/7ryz8txs2bq0hnjzmzz34wr80000gn/T/website-playwright-test-results/project-routes-project-rou-93b8b-s-hero-and-hydrates-cleanly-Mobile-Safari-retry1/trace.zip
    Usage:

        npx playwright show-trace ../../../../var/folders/f0/7ryz8txs2bq0hnjzmzz34wr80000gn/T/website-playwright-test-results/project-routes-project-rou-93b8b-s-hero-and-hydrates-cleanly-Mobile-Safari-retry1/trace.zip

    ────────────────────────────────────────────────────────────────────────────────────────────────


(node:54248) Warning: The 'NO_COLOR' env is ignored due to the 'FORCE_COLOR' env being set.
(Use `node --trace-warnings ...` to show where the warning was created)


[1380/1400] [Mobile Safari] › e2e/project-routes.spec.ts:41:11 › project routes in Asia/Tokyo › /mlb renders its hero and hydrates cleanly
  55) [Mobile Safari] › e2e/project-routes.spec.ts:41:11 › project routes in Asia/Tokyo › /golf renders its hero and hydrates cleanly 

    Error: expect(received).toEqual(expected) // deep equality

    - Expected  - 1
    + Received  + 3

    - Array []
    + Array [
    +   "Minified React error #418; visit https://react.dev/errors/418?args[]=text&args[]= for the full message or use the non-minified dev environment for full errors and additional helpful warnings.",
    + ]

      55 |
      56 |         await page.waitForTimeout(500);
    > 57 |         expect(hydrationErrors).toEqual([]);
         |                                 ^
      58 |       });
      59 |     }
      60 |   });
        at /private/tmp/project-repo-audit/clean-install/e2e/project-routes.spec.ts:57:33

    attachment #1: screenshot (image/png) ──────────────────────────────────────────────────────────
    ../../../../var/folders/f0/7ryz8txs2bq0hnjzmzz34wr80000gn/T/website-playwright-test-results/project-routes-project-rou-12c30-s-hero-and-hydrates-cleanly-Mobile-Safari/test-failed-1.png
    ────────────────────────────────────────────────────────────────────────────────────────────────

    Error Context: ../../../../var/folders/f0/7ryz8txs2bq0hnjzmzz34wr80000gn/T/website-playwright-test-results/project-routes-project-rou-12c30-s-hero-and-hydrates-cleanly-Mobile-Safari/error-context.md

    Retry #1 ───────────────────────────────────────────────────────────────────────────────────────

    Error: expect(received).toEqual(expected) // deep equality

    - Expected  - 1
    + Received  + 3

    - Array []
    + Array [
    +   "Minified React error #418; visit https://react.dev/errors/418?args[]=text&args[]= for the full message or use the non-minified dev environment for full errors and additional helpful warnings.",
    + ]

      55 |
      56 |         await page.waitForTimeout(500);
    > 57 |         expect(hydrationErrors).toEqual([]);
         |                                 ^
      58 |       });
      59 |     }
      60 |   });
        at /private/tmp/project-repo-audit/clean-install/e2e/project-routes.spec.ts:57:33

    attachment #1: screenshot (image/png) ──────────────────────────────────────────────────────────
    ../../../../var/folders/f0/7ryz8txs2bq0hnjzmzz34wr80000gn/T/website-playwright-test-results/project-routes-project-rou-12c30-s-hero-and-hydrates-cleanly-Mobile-Safari-retry1/test-failed-1.png
    ────────────────────────────────────────────────────────────────────────────────────────────────

    Error Context: ../../../../var/folders/f0/7ryz8txs2bq0hnjzmzz34wr80000gn/T/website-playwright-test-results/project-routes-project-rou-12c30-s-hero-and-hydrates-cleanly-Mobile-Safari-retry1/error-context.md

    attachment #3: trace (application/zip) ─────────────────────────────────────────────────────────
    ../../../../var/folders/f0/7ryz8txs2bq0hnjzmzz34wr80000gn/T/website-playwright-test-results/project-routes-project-rou-12c30-s-hero-and-hydrates-cleanly-Mobile-Safari-retry1/trace.zip
    Usage:

        npx playwright show-trace ../../../../var/folders/f0/7ryz8txs2bq0hnjzmzz34wr80000gn/T/website-playwright-test-results/project-routes-project-rou-12c30-s-hero-and-hydrates-cleanly-Mobile-Safari-retry1/trace.zip

    ────────────────────────────────────────────────────────────────────────────────────────────────


(node:54259) Warning: The 'NO_COLOR' env is ignored due to the 'FORCE_COLOR' env being set.
(Use `node --trace-warnings ...` to show where the warning was created)


[1381/1400] (retries) [Mobile Safari] › e2e/project-routes.spec.ts:41:11 › project routes in Asia/Tokyo › /bay-area-transit renders its hero and hydrates cleanly (retry #1)
(node:54261) Warning: The 'NO_COLOR' env is ignored due to the 'FORCE_COLOR' env being set.
(Use `node --trace-warnings ...` to show where the warning was created)


[1382/1400] [Mobile Safari] › e2e/project-routes.spec.ts:41:11 › project routes in Asia/Tokyo › /nba renders its hero and hydrates cleanly
(node:54286) Warning: The 'NO_COLOR' env is ignored due to the 'FORCE_COLOR' env being set.
(Use `node --trace-warnings ...` to show where the warning was created)


[1383/1400] (retries) [Mobile Safari] › e2e/project-routes.spec.ts:41:11 › project routes in Asia/Tokyo › /mlb renders its hero and hydrates cleanly (retry #1)
[1384/1400] [Mobile Safari] › e2e/project-routes.spec.ts:41:11 › project routes in Asia/Tokyo › /nfl renders its hero and hydrates cleanly
  56) [Mobile Safari] › e2e/project-routes.spec.ts:41:11 › project routes in Asia/Tokyo › /bay-area-transit renders its hero and hydrates cleanly 

    Error: expect(received).toEqual(expected) // deep equality

    - Expected  - 1
    + Received  + 3

    - Array []
    + Array [
    +   "Minified React error #418; visit https://react.dev/errors/418?args[]=text&args[]= for the full message or use the non-minified dev environment for full errors and additional helpful warnings.",
    + ]

      55 |
      56 |         await page.waitForTimeout(500);
    > 57 |         expect(hydrationErrors).toEqual([]);
         |                                 ^
      58 |       });
      59 |     }
      60 |   });
        at /private/tmp/project-repo-audit/clean-install/e2e/project-routes.spec.ts:57:33

    attachment #1: screenshot (image/png) ──────────────────────────────────────────────────────────
    ../../../../var/folders/f0/7ryz8txs2bq0hnjzmzz34wr80000gn/T/website-playwright-test-results/project-routes-project-rou-ae6c9-s-hero-and-hydrates-cleanly-Mobile-Safari/test-failed-1.png
    ────────────────────────────────────────────────────────────────────────────────────────────────

    Error Context: ../../../../var/folders/f0/7ryz8txs2bq0hnjzmzz34wr80000gn/T/website-playwright-test-results/project-routes-project-rou-ae6c9-s-hero-and-hydrates-cleanly-Mobile-Safari/error-context.md

    Retry #1 ───────────────────────────────────────────────────────────────────────────────────────

    Error: expect(received).toEqual(expected) // deep equality

    - Expected  - 1
    + Received  + 3

    - Array []
    + Array [
    +   "Minified React error #418; visit https://react.dev/errors/418?args[]=text&args[]= for the full message or use the non-minified dev environment for full errors and additional helpful warnings.",
    + ]

      55 |
      56 |         await page.waitForTimeout(500);
    > 57 |         expect(hydrationErrors).toEqual([]);
         |                                 ^
      58 |       });
      59 |     }
      60 |   });
        at /private/tmp/project-repo-audit/clean-install/e2e/project-routes.spec.ts:57:33

    attachment #1: screenshot (image/png) ──────────────────────────────────────────────────────────
    ../../../../var/folders/f0/7ryz8txs2bq0hnjzmzz34wr80000gn/T/website-playwright-test-results/project-routes-project-rou-ae6c9-s-hero-and-hydrates-cleanly-Mobile-Safari-retry1/test-failed-1.png
    ────────────────────────────────────────────────────────────────────────────────────────────────

    Error Context: ../../../../var/folders/f0/7ryz8txs2bq0hnjzmzz34wr80000gn/T/website-playwright-test-results/project-routes-project-rou-ae6c9-s-hero-and-hydrates-cleanly-Mobile-Safari-retry1/error-context.md

    attachment #3: trace (application/zip) ─────────────────────────────────────────────────────────
    ../../../../var/folders/f0/7ryz8txs2bq0hnjzmzz34wr80000gn/T/website-playwright-test-results/project-routes-project-rou-ae6c9-s-hero-and-hydrates-cleanly-Mobile-Safari-retry1/trace.zip
    Usage:

        npx playwright show-trace ../../../../var/folders/f0/7ryz8txs2bq0hnjzmzz34wr80000gn/T/website-playwright-test-results/project-routes-project-rou-ae6c9-s-hero-and-hydrates-cleanly-Mobile-Safari-retry1/trace.zip

    ────────────────────────────────────────────────────────────────────────────────────────────────


(node:54299) Warning: The 'NO_COLOR' env is ignored due to the 'FORCE_COLOR' env being set.
(Use `node --trace-warnings ...` to show where the warning was created)


[1385/1400] [Mobile Safari] › e2e/project-routes.spec.ts:41:11 › project routes in Asia/Tokyo › /polling-aggregator renders its hero and hydrates cleanly
(node:54312) Warning: The 'NO_COLOR' env is ignored due to the 'FORCE_COLOR' env being set.
(Use `node --trace-warnings ...` to show where the warning was created)


[1386/1400] (retries) [Mobile Safari] › e2e/project-routes.spec.ts:41:11 › project routes in Asia/Tokyo › /nfl renders its hero and hydrates cleanly (retry #1)
  57) [Mobile Safari] › e2e/project-routes.spec.ts:41:11 › project routes in Asia/Tokyo › /mlb renders its hero and hydrates cleanly 

    Error: expect(received).toEqual(expected) // deep equality

    - Expected  - 1
    + Received  + 3

    - Array []
    + Array [
    +   "Minified React error #418; visit https://react.dev/errors/418?args[]=text&args[]= for the full message or use the non-minified dev environment for full errors and additional helpful warnings.",
    + ]

      55 |
      56 |         await page.waitForTimeout(500);
    > 57 |         expect(hydrationErrors).toEqual([]);
         |                                 ^
      58 |       });
      59 |     }
      60 |   });
        at /private/tmp/project-repo-audit/clean-install/e2e/project-routes.spec.ts:57:33

    attachment #1: screenshot (image/png) ──────────────────────────────────────────────────────────
    ../../../../var/folders/f0/7ryz8txs2bq0hnjzmzz34wr80000gn/T/website-playwright-test-results/project-routes-project-rou-9026d-s-hero-and-hydrates-cleanly-Mobile-Safari/test-failed-1.png
    ────────────────────────────────────────────────────────────────────────────────────────────────

    Error Context: ../../../../var/folders/f0/7ryz8txs2bq0hnjzmzz34wr80000gn/T/website-playwright-test-results/project-routes-project-rou-9026d-s-hero-and-hydrates-cleanly-Mobile-Safari/error-context.md

    Retry #1 ───────────────────────────────────────────────────────────────────────────────────────

    Error: expect(received).toEqual(expected) // deep equality

    - Expected  - 1
    + Received  + 3

    - Array []
    + Array [
    +   "Minified React error #418; visit https://react.dev/errors/418?args[]=text&args[]= for the full message or use the non-minified dev environment for full errors and additional helpful warnings.",
    + ]

      55 |
      56 |         await page.waitForTimeout(500);
    > 57 |         expect(hydrationErrors).toEqual([]);
         |                                 ^
      58 |       });
      59 |     }
      60 |   });
        at /private/tmp/project-repo-audit/clean-install/e2e/project-routes.spec.ts:57:33

    attachment #1: screenshot (image/png) ──────────────────────────────────────────────────────────
    ../../../../var/folders/f0/7ryz8txs2bq0hnjzmzz34wr80000gn/T/website-playwright-test-results/project-routes-project-rou-9026d-s-hero-and-hydrates-cleanly-Mobile-Safari-retry1/test-failed-1.png
    ────────────────────────────────────────────────────────────────────────────────────────────────

    Error Context: ../../../../var/folders/f0/7ryz8txs2bq0hnjzmzz34wr80000gn/T/website-playwright-test-results/project-routes-project-rou-9026d-s-hero-and-hydrates-cleanly-Mobile-Safari-retry1/error-context.md

    attachment #3: trace (application/zip) ─────────────────────────────────────────────────────────
    ../../../../var/folders/f0/7ryz8txs2bq0hnjzmzz34wr80000gn/T/website-playwright-test-results/project-routes-project-rou-9026d-s-hero-and-hydrates-cleanly-Mobile-Safari-retry1/trace.zip
    Usage:

        npx playwright show-trace ../../../../var/folders/f0/7ryz8txs2bq0hnjzmzz34wr80000gn/T/website-playwright-test-results/project-routes-project-rou-9026d-s-hero-and-hydrates-cleanly-Mobile-Safari-retry1/trace.zip

    ────────────────────────────────────────────────────────────────────────────────────────────────


[1387/1400] [Mobile Safari] › e2e/project-routes.spec.ts:41:11 › project routes in Asia/Tokyo › /wine-cellar renders its hero and hydrates cleanly
(node:54323) Warning: The 'NO_COLOR' env is ignored due to the 'FORCE_COLOR' env being set.
(Use `node --trace-warnings ...` to show where the warning was created)


[1388/1400] [Mobile Safari] › e2e/project-routes.spec.ts:41:11 › project routes in Asia/Tokyo › /museum-log renders its hero and hydrates cleanly
[1389/1400] [Mobile Safari] › e2e/project-routes.spec.ts:41:11 › project routes in Asia/Tokyo › /recipe-finder renders its hero and hydrates cleanly
  58) [Mobile Safari] › e2e/project-routes.spec.ts:41:11 › project routes in Asia/Tokyo › /nfl renders its hero and hydrates cleanly 

    Error: expect(received).toEqual(expected) // deep equality

    - Expected  - 1
    + Received  + 3

    - Array []
    + Array [
    +   "Minified React error #418; visit https://react.dev/errors/418?args[]=text&args[]= for the full message or use the non-minified dev environment for full errors and additional helpful warnings.",
    + ]

      55 |
      56 |         await page.waitForTimeout(500);
    > 57 |         expect(hydrationErrors).toEqual([]);
         |                                 ^
      58 |       });
      59 |     }
      60 |   });
        at /private/tmp/project-repo-audit/clean-install/e2e/project-routes.spec.ts:57:33

    attachment #1: screenshot (image/png) ──────────────────────────────────────────────────────────
    ../../../../var/folders/f0/7ryz8txs2bq0hnjzmzz34wr80000gn/T/website-playwright-test-results/project-routes-project-rou-5ff8e-s-hero-and-hydrates-cleanly-Mobile-Safari/test-failed-1.png
    ────────────────────────────────────────────────────────────────────────────────────────────────

    Error Context: ../../../../var/folders/f0/7ryz8txs2bq0hnjzmzz34wr80000gn/T/website-playwright-test-results/project-routes-project-rou-5ff8e-s-hero-and-hydrates-cleanly-Mobile-Safari/error-context.md

    Retry #1 ───────────────────────────────────────────────────────────────────────────────────────

    Error: expect(received).toEqual(expected) // deep equality

    - Expected  - 1
    + Received  + 3

    - Array []
    + Array [
    +   "Minified React error #418; visit https://react.dev/errors/418?args[]=text&args[]= for the full message or use the non-minified dev environment for full errors and additional helpful warnings.",
    + ]

      55 |
      56 |         await page.waitForTimeout(500);
    > 57 |         expect(hydrationErrors).toEqual([]);
         |                                 ^
      58 |       });
      59 |     }
      60 |   });
        at /private/tmp/project-repo-audit/clean-install/e2e/project-routes.spec.ts:57:33

    attachment #1: screenshot (image/png) ──────────────────────────────────────────────────────────
    ../../../../var/folders/f0/7ryz8txs2bq0hnjzmzz34wr80000gn/T/website-playwright-test-results/project-routes-project-rou-5ff8e-s-hero-and-hydrates-cleanly-Mobile-Safari-retry1/test-failed-1.png
    ────────────────────────────────────────────────────────────────────────────────────────────────

    Error Context: ../../../../var/folders/f0/7ryz8txs2bq0hnjzmzz34wr80000gn/T/website-playwright-test-results/project-routes-project-rou-5ff8e-s-hero-and-hydrates-cleanly-Mobile-Safari-retry1/error-context.md

    attachment #3: trace (application/zip) ─────────────────────────────────────────────────────────
    ../../../../var/folders/f0/7ryz8txs2bq0hnjzmzz34wr80000gn/T/website-playwright-test-results/project-routes-project-rou-5ff8e-s-hero-and-hydrates-cleanly-Mobile-Safari-retry1/trace.zip
    Usage:

        npx playwright show-trace ../../../../var/folders/f0/7ryz8txs2bq0hnjzmzz34wr80000gn/T/website-playwright-test-results/project-routes-project-rou-5ff8e-s-hero-and-hydrates-cleanly-Mobile-Safari-retry1/trace.zip

    ────────────────────────────────────────────────────────────────────────────────────────────────


(node:54342) Warning: The 'NO_COLOR' env is ignored due to the 'FORCE_COLOR' env being set.
(Use `node --trace-warnings ...` to show where the warning was created)


[1390/1400] [Mobile Safari] › e2e/project-routes.spec.ts:41:11 › project routes in Asia/Tokyo › /travel renders its hero and hydrates cleanly
(node:54350) Warning: The 'NO_COLOR' env is ignored due to the 'FORCE_COLOR' env being set.
(Use `node --trace-warnings ...` to show where the warning was created)


[1391/1400] (retries) [Mobile Safari] › e2e/project-routes.spec.ts:41:11 › project routes in Asia/Tokyo › /museum-log renders its hero and hydrates cleanly (retry #1)
[1392/1400] [Mobile Safari] › e2e/project-routes.spec.ts:41:11 › project routes in Asia/Tokyo › /travel-deals renders its hero and hydrates cleanly
[1393/1400] [Mobile Safari] › e2e/project-routes.spec.ts:71:9 › designed routes › / hydrates cleanly
[1394/1400] [Mobile Safari] › e2e/project-routes.spec.ts:71:9 › designed routes › /portfolio hydrates cleanly
  59) [Mobile Safari] › e2e/project-routes.spec.ts:41:11 › project routes in Asia/Tokyo › /museum-log renders its hero and hydrates cleanly 

    Error: expect(received).toEqual(expected) // deep equality

    - Expected  - 1
    + Received  + 3

    - Array []
    + Array [
    +   "Minified React error #418; visit https://react.dev/errors/418?args[]=text&args[]= for the full message or use the non-minified dev environment for full errors and additional helpful warnings.",
    + ]

      55 |
      56 |         await page.waitForTimeout(500);
    > 57 |         expect(hydrationErrors).toEqual([]);
         |                                 ^
      58 |       });
      59 |     }
      60 |   });
        at /private/tmp/project-repo-audit/clean-install/e2e/project-routes.spec.ts:57:33

    attachment #1: screenshot (image/png) ──────────────────────────────────────────────────────────
    ../../../../var/folders/f0/7ryz8txs2bq0hnjzmzz34wr80000gn/T/website-playwright-test-results/project-routes-project-rou-1e383-s-hero-and-hydrates-cleanly-Mobile-Safari/test-failed-1.png
    ────────────────────────────────────────────────────────────────────────────────────────────────

    Error Context: ../../../../var/folders/f0/7ryz8txs2bq0hnjzmzz34wr80000gn/T/website-playwright-test-results/project-routes-project-rou-1e383-s-hero-and-hydrates-cleanly-Mobile-Safari/error-context.md

    Retry #1 ───────────────────────────────────────────────────────────────────────────────────────

    Error: expect(received).toEqual(expected) // deep equality

    - Expected  - 1
    + Received  + 3

    - Array []
    + Array [
    +   "Minified React error #418; visit https://react.dev/errors/418?args[]=text&args[]= for the full message or use the non-minified dev environment for full errors and additional helpful warnings.",
    + ]

      55 |
      56 |         await page.waitForTimeout(500);
    > 57 |         expect(hydrationErrors).toEqual([]);
         |                                 ^
      58 |       });
      59 |     }
      60 |   });
        at /private/tmp/project-repo-audit/clean-install/e2e/project-routes.spec.ts:57:33

    attachment #1: screenshot (image/png) ──────────────────────────────────────────────────────────
    ../../../../var/folders/f0/7ryz8txs2bq0hnjzmzz34wr80000gn/T/website-playwright-test-results/project-routes-project-rou-1e383-s-hero-and-hydrates-cleanly-Mobile-Safari-retry1/test-failed-1.png
    ────────────────────────────────────────────────────────────────────────────────────────────────

    Error Context: ../../../../var/folders/f0/7ryz8txs2bq0hnjzmzz34wr80000gn/T/website-playwright-test-results/project-routes-project-rou-1e383-s-hero-and-hydrates-cleanly-Mobile-Safari-retry1/error-context.md

    attachment #3: trace (application/zip) ─────────────────────────────────────────────────────────
    ../../../../var/folders/f0/7ryz8txs2bq0hnjzmzz34wr80000gn/T/website-playwright-test-results/project-routes-project-rou-1e383-s-hero-and-hydrates-cleanly-Mobile-Safari-retry1/trace.zip
    Usage:

        npx playwright show-trace ../../../../var/folders/f0/7ryz8txs2bq0hnjzmzz34wr80000gn/T/website-playwright-test-results/project-routes-project-rou-1e383-s-hero-and-hydrates-cleanly-Mobile-Safari-retry1/trace.zip

    ────────────────────────────────────────────────────────────────────────────────────────────────


(node:54370) Warning: The 'NO_COLOR' env is ignored due to the 'FORCE_COLOR' env being set.
(Use `node --trace-warnings ...` to show where the warning was created)


[1395/1400] [Mobile Safari] › e2e/project-routes.spec.ts:71:9 › designed routes › /dashboards hydrates cleanly
[1396/1400] [Mobile Safari] › e2e/project-routes.spec.ts:71:9 › designed routes › /writing hydrates cleanly
[1397/1400] [Mobile Safari] › e2e/project-routes.spec.ts:71:9 › designed routes › /about hydrates cleanly
[1398/1400] [Mobile Safari] › e2e/project-routes.spec.ts:71:9 › designed routes › /resume hydrates cleanly
[1399/1400] [Mobile Safari] › e2e/project-routes.spec.ts:71:9 › designed routes › /contact hydrates cleanly
[1400/1400] [Mobile Safari] › e2e/project-routes.spec.ts:97:9 › project route layout › /earthquake-pulse lines up with the header at 390, 1440, and 1920
[1401/1400] [Mobile Safari] › e2e/project-routes.spec.ts:97:9 › project route layout › /news-pulse lines up with the header at 390, 1440, and 1920
[1402/1400] [Mobile Safari] › e2e/project-routes.spec.ts:97:9 › project route layout › /github-trending-pulse lines up with the header at 390, 1440, and 1920
[1403/1400] [Mobile Safari] › e2e/project-routes.spec.ts:97:9 › project route layout › /frontier-models lines up with the header at 390, 1440, and 1920
[1404/1400] [Mobile Safari] › e2e/project-routes.spec.ts:97:9 › project route layout › /ai-dev-tools lines up with the header at 390, 1440, and 1920
[1405/1400] [Mobile Safari] › e2e/project-routes.spec.ts:97:9 › project route layout › /tech-startup-tracker lines up with the header at 390, 1440, and 1920
[1406/1400] [Mobile Safari] › e2e/project-routes.spec.ts:97:9 › project route layout › /polling-aggregator lines up with the header at 390, 1440, and 1920
[1407/1400] [Mobile Safari] › e2e/project-routes.spec.ts:97:9 › project route layout › /bay-area-transit lines up with the header at 390, 1440, and 1920
[1408/1400] [Mobile Safari] › e2e/project-routes.spec.ts:97:9 › project route layout › /spacex-mission-control lines up with the header at 390, 1440, and 1920
[1409/1400] [Mobile Safari] › e2e/project-routes.spec.ts:97:9 › project route layout › /wine-cellar lines up with the header at 390, 1440, and 1920
[1410/1400] [Mobile Safari] › e2e/project-routes.spec.ts:97:9 › project route layout › /museum-log lines up with the header at 390, 1440, and 1920
[1411/1400] [Mobile Safari] › e2e/project-routes.spec.ts:97:9 › project route layout › /recipe-finder lines up with the header at 390, 1440, and 1920
[1412/1400] [Mobile Safari] › e2e/project-routes.spec.ts:97:9 › project route layout › /travel lines up with the header at 390, 1440, and 1920
[1413/1400] [Mobile Safari] › e2e/project-routes.spec.ts:97:9 › project route layout › /travel-deals lines up with the header at 390, 1440, and 1920
[1414/1400] [Mobile Safari] › e2e/project-routes.spec.ts:97:9 › project route layout › /food-map lines up with the header at 390, 1440, and 1920
[1415/1400] [Mobile Safari] › e2e/project-routes.spec.ts:97:9 › project route layout › /premier-league lines up with the header at 390, 1440, and 1920
[1416/1400] [Mobile Safari] › e2e/project-routes.spec.ts:97:9 › project route layout › /la-liga lines up with the header at 390, 1440, and 1920
[1417/1400] [Mobile Safari] › e2e/project-routes.spec.ts:97:9 › project route layout › /mlb lines up with the header at 390, 1440, and 1920
[1418/1400] [Mobile Safari] › e2e/project-routes.spec.ts:97:9 › project route layout › /nba lines up with the header at 390, 1440, and 1920
[1419/1400] [Mobile Safari] › e2e/project-routes.spec.ts:97:9 › project route layout › /nfl lines up with the header at 390, 1440, and 1920
[1420/1400] [Mobile Safari] › e2e/project-routes.spec.ts:97:9 › project route layout › /world-cup-2026 lines up with the header at 390, 1440, and 1920
[1421/1400] [Mobile Safari] › e2e/project-routes.spec.ts:97:9 › project route layout › /golf lines up with the header at 390, 1440, and 1920
[1422/1400] [Mobile Safari] › e2e/project-routes.spec.ts:97:9 › project route layout › /formula-1 lines up with the header at 390, 1440, and 1920
[1423/1400] [Mobile Safari] › e2e/project-routes.spec.ts:97:9 › project route layout › /fantasy-formula-1 lines up with the header at 390, 1440, and 1920
[1424/1400] [Mobile Safari] › e2e/project-routes.spec.ts:97:9 › project route layout › /march-madness-2026 lines up with the header at 390, 1440, and 1920
[1425/1400] [Mobile Safari] › e2e/project-routes.spec.ts:97:9 › project route layout › /fintech-tools/budget-planner lines up with the header at 390, 1440, and 1920
[1426/1400] [Mobile Safari] › e2e/project-routes.spec.ts:97:9 › project route layout › /fintech-tools/interchange-iq lines up with the header at 390, 1440, and 1920
[1427/1400] [Mobile Safari] › e2e/project-routes.spec.ts:97:9 › project route layout › /fintech-tools/rent-vs-buy lines up with the header at 390, 1440, and 1920
[1428/1400] [Mobile Safari] › e2e/project-routes.spec.ts:97:9 › project route layout › /investments lines up with the header at 390, 1440, and 1920
[1429/1400] [Mobile Safari] › e2e/project-routes.spec.ts:97:9 › project route layout › /decision-lab lines up with the header at 390, 1440, and 1920
[1430/1400] [Mobile Safari] › e2e/project-routes.spec.ts:97:9 › project route layout › /enablement-assistant lines up with the header at 390, 1440, and 1920
[1431/1400] [Mobile Safari] › e2e/project-routes.spec.ts:97:9 › project route layout › /mba-internship-notifications lines up with the header at 390, 1440, and 1920
[1432/1400] [Mobile Safari] › e2e/project-routes.spec.ts:97:9 › project route layout › /fantasy-football lines up with the header at 390, 1440, and 1920
[1433/1400] [Mobile Safari] › e2e/project-routes.spec.ts:97:9 › project route layout › /fantasy-football/draft-tracker lines up with the header at 390, 1440, and 1920
[1434/1400] [Mobile Safari] › e2e/project-routes.spec.ts:97:9 › project route layout › /fantasy-football/best-ball lines up with the header at 390, 1440, and 1920
[1435/1400] [Mobile Safari] › e2e/project-routes.spec.ts:97:9 › project route layout › /fantasy-football/best-ball/draft-tracker lines up with the header at 390, 1440, and 1920
[1436/1400] [Mobile Safari] › e2e/project-routes.spec.ts:97:9 › project route layout › /fantasy-football/mock-draft lines up with the header at 390, 1440, and 1920
[1437/1400] [Mobile Safari] › e2e/project-routes.spec.ts:97:9 › project route layout › /fantasy-football/trade-calculator lines up with the header at 390, 1440, and 1920
[1438/1400] [Mobile Safari] › e2e/project-routes.spec.ts:97:9 › project route layout › /fantasy-football/weekly lines up with the header at 390, 1440, and 1920
[1439/1400] [Mobile Safari] › e2e/project-routes.spec.ts:97:9 › project route layout › /fantasy-football/waivers lines up with the header at 390, 1440, and 1920
[1440/1400] [Mobile Safari] › e2e/project-routes.spec.ts:97:9 › project route layout › /score-pools lines up with the header at 390, 1440, and 1920
[1441/1400] [Mobile Safari] › e2e/project-routes.spec.ts:97:9 › project route layout › /writing/topics/sports-fantasy lines up with the header at 390, 1440, and 1920
[1442/1400] [Mobile Safari] › e2e/project-routes.spec.ts:97:9 › project route layout › /writing/complete-guide-qa-engineering lines up with the header at 390, 1440, and 1920
[1443/1400] [Mobile Safari] › e2e/resume.spec.ts:4:7 › Resume › renders the résumé and exposes a working PDF download
[1444/1400] [Mobile Safari] › e2e/resume.spec.ts:22:7 › Resume › starts the contact link on its column when the page prints
[1445/1400] [Mobile Safari] › e2e/search.spec.ts:4:7 › Search › hydrates deep-linked search state and clears back to the canonical URL
[1446/1400] [Mobile Safari] › e2e/writing.spec.ts:4:7 › Writing / Blog › /blog redirects to /writing
[1447/1400] [Mobile Safari] › e2e/writing.spec.ts:9:7 › Writing / Blog › /writing page loads without error
[1448/1400] [Mobile Safari] › e2e/writing.spec.ts:14:7 › Writing / Blog › /writing page has a visible heading
[1449/1400] [Mobile Safari] › e2e/writing.spec.ts:21:7 › Writing / Blog › /writing page has a meaningful title
[1450/1400] [Mobile Safari] › e2e/writing.spec.ts:29:7 › Dark mode toggle › theme toggle button exists on homepage
[1451/1400] [Mobile Safari] › e2e/writing.spec.ts:45:7 › Dark mode toggle › dark class can be toggled on the html element
[1452/1400] [Mobile Safari] › e2e/writing.spec.ts:67:7 › Search page › /search page loads without error and preserves a seeded query
[1453/1400] [Mobile Safari] › e2e/writing.spec.ts:77:7 › Search page › /search page has a visible input
[1454/1400] [Mobile Safari] › e2e/writing.spec.ts:92:7 › Static pages › /resume page loads without error
[1455/1400] [Mobile Safari] › e2e/writing.spec.ts:97:7 › Static pages › /contact page loads without error
[1456/1400] [Mobile Safari] › e2e/writing.spec.ts:102:7 › Static pages › /accessibility page loads without error
[1457/1400] [Mobile Safari] › e2e/writing.spec.ts:107:7 › Static pages › /about page has a visible h1
[1458/1400] [Mobile Safari] › e2e/writing.spec.ts:115:7 › Legacy URL redirects › /cv redirects to /resume
[1459/1400] [Mobile Safari] › e2e/writing.spec.ts:120:7 › Legacy URL redirects › /work redirects to /portfolio
  59 failed
    [chromium] › e2e/navigation.spec.ts:11:7 › Navigation › should navigate through the Catalog 97 header destinations 
    [webkit] › e2e/fantasy-trade-calculator.spec.ts:58:7 › Fantasy football trade calculator › keeps the task readable and operable on a narrow screen 
    [webkit] › e2e/project-routes.spec.ts:41:11 › project routes in America/Los_Angeles › /news-pulse renders its hero and hydrates cleanly 
    [webkit] › e2e/project-routes.spec.ts:41:11 › project routes in America/Los_Angeles › /la-liga renders its hero and hydrates cleanly 
    [webkit] › e2e/project-routes.spec.ts:41:11 › project routes in America/Los_Angeles › /mba-internship-notifications renders its hero and hydrates cleanly 
    [webkit] › e2e/project-routes.spec.ts:41:11 › project routes in America/Los_Angeles › /spacex-mission-control renders its hero and hydrates cleanly 
    [webkit] › e2e/project-routes.spec.ts:41:11 › project routes in America/Los_Angeles › /premier-league renders its hero and hydrates cleanly 
    [webkit] › e2e/project-routes.spec.ts:41:11 › project routes in America/Los_Angeles › /github-trending-pulse renders its hero and hydrates cleanly 
    [webkit] › e2e/project-routes.spec.ts:41:11 › project routes in America/Los_Angeles › /formula-1 renders its hero and hydrates cleanly 
    [webkit] › e2e/project-routes.spec.ts:41:11 › project routes in America/Los_Angeles › /fantasy-formula-1 renders its hero and hydrates cleanly 
    [webkit] › e2e/project-routes.spec.ts:41:11 › project routes in America/Los_Angeles › /golf renders its hero and hydrates cleanly 
    [webkit] › e2e/project-routes.spec.ts:41:11 › project routes in America/Los_Angeles › /earthquake-pulse renders its hero and hydrates cleanly 
    [webkit] › e2e/project-routes.spec.ts:41:11 › project routes in America/Los_Angeles › /bay-area-transit renders its hero and hydrates cleanly 
    [webkit] › e2e/project-routes.spec.ts:41:11 › project routes in America/Los_Angeles › /mlb renders its hero and hydrates cleanly 
    [webkit] › e2e/project-routes.spec.ts:41:11 › project routes in America/Los_Angeles › /nfl renders its hero and hydrates cleanly 
    [webkit] › e2e/project-routes.spec.ts:41:11 › project routes in America/Los_Angeles › /museum-log renders its hero and hydrates cleanly 
    [webkit] › e2e/project-routes.spec.ts:41:11 › project routes in Asia/Tokyo › /news-pulse renders its hero and hydrates cleanly 
    [webkit] › e2e/project-routes.spec.ts:41:11 › project routes in Asia/Tokyo › /la-liga renders its hero and hydrates cleanly 
    [webkit] › e2e/project-routes.spec.ts:41:11 › project routes in Asia/Tokyo › /mba-internship-notifications renders its hero and hydrates cleanly 
    [webkit] › e2e/project-routes.spec.ts:41:11 › project routes in Asia/Tokyo › /spacex-mission-control renders its hero and hydrates cleanly 
    [webkit] › e2e/project-routes.spec.ts:41:11 › project routes in Asia/Tokyo › /premier-league renders its hero and hydrates cleanly 
    [webkit] › e2e/project-routes.spec.ts:41:11 › project routes in Asia/Tokyo › /github-trending-pulse renders its hero and hydrates cleanly 
    [webkit] › e2e/project-routes.spec.ts:41:11 › project routes in Asia/Tokyo › /formula-1 renders its hero and hydrates cleanly 
    [webkit] › e2e/project-routes.spec.ts:41:11 › project routes in Asia/Tokyo › /fantasy-formula-1 renders its hero and hydrates cleanly 
    [webkit] › e2e/project-routes.spec.ts:41:11 › project routes in Asia/Tokyo › /golf renders its hero and hydrates cleanly 
    [webkit] › e2e/project-routes.spec.ts:41:11 › project routes in Asia/Tokyo › /earthquake-pulse renders its hero and hydrates cleanly 
    [webkit] › e2e/project-routes.spec.ts:41:11 › project routes in Asia/Tokyo › /bay-area-transit renders its hero and hydrates cleanly 
    [webkit] › e2e/project-routes.spec.ts:41:11 › project routes in Asia/Tokyo › /mlb renders its hero and hydrates cleanly 
    [webkit] › e2e/project-routes.spec.ts:41:11 › project routes in Asia/Tokyo › /nfl renders its hero and hydrates cleanly 
    [webkit] › e2e/project-routes.spec.ts:41:11 › project routes in Asia/Tokyo › /museum-log renders its hero and hydrates cleanly 
    [Mobile Safari] › e2e/fantasy-trade-calculator.spec.ts:58:7 › Fantasy football trade calculator › keeps the task readable and operable on a narrow screen 
    [Mobile Safari] › e2e/project-routes.spec.ts:41:11 › project routes in America/Los_Angeles › /news-pulse renders its hero and hydrates cleanly 
    [Mobile Safari] › e2e/project-routes.spec.ts:41:11 › project routes in America/Los_Angeles › /la-liga renders its hero and hydrates cleanly 
    [Mobile Safari] › e2e/project-routes.spec.ts:41:11 › project routes in America/Los_Angeles › /mba-internship-notifications renders its hero and hydrates cleanly 
    [Mobile Safari] › e2e/project-routes.spec.ts:41:11 › project routes in America/Los_Angeles › /spacex-mission-control renders its hero and hydrates cleanly 
    [Mobile Safari] › e2e/project-routes.spec.ts:41:11 › project routes in America/Los_Angeles › /premier-league renders its hero and hydrates cleanly 
    [Mobile Safari] › e2e/project-routes.spec.ts:41:11 › project routes in America/Los_Angeles › /github-trending-pulse renders its hero and hydrates cleanly 
    [Mobile Safari] › e2e/project-routes.spec.ts:41:11 › project routes in America/Los_Angeles › /formula-1 renders its hero and hydrates cleanly 
    [Mobile Safari] › e2e/project-routes.spec.ts:41:11 › project routes in America/Los_Angeles › /fantasy-formula-1 renders its hero and hydrates cleanly 
    [Mobile Safari] › e2e/project-routes.spec.ts:41:11 › project routes in America/Los_Angeles › /golf renders its hero and hydrates cleanly 
    [Mobile Safari] › e2e/project-routes.spec.ts:41:11 › project routes in America/Los_Angeles › /earthquake-pulse renders its hero and hydrates cleanly 
    [Mobile Safari] › e2e/project-routes.spec.ts:41:11 › project routes in America/Los_Angeles › /bay-area-transit renders its hero and hydrates cleanly 
    [Mobile Safari] › e2e/project-routes.spec.ts:41:11 › project routes in America/Los_Angeles › /mlb renders its hero and hydrates cleanly 
    [Mobile Safari] › e2e/project-routes.spec.ts:41:11 › project routes in America/Los_Angeles › /nfl renders its hero and hydrates cleanly 
    [Mobile Safari] › e2e/project-routes.spec.ts:41:11 › project routes in America/Los_Angeles › /museum-log renders its hero and hydrates cleanly 
    [Mobile Safari] › e2e/project-routes.spec.ts:41:11 › project routes in Asia/Tokyo › /news-pulse renders its hero and hydrates cleanly 
    [Mobile Safari] › e2e/project-routes.spec.ts:41:11 › project routes in Asia/Tokyo › /la-liga renders its hero and hydrates cleanly 
    [Mobile Safari] › e2e/project-routes.spec.ts:41:11 › project routes in Asia/Tokyo › /mba-internship-notifications renders its hero and hydrates cleanly 
    [Mobile Safari] › e2e/project-routes.spec.ts:41:11 › project routes in Asia/Tokyo › /spacex-mission-control renders its hero and hydrates cleanly 
    [Mobile Safari] › e2e/project-routes.spec.ts:41:11 › project routes in Asia/Tokyo › /premier-league renders its hero and hydrates cleanly 
    [Mobile Safari] › e2e/project-routes.spec.ts:41:11 › project routes in Asia/Tokyo › /github-trending-pulse renders its hero and hydrates cleanly 
    [Mobile Safari] › e2e/project-routes.spec.ts:41:11 › project routes in Asia/Tokyo › /formula-1 renders its hero and hydrates cleanly 
    [Mobile Safari] › e2e/project-routes.spec.ts:41:11 › project routes in Asia/Tokyo › /fantasy-formula-1 renders its hero and hydrates cleanly 
    [Mobile Safari] › e2e/project-routes.spec.ts:41:11 › project routes in Asia/Tokyo › /golf renders its hero and hydrates cleanly 
    [Mobile Safari] › e2e/project-routes.spec.ts:41:11 › project routes in Asia/Tokyo › /earthquake-pulse renders its hero and hydrates cleanly 
    [Mobile Safari] › e2e/project-routes.spec.ts:41:11 › project routes in Asia/Tokyo › /bay-area-transit renders its hero and hydrates cleanly 
    [Mobile Safari] › e2e/project-routes.spec.ts:41:11 › project routes in Asia/Tokyo › /mlb renders its hero and hydrates cleanly 
    [Mobile Safari] › e2e/project-routes.spec.ts:41:11 › project routes in Asia/Tokyo › /nfl renders its hero and hydrates cleanly 
    [Mobile Safari] › e2e/project-routes.spec.ts:41:11 › project routes in Asia/Tokyo › /museum-log renders its hero and hydrates cleanly 
  168 skipped
  1173 passed (6.5m)
